ISO-10303-21;
HEADER;
FILE_DESCRIPTION(('Open CASCADE Model'),'2;1');
FILE_NAME('Open CASCADE Shape Model','2026-04-17T13:02:50',('Author'),(
    'Open CASCADE'),'Open CASCADE STEP processor 7.9','build123d',
  'Unknown');
FILE_SCHEMA(('AUTOMOTIVE_DESIGN { 1 0 10303 214 1 1 1 1 }'));
ENDSEC;
DATA;
#1 = APPLICATION_PROTOCOL_DEFINITION('international standard',
  'automotive_design',2000,#2);
#2 = APPLICATION_CONTEXT(
  'core data for automotive mechanical design processes');
#3 = SHAPE_DEFINITION_REPRESENTATION(#4,#10);
#4 = PRODUCT_DEFINITION_SHAPE('','',#5);
#5 = PRODUCT_DEFINITION('design','',#6,#9);
#6 = PRODUCT_DEFINITION_FORMATION('','',#7);
#7 = PRODUCT('COMPOUND','COMPOUND','',(#8));
#8 = PRODUCT_CONTEXT('',#2,'mechanical');
#9 = PRODUCT_DEFINITION_CONTEXT('part definition',#2,'design');
#10 = ADVANCED_BREP_SHAPE_REPRESENTATION('',(#11,#15),#3933);
#11 = AXIS2_PLACEMENT_3D('',#12,#13,#14);
#12 = CARTESIAN_POINT('',(0.,0.,0.));
#13 = DIRECTION('',(0.,0.,1.));
#14 = DIRECTION('',(1.,0.,-0.));
#15 = MANIFOLD_SOLID_BREP('',#16);
#16 = CLOSED_SHELL('',(#17,#137,#1523,#1577,#1627,#2738,#2765,#2792,
    #2819,#2846,#2873,#2900,#2927,#2954,#2961,#2988,#3015,#3042,#3069,
    #3116,#3143,#3170,#3197,#3224,#3251,#3278,#3305,#3332,#3359,#3386,
    #3413,#3440,#3467,#3494,#3501,#3548,#3575,#3602,#3629,#3656,#3683,
    #3710,#3737,#3764,#3791,#3818,#3845,#3872,#3899,#3926));
#17 = ADVANCED_FACE('',(#18),#32,.F.);
#18 = FACE_BOUND('',#19,.F.);
#19 = EDGE_LOOP('',(#20,#55,#83,#111));
#20 = ORIENTED_EDGE('',*,*,#21,.F.);
#21 = EDGE_CURVE('',#22,#24,#26,.T.);
#22 = VERTEX_POINT('',#23);
#23 = CARTESIAN_POINT('',(1.110223024625E-16,-99.,0.));
#24 = VERTEX_POINT('',#25);
#25 = CARTESIAN_POINT('',(1.110223024625E-16,-0.5,0.));
#26 = SURFACE_CURVE('',#27,(#31,#43),.PCURVE_S1.);
#27 = LINE('',#28,#29);
#28 = CARTESIAN_POINT('',(0.,-99.5,0.));
#29 = VECTOR('',#30,1.);
#30 = DIRECTION('',(0.,1.,0.));
#31 = PCURVE('',#32,#37);
#32 = PLANE('',#33);
#33 = AXIS2_PLACEMENT_3D('',#34,#35,#36);
#34 = CARTESIAN_POINT('',(0.,-99.5,0.));
#35 = DIRECTION('',(-1.,0.,0.));
#36 = DIRECTION('',(0.,1.,0.));
#37 = DEFINITIONAL_REPRESENTATION('',(#38),#42);
#38 = LINE('',#39,#40);
#39 = CARTESIAN_POINT('',(0.,0.));
#40 = VECTOR('',#41,1.);
#41 = DIRECTION('',(1.,0.));
#42 = ( GEOMETRIC_REPRESENTATION_CONTEXT(2) 
PARAMETRIC_REPRESENTATION_CONTEXT() REPRESENTATION_CONTEXT('2D SPACE',''
  ) );
#43 = PCURVE('',#44,#49);
#44 = PLANE('',#45);
#45 = AXIS2_PLACEMENT_3D('',#46,#47,#48);
#46 = CARTESIAN_POINT('',(-60.7415730337,-48.9915730337,0.));
#47 = DIRECTION('',(0.,0.,1.));
#48 = DIRECTION('',(1.,0.,0.));
#49 = DEFINITIONAL_REPRESENTATION('',(#50),#54);
#50 = LINE('',#51,#52);
#51 = CARTESIAN_POINT('',(60.741573033708,-50.50842696629));
#52 = VECTOR('',#53,1.);
#53 = DIRECTION('',(0.,1.));
#54 = ( GEOMETRIC_REPRESENTATION_CONTEXT(2) 
PARAMETRIC_REPRESENTATION_CONTEXT() REPRESENTATION_CONTEXT('2D SPACE',''
  ) );
#55 = ORIENTED_EDGE('',*,*,#56,.T.);
#56 = EDGE_CURVE('',#22,#57,#59,.T.);
#57 = VERTEX_POINT('',#58);
#58 = CARTESIAN_POINT('',(1.110223024625E-16,-99.,0.74));
#59 = SURFACE_CURVE('',#60,(#64,#71),.PCURVE_S1.);
#60 = LINE('',#61,#62);
#61 = CARTESIAN_POINT('',(1.110223024625E-16,-99.,0.));
#62 = VECTOR('',#63,1.);
#63 = DIRECTION('',(0.,0.,1.));
#64 = PCURVE('',#32,#65);
#65 = DEFINITIONAL_REPRESENTATION('',(#66),#70);
#66 = LINE('',#67,#68);
#67 = CARTESIAN_POINT('',(0.5,0.));
#68 = VECTOR('',#69,1.);
#69 = DIRECTION('',(0.,-1.));
#70 = ( GEOMETRIC_REPRESENTATION_CONTEXT(2) 
PARAMETRIC_REPRESENTATION_CONTEXT() REPRESENTATION_CONTEXT('2D SPACE',''
  ) );
#71 = PCURVE('',#72,#77);
#72 = CYLINDRICAL_SURFACE('',#73,0.5);
#73 = AXIS2_PLACEMENT_3D('',#74,#75,#76);
#74 = CARTESIAN_POINT('',(-0.5,-99.,0.));
#75 = DIRECTION('',(0.,0.,1.));
#76 = DIRECTION('',(1.,0.,-0.));
#77 = DEFINITIONAL_REPRESENTATION('',(#78),#82);
#78 = LINE('',#79,#80);
#79 = CARTESIAN_POINT('',(-0.,0.));
#80 = VECTOR('',#81,1.);
#81 = DIRECTION('',(-0.,1.));
#82 = ( GEOMETRIC_REPRESENTATION_CONTEXT(2) 
PARAMETRIC_REPRESENTATION_CONTEXT() REPRESENTATION_CONTEXT('2D SPACE',''
  ) );
#83 = ORIENTED_EDGE('',*,*,#84,.T.);
#84 = EDGE_CURVE('',#57,#85,#87,.T.);
#85 = VERTEX_POINT('',#86);
#86 = CARTESIAN_POINT('',(1.110223024625E-16,-0.5,0.74));
#87 = SURFACE_CURVE('',#88,(#92,#99),.PCURVE_S1.);
#88 = LINE('',#89,#90);
#89 = CARTESIAN_POINT('',(0.,-99.5,0.74));
#90 = VECTOR('',#91,1.);
#91 = DIRECTION('',(0.,1.,0.));
#92 = PCURVE('',#32,#93);
#93 = DEFINITIONAL_REPRESENTATION('',(#94),#98);
#94 = LINE('',#95,#96);
#95 = CARTESIAN_POINT('',(0.,-0.74));
#96 = VECTOR('',#97,1.);
#97 = DIRECTION('',(1.,0.));
#98 = ( GEOMETRIC_REPRESENTATION_CONTEXT(2) 
PARAMETRIC_REPRESENTATION_CONTEXT() REPRESENTATION_CONTEXT('2D SPACE',''
  ) );
#99 = PCURVE('',#100,#105);
#100 = PLANE('',#101);
#101 = AXIS2_PLACEMENT_3D('',#102,#103,#104);
#102 = CARTESIAN_POINT('',(-60.7415730337,-48.9915730337,0.74));
#103 = DIRECTION('',(0.,0.,1.));
#104 = DIRECTION('',(1.,0.,0.));
#105 = DEFINITIONAL_REPRESENTATION('',(#106),#110);
#106 = LINE('',#107,#108);
#107 = CARTESIAN_POINT('',(60.741573033708,-50.50842696629));
#108 = VECTOR('',#109,1.);
#109 = DIRECTION('',(0.,1.));
#110 = ( GEOMETRIC_REPRESENTATION_CONTEXT(2) 
PARAMETRIC_REPRESENTATION_CONTEXT() REPRESENTATION_CONTEXT('2D SPACE',''
  ) );
#111 = ORIENTED_EDGE('',*,*,#112,.F.);
#112 = EDGE_CURVE('',#24,#85,#113,.T.);
#113 = SURFACE_CURVE('',#114,(#118,#125),.PCURVE_S1.);
#114 = LINE('',#115,#116);
#115 = CARTESIAN_POINT('',(1.110223024625E-16,-0.5,0.));
#116 = VECTOR('',#117,1.);
#117 = DIRECTION('',(0.,0.,1.));
#118 = PCURVE('',#32,#119);
#119 = DEFINITIONAL_REPRESENTATION('',(#120),#124);
#120 = LINE('',#121,#122);
#121 = CARTESIAN_POINT('',(99.,0.));
#122 = VECTOR('',#123,1.);
#123 = DIRECTION('',(0.,-1.));
#124 = ( GEOMETRIC_REPRESENTATION_CONTEXT(2) 
PARAMETRIC_REPRESENTATION_CONTEXT() REPRESENTATION_CONTEXT('2D SPACE',''
  ) );
#125 = PCURVE('',#126,#131);
#126 = CYLINDRICAL_SURFACE('',#127,0.5);
#127 = AXIS2_PLACEMENT_3D('',#128,#129,#130);
#128 = CARTESIAN_POINT('',(-0.5,-0.5,0.));
#129 = DIRECTION('',(0.,0.,1.));
#130 = DIRECTION('',(1.,0.,-0.));
#131 = DEFINITIONAL_REPRESENTATION('',(#132),#136);
#132 = LINE('',#133,#134);
#133 = CARTESIAN_POINT('',(0.,0.));
#134 = VECTOR('',#135,1.);
#135 = DIRECTION('',(0.,1.));
#136 = ( GEOMETRIC_REPRESENTATION_CONTEXT(2) 
PARAMETRIC_REPRESENTATION_CONTEXT() REPRESENTATION_CONTEXT('2D SPACE',''
  ) );
#137 = ADVANCED_FACE('',(#138,#451,#482,#513,#544,#575,#1057),#44,.F.);
#138 = FACE_BOUND('',#139,.F.);
#139 = EDGE_LOOP('',(#140,#141,#165,#193,#222,#250,#279,#307,#336,#364,
    #397,#425));
#140 = ORIENTED_EDGE('',*,*,#21,.T.);
#141 = ORIENTED_EDGE('',*,*,#142,.T.);
#142 = EDGE_CURVE('',#24,#143,#145,.T.);
#143 = VERTEX_POINT('',#144);
#144 = CARTESIAN_POINT('',(-0.5,1.110223024625E-16,0.));
#145 = SURFACE_CURVE('',#146,(#151,#158),.PCURVE_S1.);
#146 = CIRCLE('',#147,0.5);
#147 = AXIS2_PLACEMENT_3D('',#148,#149,#150);
#148 = CARTESIAN_POINT('',(-0.5,-0.5,0.));
#149 = DIRECTION('',(0.,0.,1.));
#150 = DIRECTION('',(0.,-1.,0.));
#151 = PCURVE('',#44,#152);
#152 = DEFINITIONAL_REPRESENTATION('',(#153),#157);
#153 = CIRCLE('',#154,0.5);
#154 = AXIS2_PLACEMENT_2D('',#155,#156);
#155 = CARTESIAN_POINT('',(60.241573033708,48.491573033708));
#156 = DIRECTION('',(0.,-1.));
#157 = ( GEOMETRIC_REPRESENTATION_CONTEXT(2) 
PARAMETRIC_REPRESENTATION_CONTEXT() REPRESENTATION_CONTEXT('2D SPACE',''
  ) );
#158 = PCURVE('',#126,#159);
#159 = DEFINITIONAL_REPRESENTATION('',(#160),#164);
#160 = LINE('',#161,#162);
#161 = CARTESIAN_POINT('',(-1.570796326795,0.));
#162 = VECTOR('',#163,1.);
#163 = DIRECTION('',(1.,0.));
#164 = ( GEOMETRIC_REPRESENTATION_CONTEXT(2) 
PARAMETRIC_REPRESENTATION_CONTEXT() REPRESENTATION_CONTEXT('2D SPACE',''
  ) );
#165 = ORIENTED_EDGE('',*,*,#166,.T.);
#166 = EDGE_CURVE('',#143,#167,#169,.T.);
#167 = VERTEX_POINT('',#168);
#168 = CARTESIAN_POINT('',(-122.5,1.110223024625E-16,0.));
#169 = SURFACE_CURVE('',#170,(#174,#181),.PCURVE_S1.);
#170 = LINE('',#171,#172);
#171 = CARTESIAN_POINT('',(0.,0.,0.));
#172 = VECTOR('',#173,1.);
#173 = DIRECTION('',(-1.,0.,0.));
#174 = PCURVE('',#44,#175);
#175 = DEFINITIONAL_REPRESENTATION('',(#176),#180);
#176 = LINE('',#177,#178);
#177 = CARTESIAN_POINT('',(60.741573033708,48.991573033708));
#178 = VECTOR('',#179,1.);
#179 = DIRECTION('',(-1.,0.));
#180 = ( GEOMETRIC_REPRESENTATION_CONTEXT(2) 
PARAMETRIC_REPRESENTATION_CONTEXT() REPRESENTATION_CONTEXT('2D SPACE',''
  ) );
#181 = PCURVE('',#182,#187);
#182 = PLANE('',#183);
#183 = AXIS2_PLACEMENT_3D('',#184,#185,#186);
#184 = CARTESIAN_POINT('',(0.,0.,0.));
#185 = DIRECTION('',(0.,-1.,0.));
#186 = DIRECTION('',(-1.,0.,0.));
#187 = DEFINITIONAL_REPRESENTATION('',(#188),#192);
#188 = LINE('',#189,#190);
#189 = CARTESIAN_POINT('',(0.,-0.));
#190 = VECTOR('',#191,1.);
#191 = DIRECTION('',(1.,0.));
#192 = ( GEOMETRIC_REPRESENTATION_CONTEXT(2) 
PARAMETRIC_REPRESENTATION_CONTEXT() REPRESENTATION_CONTEXT('2D SPACE',''
  ) );
#193 = ORIENTED_EDGE('',*,*,#194,.T.);
#194 = EDGE_CURVE('',#167,#195,#197,.T.);
#195 = VERTEX_POINT('',#196);
#196 = CARTESIAN_POINT('',(-123.,-0.5,0.));
#197 = SURFACE_CURVE('',#198,(#203,#210),.PCURVE_S1.);
#198 = CIRCLE('',#199,0.5);
#199 = AXIS2_PLACEMENT_3D('',#200,#201,#202);
#200 = CARTESIAN_POINT('',(-122.5,-0.5,0.));
#201 = DIRECTION('',(0.,0.,1.));
#202 = DIRECTION('',(0.,-1.,0.));
#203 = PCURVE('',#44,#204);
#204 = DEFINITIONAL_REPRESENTATION('',(#205),#209);
#205 = CIRCLE('',#206,0.5);
#206 = AXIS2_PLACEMENT_2D('',#207,#208);
#207 = CARTESIAN_POINT('',(-61.75842696629,48.491573033708));
#208 = DIRECTION('',(0.,-1.));
#209 = ( GEOMETRIC_REPRESENTATION_CONTEXT(2) 
PARAMETRIC_REPRESENTATION_CONTEXT() REPRESENTATION_CONTEXT('2D SPACE',''
  ) );
#210 = PCURVE('',#211,#216);
#211 = CYLINDRICAL_SURFACE('',#212,0.5);
#212 = AXIS2_PLACEMENT_3D('',#213,#214,#215);
#213 = CARTESIAN_POINT('',(-122.5,-0.5,0.));
#214 = DIRECTION('',(0.,0.,1.));
#215 = DIRECTION('',(-0.,1.,0.));
#216 = DEFINITIONAL_REPRESENTATION('',(#217),#221);
#217 = LINE('',#218,#219);
#218 = CARTESIAN_POINT('',(-3.14159265359,0.));
#219 = VECTOR('',#220,1.);
#220 = DIRECTION('',(1.,0.));
#221 = ( GEOMETRIC_REPRESENTATION_CONTEXT(2) 
PARAMETRIC_REPRESENTATION_CONTEXT() REPRESENTATION_CONTEXT('2D SPACE',''
  ) );
#222 = ORIENTED_EDGE('',*,*,#223,.T.);
#223 = EDGE_CURVE('',#195,#224,#226,.T.);
#224 = VERTEX_POINT('',#225);
#225 = CARTESIAN_POINT('',(-123.,-74.,0.));
#226 = SURFACE_CURVE('',#227,(#231,#238),.PCURVE_S1.);
#227 = LINE('',#228,#229);
#228 = CARTESIAN_POINT('',(-123.,0.,0.));
#229 = VECTOR('',#230,1.);
#230 = DIRECTION('',(0.,-1.,0.));
#231 = PCURVE('',#44,#232);
#232 = DEFINITIONAL_REPRESENTATION('',(#233),#237);
#233 = LINE('',#234,#235);
#234 = CARTESIAN_POINT('',(-62.25842696629,48.991573033708));
#235 = VECTOR('',#236,1.);
#236 = DIRECTION('',(0.,-1.));
#237 = ( GEOMETRIC_REPRESENTATION_CONTEXT(2) 
PARAMETRIC_REPRESENTATION_CONTEXT() REPRESENTATION_CONTEXT('2D SPACE',''
  ) );
#238 = PCURVE('',#239,#244);
#239 = PLANE('',#240);
#240 = AXIS2_PLACEMENT_3D('',#241,#242,#243);
#241 = CARTESIAN_POINT('',(-123.,0.,0.));
#242 = DIRECTION('',(1.,0.,-0.));
#243 = DIRECTION('',(0.,-1.,0.));
#244 = DEFINITIONAL_REPRESENTATION('',(#245),#249);
#245 = LINE('',#246,#247);
#246 = CARTESIAN_POINT('',(0.,0.));
#247 = VECTOR('',#248,1.);
#248 = DIRECTION('',(1.,0.));
#249 = ( GEOMETRIC_REPRESENTATION_CONTEXT(2) 
PARAMETRIC_REPRESENTATION_CONTEXT() REPRESENTATION_CONTEXT('2D SPACE',''
  ) );
#250 = ORIENTED_EDGE('',*,*,#251,.T.);
#251 = EDGE_CURVE('',#224,#252,#254,.T.);
#252 = VERTEX_POINT('',#253);
#253 = CARTESIAN_POINT('',(-122.5,-74.5,0.));
#254 = SURFACE_CURVE('',#255,(#260,#267),.PCURVE_S1.);
#255 = CIRCLE('',#256,0.5);
#256 = AXIS2_PLACEMENT_3D('',#257,#258,#259);
#257 = CARTESIAN_POINT('',(-122.5,-74.,0.));
#258 = DIRECTION('',(0.,0.,1.));
#259 = DIRECTION('',(0.,-1.,0.));
#260 = PCURVE('',#44,#261);
#261 = DEFINITIONAL_REPRESENTATION('',(#262),#266);
#262 = CIRCLE('',#263,0.5);
#263 = AXIS2_PLACEMENT_2D('',#264,#265);
#264 = CARTESIAN_POINT('',(-61.75842696629,-25.00842696629));
#265 = DIRECTION('',(0.,-1.));
#266 = ( GEOMETRIC_REPRESENTATION_CONTEXT(2) 
PARAMETRIC_REPRESENTATION_CONTEXT() REPRESENTATION_CONTEXT('2D SPACE',''
  ) );
#267 = PCURVE('',#268,#273);
#268 = CYLINDRICAL_SURFACE('',#269,0.5);
#269 = AXIS2_PLACEMENT_3D('',#270,#271,#272);
#270 = CARTESIAN_POINT('',(-122.5,-74.,0.));
#271 = DIRECTION('',(0.,0.,1.));
#272 = DIRECTION('',(-1.,0.,0.));
#273 = DEFINITIONAL_REPRESENTATION('',(#274),#278);
#274 = LINE('',#275,#276);
#275 = CARTESIAN_POINT('',(-4.712388980385,0.));
#276 = VECTOR('',#277,1.);
#277 = DIRECTION('',(1.,0.));
#278 = ( GEOMETRIC_REPRESENTATION_CONTEXT(2) 
PARAMETRIC_REPRESENTATION_CONTEXT() REPRESENTATION_CONTEXT('2D SPACE',''
  ) );
#279 = ORIENTED_EDGE('',*,*,#280,.T.);
#280 = EDGE_CURVE('',#252,#281,#283,.T.);
#281 = VERTEX_POINT('',#282);
#282 = CARTESIAN_POINT('',(-110.,-74.5,0.));
#283 = SURFACE_CURVE('',#284,(#288,#295),.PCURVE_S1.);
#284 = LINE('',#285,#286);
#285 = CARTESIAN_POINT('',(-123.,-74.5,0.));
#286 = VECTOR('',#287,1.);
#287 = DIRECTION('',(1.,0.,0.));
#288 = PCURVE('',#44,#289);
#289 = DEFINITIONAL_REPRESENTATION('',(#290),#294);
#290 = LINE('',#291,#292);
#291 = CARTESIAN_POINT('',(-62.25842696629,-25.50842696629));
#292 = VECTOR('',#293,1.);
#293 = DIRECTION('',(1.,0.));
#294 = ( GEOMETRIC_REPRESENTATION_CONTEXT(2) 
PARAMETRIC_REPRESENTATION_CONTEXT() REPRESENTATION_CONTEXT('2D SPACE',''
  ) );
#295 = PCURVE('',#296,#301);
#296 = PLANE('',#297);
#297 = AXIS2_PLACEMENT_3D('',#298,#299,#300);
#298 = CARTESIAN_POINT('',(-123.,-74.5,0.));
#299 = DIRECTION('',(0.,1.,0.));
#300 = DIRECTION('',(1.,0.,0.));
#301 = DEFINITIONAL_REPRESENTATION('',(#302),#306);
#302 = LINE('',#303,#304);
#303 = CARTESIAN_POINT('',(0.,0.));
#304 = VECTOR('',#305,1.);
#305 = DIRECTION('',(1.,0.));
#306 = ( GEOMETRIC_REPRESENTATION_CONTEXT(2) 
PARAMETRIC_REPRESENTATION_CONTEXT() REPRESENTATION_CONTEXT('2D SPACE',''
  ) );
#307 = ORIENTED_EDGE('',*,*,#308,.F.);
#308 = EDGE_CURVE('',#309,#281,#311,.T.);
#309 = VERTEX_POINT('',#310);
#310 = CARTESIAN_POINT('',(-109.5,-75.,0.));
#311 = SURFACE_CURVE('',#312,(#317,#324),.PCURVE_S1.);
#312 = CIRCLE('',#313,0.5);
#313 = AXIS2_PLACEMENT_3D('',#314,#315,#316);
#314 = CARTESIAN_POINT('',(-110.,-75.,0.));
#315 = DIRECTION('',(0.,0.,1.));
#316 = DIRECTION('',(0.,-1.,0.));
#317 = PCURVE('',#44,#318);
#318 = DEFINITIONAL_REPRESENTATION('',(#319),#323);
#319 = CIRCLE('',#320,0.5);
#320 = AXIS2_PLACEMENT_2D('',#321,#322);
#321 = CARTESIAN_POINT('',(-49.25842696629,-26.00842696629));
#322 = DIRECTION('',(0.,-1.));
#323 = ( GEOMETRIC_REPRESENTATION_CONTEXT(2) 
PARAMETRIC_REPRESENTATION_CONTEXT() REPRESENTATION_CONTEXT('2D SPACE',''
  ) );
#324 = PCURVE('',#325,#330);
#325 = CYLINDRICAL_SURFACE('',#326,0.5);
#326 = AXIS2_PLACEMENT_3D('',#327,#328,#329);
#327 = CARTESIAN_POINT('',(-110.,-75.,0.));
#328 = DIRECTION('',(0.,0.,1.));
#329 = DIRECTION('',(1.,0.,-0.));
#330 = DEFINITIONAL_REPRESENTATION('',(#331),#335);
#331 = LINE('',#332,#333);
#332 = CARTESIAN_POINT('',(-1.570796326795,0.));
#333 = VECTOR('',#334,1.);
#334 = DIRECTION('',(1.,0.));
#335 = ( GEOMETRIC_REPRESENTATION_CONTEXT(2) 
PARAMETRIC_REPRESENTATION_CONTEXT() REPRESENTATION_CONTEXT('2D SPACE',''
  ) );
#336 = ORIENTED_EDGE('',*,*,#337,.T.);
#337 = EDGE_CURVE('',#309,#338,#340,.T.);
#338 = VERTEX_POINT('',#339);
#339 = CARTESIAN_POINT('',(-109.5,-99.,0.));
#340 = SURFACE_CURVE('',#341,(#345,#352),.PCURVE_S1.);
#341 = LINE('',#342,#343);
#342 = CARTESIAN_POINT('',(-109.5,-74.5,0.));
#343 = VECTOR('',#344,1.);
#344 = DIRECTION('',(0.,-1.,0.));
#345 = PCURVE('',#44,#346);
#346 = DEFINITIONAL_REPRESENTATION('',(#347),#351);
#347 = LINE('',#348,#349);
#348 = CARTESIAN_POINT('',(-48.75842696629,-25.50842696629));
#349 = VECTOR('',#350,1.);
#350 = DIRECTION('',(0.,-1.));
#351 = ( GEOMETRIC_REPRESENTATION_CONTEXT(2) 
PARAMETRIC_REPRESENTATION_CONTEXT() REPRESENTATION_CONTEXT('2D SPACE',''
  ) );
#352 = PCURVE('',#353,#358);
#353 = PLANE('',#354);
#354 = AXIS2_PLACEMENT_3D('',#355,#356,#357);
#355 = CARTESIAN_POINT('',(-109.5,-74.5,0.));
#356 = DIRECTION('',(1.,0.,-0.));
#357 = DIRECTION('',(0.,-1.,0.));
#358 = DEFINITIONAL_REPRESENTATION('',(#359),#363);
#359 = LINE('',#360,#361);
#360 = CARTESIAN_POINT('',(0.,0.));
#361 = VECTOR('',#362,1.);
#362 = DIRECTION('',(1.,0.));
#363 = ( GEOMETRIC_REPRESENTATION_CONTEXT(2) 
PARAMETRIC_REPRESENTATION_CONTEXT() REPRESENTATION_CONTEXT('2D SPACE',''
  ) );
#364 = ORIENTED_EDGE('',*,*,#365,.F.);
#365 = EDGE_CURVE('',#366,#338,#368,.T.);
#366 = VERTEX_POINT('',#367);
#367 = CARTESIAN_POINT('',(-109.,-99.5,0.));
#368 = SURFACE_CURVE('',#369,(#374,#385),.PCURVE_S1.);
#369 = CIRCLE('',#370,0.5);
#370 = AXIS2_PLACEMENT_3D('',#371,#372,#373);
#371 = CARTESIAN_POINT('',(-109.,-99.,0.));
#372 = DIRECTION('',(-0.,-0.,-1.));
#373 = DIRECTION('',(0.,-1.,0.));
#374 = PCURVE('',#44,#375);
#375 = DEFINITIONAL_REPRESENTATION('',(#376),#384);
#376 = ( BOUNDED_CURVE() B_SPLINE_CURVE(2,(#377,#378,#379,#380,#381,#382
,#383),.UNSPECIFIED.,.T.,.F.) B_SPLINE_CURVE_WITH_KNOTS((1,2,2,2,2,1),(
    -2.094395102393,0.,2.094395102393,4.188790204786,6.28318530718,
8.377580409573),.UNSPECIFIED.) CURVE() GEOMETRIC_REPRESENTATION_ITEM() 
RATIONAL_B_SPLINE_CURVE((1.,0.5,1.,0.5,1.,0.5,1.)) REPRESENTATION_ITEM(
  '') );
#377 = CARTESIAN_POINT('',(-48.25842696629,-50.50842696629));
#378 = CARTESIAN_POINT('',(-49.12445237007,-50.50842696629));
#379 = CARTESIAN_POINT('',(-48.69143966818,-49.75842696629));
#380 = CARTESIAN_POINT('',(-48.25842696629,-49.00842696629));
#381 = CARTESIAN_POINT('',(-47.8254142644,-49.75842696629));
#382 = CARTESIAN_POINT('',(-47.3924015625,-50.50842696629));
#383 = CARTESIAN_POINT('',(-48.25842696629,-50.50842696629));
#384 = ( GEOMETRIC_REPRESENTATION_CONTEXT(2) 
PARAMETRIC_REPRESENTATION_CONTEXT() REPRESENTATION_CONTEXT('2D SPACE',''
  ) );
#385 = PCURVE('',#386,#391);
#386 = CYLINDRICAL_SURFACE('',#387,0.5);
#387 = AXIS2_PLACEMENT_3D('',#388,#389,#390);
#388 = CARTESIAN_POINT('',(-109.,-99.,0.));
#389 = DIRECTION('',(0.,0.,1.));
#390 = DIRECTION('',(0.,-1.,0.));
#391 = DEFINITIONAL_REPRESENTATION('',(#392),#396);
#392 = LINE('',#393,#394);
#393 = CARTESIAN_POINT('',(-0.,0.));
#394 = VECTOR('',#395,1.);
#395 = DIRECTION('',(-1.,0.));
#396 = ( GEOMETRIC_REPRESENTATION_CONTEXT(2) 
PARAMETRIC_REPRESENTATION_CONTEXT() REPRESENTATION_CONTEXT('2D SPACE',''
  ) );
#397 = ORIENTED_EDGE('',*,*,#398,.T.);
#398 = EDGE_CURVE('',#366,#399,#401,.T.);
#399 = VERTEX_POINT('',#400);
#400 = CARTESIAN_POINT('',(-0.5,-99.5,0.));
#401 = SURFACE_CURVE('',#402,(#406,#413),.PCURVE_S1.);
#402 = LINE('',#403,#404);
#403 = CARTESIAN_POINT('',(-109.5,-99.5,0.));
#404 = VECTOR('',#405,1.);
#405 = DIRECTION('',(1.,0.,0.));
#406 = PCURVE('',#44,#407);
#407 = DEFINITIONAL_REPRESENTATION('',(#408),#412);
#408 = LINE('',#409,#410);
#409 = CARTESIAN_POINT('',(-48.75842696629,-50.50842696629));
#410 = VECTOR('',#411,1.);
#411 = DIRECTION('',(1.,0.));
#412 = ( GEOMETRIC_REPRESENTATION_CONTEXT(2) 
PARAMETRIC_REPRESENTATION_CONTEXT() REPRESENTATION_CONTEXT('2D SPACE',''
  ) );
#413 = PCURVE('',#414,#419);
#414 = PLANE('',#415);
#415 = AXIS2_PLACEMENT_3D('',#416,#417,#418);
#416 = CARTESIAN_POINT('',(-109.5,-99.5,0.));
#417 = DIRECTION('',(0.,1.,0.));
#418 = DIRECTION('',(1.,0.,0.));
#419 = DEFINITIONAL_REPRESENTATION('',(#420),#424);
#420 = LINE('',#421,#422);
#421 = CARTESIAN_POINT('',(0.,0.));
#422 = VECTOR('',#423,1.);
#423 = DIRECTION('',(1.,0.));
#424 = ( GEOMETRIC_REPRESENTATION_CONTEXT(2) 
PARAMETRIC_REPRESENTATION_CONTEXT() REPRESENTATION_CONTEXT('2D SPACE',''
  ) );
#425 = ORIENTED_EDGE('',*,*,#426,.F.);
#426 = EDGE_CURVE('',#22,#399,#427,.T.);
#427 = SURFACE_CURVE('',#428,(#433,#444),.PCURVE_S1.);
#428 = CIRCLE('',#429,0.5);
#429 = AXIS2_PLACEMENT_3D('',#430,#431,#432);
#430 = CARTESIAN_POINT('',(-0.5,-99.,0.));
#431 = DIRECTION('',(-0.,-0.,-1.));
#432 = DIRECTION('',(0.,-1.,0.));
#433 = PCURVE('',#44,#434);
#434 = DEFINITIONAL_REPRESENTATION('',(#435),#443);
#435 = ( BOUNDED_CURVE() B_SPLINE_CURVE(2,(#436,#437,#438,#439,#440,#441
,#442),.UNSPECIFIED.,.T.,.F.) B_SPLINE_CURVE_WITH_KNOTS((1,2,2,2,2,1),(
    -2.094395102393,0.,2.094395102393,4.188790204786,6.28318530718,
8.377580409573),.UNSPECIFIED.) CURVE() GEOMETRIC_REPRESENTATION_ITEM() 
RATIONAL_B_SPLINE_CURVE((1.,0.5,1.,0.5,1.,0.5,1.)) REPRESENTATION_ITEM(
  '') );
#436 = CARTESIAN_POINT('',(60.241573033708,-50.50842696629));
#437 = CARTESIAN_POINT('',(59.375547629923,-50.50842696629));
#438 = CARTESIAN_POINT('',(59.808560331816,-49.75842696629));
#439 = CARTESIAN_POINT('',(60.241573033708,-49.00842696629));
#440 = CARTESIAN_POINT('',(60.6745857356,-49.75842696629));
#441 = CARTESIAN_POINT('',(61.107598437492,-50.50842696629));
#442 = CARTESIAN_POINT('',(60.241573033708,-50.50842696629));
#443 = ( GEOMETRIC_REPRESENTATION_CONTEXT(2) 
PARAMETRIC_REPRESENTATION_CONTEXT() REPRESENTATION_CONTEXT('2D SPACE',''
  ) );
#444 = PCURVE('',#72,#445);
#445 = DEFINITIONAL_REPRESENTATION('',(#446),#450);
#446 = LINE('',#447,#448);
#447 = CARTESIAN_POINT('',(4.712388980385,-0.));
#448 = VECTOR('',#449,1.);
#449 = DIRECTION('',(-1.,0.));
#450 = ( GEOMETRIC_REPRESENTATION_CONTEXT(2) 
PARAMETRIC_REPRESENTATION_CONTEXT() REPRESENTATION_CONTEXT('2D SPACE',''
  ) );
#451 = FACE_BOUND('',#452,.F.);
#452 = EDGE_LOOP('',(#453));
#453 = ORIENTED_EDGE('',*,*,#454,.F.);
#454 = EDGE_CURVE('',#455,#455,#457,.T.);
#455 = VERTEX_POINT('',#456);
#456 = CARTESIAN_POINT('',(-95.73,-77.53,0.));
#457 = SURFACE_CURVE('',#458,(#463,#470),.PCURVE_S1.);
#458 = CIRCLE('',#459,1.75);
#459 = AXIS2_PLACEMENT_3D('',#460,#461,#462);
#460 = CARTESIAN_POINT('',(-97.48,-77.53,0.));
#461 = DIRECTION('',(0.,0.,1.));
#462 = DIRECTION('',(1.,0.,0.));
#463 = PCURVE('',#44,#464);
#464 = DEFINITIONAL_REPRESENTATION('',(#465),#469);
#465 = CIRCLE('',#466,1.75);
#466 = AXIS2_PLACEMENT_2D('',#467,#468);
#467 = CARTESIAN_POINT('',(-36.73842696629,-28.53842696629));
#468 = DIRECTION('',(1.,0.));
#469 = ( GEOMETRIC_REPRESENTATION_CONTEXT(2) 
PARAMETRIC_REPRESENTATION_CONTEXT() REPRESENTATION_CONTEXT('2D SPACE',''
  ) );
#470 = PCURVE('',#471,#476);
#471 = CYLINDRICAL_SURFACE('',#472,1.75);
#472 = AXIS2_PLACEMENT_3D('',#473,#474,#475);
#473 = CARTESIAN_POINT('',(-97.48,-77.53,0.));
#474 = DIRECTION('',(-0.,-0.,-1.));
#475 = DIRECTION('',(1.,0.,0.));
#476 = DEFINITIONAL_REPRESENTATION('',(#477),#481);
#477 = LINE('',#478,#479);
#478 = CARTESIAN_POINT('',(-0.,0.));
#479 = VECTOR('',#480,1.);
#480 = DIRECTION('',(-1.,0.));
#481 = ( GEOMETRIC_REPRESENTATION_CONTEXT(2) 
PARAMETRIC_REPRESENTATION_CONTEXT() REPRESENTATION_CONTEXT('2D SPACE',''
  ) );
#482 = FACE_BOUND('',#483,.F.);
#483 = EDGE_LOOP('',(#484));
#484 = ORIENTED_EDGE('',*,*,#485,.F.);
#485 = EDGE_CURVE('',#486,#486,#488,.T.);
#486 = VERTEX_POINT('',#487);
#487 = CARTESIAN_POINT('',(-8.23,-71.4,0.));
#488 = SURFACE_CURVE('',#489,(#494,#501),.PCURVE_S1.);
#489 = CIRCLE('',#490,1.75);
#490 = AXIS2_PLACEMENT_3D('',#491,#492,#493);
#491 = CARTESIAN_POINT('',(-9.98,-71.4,0.));
#492 = DIRECTION('',(0.,0.,1.));
#493 = DIRECTION('',(1.,0.,0.));
#494 = PCURVE('',#44,#495);
#495 = DEFINITIONAL_REPRESENTATION('',(#496),#500);
#496 = CIRCLE('',#497,1.75);
#497 = AXIS2_PLACEMENT_2D('',#498,#499);
#498 = CARTESIAN_POINT('',(50.761573033708,-22.40842696629));
#499 = DIRECTION('',(1.,0.));
#500 = ( GEOMETRIC_REPRESENTATION_CONTEXT(2) 
PARAMETRIC_REPRESENTATION_CONTEXT() REPRESENTATION_CONTEXT('2D SPACE',''
  ) );
#501 = PCURVE('',#502,#507);
#502 = CYLINDRICAL_SURFACE('',#503,1.75);
#503 = AXIS2_PLACEMENT_3D('',#504,#505,#506);
#504 = CARTESIAN_POINT('',(-9.98,-71.4,0.));
#505 = DIRECTION('',(-0.,-0.,-1.));
#506 = DIRECTION('',(1.,0.,0.));
#507 = DEFINITIONAL_REPRESENTATION('',(#508),#512);
#508 = LINE('',#509,#510);
#509 = CARTESIAN_POINT('',(-0.,0.));
#510 = VECTOR('',#511,1.);
#511 = DIRECTION('',(-1.,0.));
#512 = ( GEOMETRIC_REPRESENTATION_CONTEXT(2) 
PARAMETRIC_REPRESENTATION_CONTEXT() REPRESENTATION_CONTEXT('2D SPACE',''
  ) );
#513 = FACE_BOUND('',#514,.F.);
#514 = EDGE_LOOP('',(#515));
#515 = ORIENTED_EDGE('',*,*,#516,.F.);
#516 = EDGE_CURVE('',#517,#517,#519,.T.);
#517 = VERTEX_POINT('',#518);
#518 = CARTESIAN_POINT('',(-114.93,-39.53,0.));
#519 = SURFACE_CURVE('',#520,(#525,#532),.PCURVE_S1.);
#520 = CIRCLE('',#521,1.75);
#521 = AXIS2_PLACEMENT_3D('',#522,#523,#524);
#522 = CARTESIAN_POINT('',(-116.68,-39.53,0.));
#523 = DIRECTION('',(0.,0.,1.));
#524 = DIRECTION('',(1.,0.,0.));
#525 = PCURVE('',#44,#526);
#526 = DEFINITIONAL_REPRESENTATION('',(#527),#531);
#527 = CIRCLE('',#528,1.75);
#528 = AXIS2_PLACEMENT_2D('',#529,#530);
#529 = CARTESIAN_POINT('',(-55.93842696629,9.461573033708));
#530 = DIRECTION('',(1.,0.));
#531 = ( GEOMETRIC_REPRESENTATION_CONTEXT(2) 
PARAMETRIC_REPRESENTATION_CONTEXT() REPRESENTATION_CONTEXT('2D SPACE',''
  ) );
#532 = PCURVE('',#533,#538);
#533 = CYLINDRICAL_SURFACE('',#534,1.75);
#534 = AXIS2_PLACEMENT_3D('',#535,#536,#537);
#535 = CARTESIAN_POINT('',(-116.68,-39.53,0.));
#536 = DIRECTION('',(-0.,-0.,-1.));
#537 = DIRECTION('',(1.,0.,0.));
#538 = DEFINITIONAL_REPRESENTATION('',(#539),#543);
#539 = LINE('',#540,#541);
#540 = CARTESIAN_POINT('',(-0.,0.));
#541 = VECTOR('',#542,1.);
#542 = DIRECTION('',(-1.,0.));
#543 = ( GEOMETRIC_REPRESENTATION_CONTEXT(2) 
PARAMETRIC_REPRESENTATION_CONTEXT() REPRESENTATION_CONTEXT('2D SPACE',''
  ) );
#544 = FACE_BOUND('',#545,.F.);
#545 = EDGE_LOOP('',(#546));
#546 = ORIENTED_EDGE('',*,*,#547,.F.);
#547 = EDGE_CURVE('',#548,#548,#550,.T.);
#548 = VERTEX_POINT('',#549);
#549 = CARTESIAN_POINT('',(-8.25,-28.1,0.));
#550 = SURFACE_CURVE('',#551,(#556,#563),.PCURVE_S1.);
#551 = CIRCLE('',#552,1.75);
#552 = AXIS2_PLACEMENT_3D('',#553,#554,#555);
#553 = CARTESIAN_POINT('',(-10.,-28.1,0.));
#554 = DIRECTION('',(0.,0.,1.));
#555 = DIRECTION('',(1.,0.,0.));
#556 = PCURVE('',#44,#557);
#557 = DEFINITIONAL_REPRESENTATION('',(#558),#562);
#558 = CIRCLE('',#559,1.75);
#559 = AXIS2_PLACEMENT_2D('',#560,#561);
#560 = CARTESIAN_POINT('',(50.741573033708,20.891573033708));
#561 = DIRECTION('',(1.,0.));
#562 = ( GEOMETRIC_REPRESENTATION_CONTEXT(2) 
PARAMETRIC_REPRESENTATION_CONTEXT() REPRESENTATION_CONTEXT('2D SPACE',''
  ) );
#563 = PCURVE('',#564,#569);
#564 = CYLINDRICAL_SURFACE('',#565,1.75);
#565 = AXIS2_PLACEMENT_3D('',#566,#567,#568);
#566 = CARTESIAN_POINT('',(-10.,-28.1,0.));
#567 = DIRECTION('',(-0.,-0.,-1.));
#568 = DIRECTION('',(1.,0.,0.));
#569 = DEFINITIONAL_REPRESENTATION('',(#570),#574);
#570 = LINE('',#571,#572);
#571 = CARTESIAN_POINT('',(-0.,0.));
#572 = VECTOR('',#573,1.);
#573 = DIRECTION('',(-1.,0.));
#574 = ( GEOMETRIC_REPRESENTATION_CONTEXT(2) 
PARAMETRIC_REPRESENTATION_CONTEXT() REPRESENTATION_CONTEXT('2D SPACE',''
  ) );
#575 = FACE_BOUND('',#576,.F.);
#576 = EDGE_LOOP('',(#577,#607,#640,#668,#701,#729,#762,#790,#823,#851,
    #880,#908,#941,#969,#1002,#1030));
#577 = ORIENTED_EDGE('',*,*,#578,.F.);
#578 = EDGE_CURVE('',#579,#581,#583,.T.);
#579 = VERTEX_POINT('',#580);
#580 = CARTESIAN_POINT('',(-108.52,-25.53,0.));
#581 = VERTEX_POINT('',#582);
#582 = CARTESIAN_POINT('',(-107.93,-25.53,0.));
#583 = SURFACE_CURVE('',#584,(#588,#595),.PCURVE_S1.);
#584 = LINE('',#585,#586);
#585 = CARTESIAN_POINT('',(-109.02,-25.53,0.));
#586 = VECTOR('',#587,1.);
#587 = DIRECTION('',(1.,0.,0.));
#588 = PCURVE('',#44,#589);
#589 = DEFINITIONAL_REPRESENTATION('',(#590),#594);
#590 = LINE('',#591,#592);
#591 = CARTESIAN_POINT('',(-48.27842696629,23.461573033708));
#592 = VECTOR('',#593,1.);
#593 = DIRECTION('',(1.,0.));
#594 = ( GEOMETRIC_REPRESENTATION_CONTEXT(2) 
PARAMETRIC_REPRESENTATION_CONTEXT() REPRESENTATION_CONTEXT('2D SPACE',''
  ) );
#595 = PCURVE('',#596,#601);
#596 = PLANE('',#597);
#597 = AXIS2_PLACEMENT_3D('',#598,#599,#600);
#598 = CARTESIAN_POINT('',(-109.02,-25.53,0.));
#599 = DIRECTION('',(0.,1.,0.));
#600 = DIRECTION('',(1.,0.,0.));
#601 = DEFINITIONAL_REPRESENTATION('',(#602),#606);
#602 = LINE('',#603,#604);
#603 = CARTESIAN_POINT('',(0.,0.));
#604 = VECTOR('',#605,1.);
#605 = DIRECTION('',(1.,0.));
#606 = ( GEOMETRIC_REPRESENTATION_CONTEXT(2) 
PARAMETRIC_REPRESENTATION_CONTEXT() REPRESENTATION_CONTEXT('2D SPACE',''
  ) );
#607 = ORIENTED_EDGE('',*,*,#608,.T.);
#608 = EDGE_CURVE('',#579,#609,#611,.T.);
#609 = VERTEX_POINT('',#610);
#610 = CARTESIAN_POINT('',(-109.02,-25.03,0.));
#611 = SURFACE_CURVE('',#612,(#617,#628),.PCURVE_S1.);
#612 = CIRCLE('',#613,0.5);
#613 = AXIS2_PLACEMENT_3D('',#614,#615,#616);
#614 = CARTESIAN_POINT('',(-108.52,-25.03,0.));
#615 = DIRECTION('',(-0.,-0.,-1.));
#616 = DIRECTION('',(0.,-1.,0.));
#617 = PCURVE('',#44,#618);
#618 = DEFINITIONAL_REPRESENTATION('',(#619),#627);
#619 = ( BOUNDED_CURVE() B_SPLINE_CURVE(2,(#620,#621,#622,#623,#624,#625
,#626),.UNSPECIFIED.,.T.,.F.) B_SPLINE_CURVE_WITH_KNOTS((1,2,2,2,2,1),(
    -2.094395102393,0.,2.094395102393,4.188790204786,6.28318530718,
8.377580409573),.UNSPECIFIED.) CURVE() GEOMETRIC_REPRESENTATION_ITEM() 
RATIONAL_B_SPLINE_CURVE((1.,0.5,1.,0.5,1.,0.5,1.)) REPRESENTATION_ITEM(
  '') );
#620 = CARTESIAN_POINT('',(-47.77842696629,23.461573033708));
#621 = CARTESIAN_POINT('',(-48.64445237007,23.461573033708));
#622 = CARTESIAN_POINT('',(-48.21143966818,24.211573033708));
#623 = CARTESIAN_POINT('',(-47.77842696629,24.961573033708));
#624 = CARTESIAN_POINT('',(-47.3454142644,24.211573033708));
#625 = CARTESIAN_POINT('',(-46.9124015625,23.461573033708));
#626 = CARTESIAN_POINT('',(-47.77842696629,23.461573033708));
#627 = ( GEOMETRIC_REPRESENTATION_CONTEXT(2) 
PARAMETRIC_REPRESENTATION_CONTEXT() REPRESENTATION_CONTEXT('2D SPACE',''
  ) );
#628 = PCURVE('',#629,#634);
#629 = CYLINDRICAL_SURFACE('',#630,0.5);
#630 = AXIS2_PLACEMENT_3D('',#631,#632,#633);
#631 = CARTESIAN_POINT('',(-108.52,-25.03,0.));
#632 = DIRECTION('',(0.,0.,1.));
#633 = DIRECTION('',(0.,-1.,0.));
#634 = DEFINITIONAL_REPRESENTATION('',(#635),#639);
#635 = LINE('',#636,#637);
#636 = CARTESIAN_POINT('',(-0.,0.));
#637 = VECTOR('',#638,1.);
#638 = DIRECTION('',(-1.,0.));
#639 = ( GEOMETRIC_REPRESENTATION_CONTEXT(2) 
PARAMETRIC_REPRESENTATION_CONTEXT() REPRESENTATION_CONTEXT('2D SPACE',''
  ) );
#640 = ORIENTED_EDGE('',*,*,#641,.F.);
#641 = EDGE_CURVE('',#642,#609,#644,.T.);
#642 = VERTEX_POINT('',#643);
#643 = CARTESIAN_POINT('',(-109.02,-13.53,0.));
#644 = SURFACE_CURVE('',#645,(#649,#656),.PCURVE_S1.);
#645 = LINE('',#646,#647);
#646 = CARTESIAN_POINT('',(-109.02,-13.03,0.));
#647 = VECTOR('',#648,1.);
#648 = DIRECTION('',(0.,-1.,0.));
#649 = PCURVE('',#44,#650);
#650 = DEFINITIONAL_REPRESENTATION('',(#651),#655);
#651 = LINE('',#652,#653);
#652 = CARTESIAN_POINT('',(-48.27842696629,35.961573033708));
#653 = VECTOR('',#654,1.);
#654 = DIRECTION('',(0.,-1.));
#655 = ( GEOMETRIC_REPRESENTATION_CONTEXT(2) 
PARAMETRIC_REPRESENTATION_CONTEXT() REPRESENTATION_CONTEXT('2D SPACE',''
  ) );
#656 = PCURVE('',#657,#662);
#657 = PLANE('',#658);
#658 = AXIS2_PLACEMENT_3D('',#659,#660,#661);
#659 = CARTESIAN_POINT('',(-109.02,-13.03,0.));
#660 = DIRECTION('',(1.,0.,-0.));
#661 = DIRECTION('',(0.,-1.,0.));
#662 = DEFINITIONAL_REPRESENTATION('',(#663),#667);
#663 = LINE('',#664,#665);
#664 = CARTESIAN_POINT('',(0.,0.));
#665 = VECTOR('',#666,1.);
#666 = DIRECTION('',(1.,0.));
#667 = ( GEOMETRIC_REPRESENTATION_CONTEXT(2) 
PARAMETRIC_REPRESENTATION_CONTEXT() REPRESENTATION_CONTEXT('2D SPACE',''
  ) );
#668 = ORIENTED_EDGE('',*,*,#669,.T.);
#669 = EDGE_CURVE('',#642,#670,#672,.T.);
#670 = VERTEX_POINT('',#671);
#671 = CARTESIAN_POINT('',(-108.52,-13.03,0.));
#672 = SURFACE_CURVE('',#673,(#678,#689),.PCURVE_S1.);
#673 = CIRCLE('',#674,0.5);
#674 = AXIS2_PLACEMENT_3D('',#675,#676,#677);
#675 = CARTESIAN_POINT('',(-108.52,-13.53,0.));
#676 = DIRECTION('',(-0.,-0.,-1.));
#677 = DIRECTION('',(0.,-1.,0.));
#678 = PCURVE('',#44,#679);
#679 = DEFINITIONAL_REPRESENTATION('',(#680),#688);
#680 = ( BOUNDED_CURVE() B_SPLINE_CURVE(2,(#681,#682,#683,#684,#685,#686
,#687),.UNSPECIFIED.,.T.,.F.) B_SPLINE_CURVE_WITH_KNOTS((1,2,2,2,2,1),(
    -2.094395102393,0.,2.094395102393,4.188790204786,6.28318530718,
8.377580409573),.UNSPECIFIED.) CURVE() GEOMETRIC_REPRESENTATION_ITEM() 
RATIONAL_B_SPLINE_CURVE((1.,0.5,1.,0.5,1.,0.5,1.)) REPRESENTATION_ITEM(
  '') );
#681 = CARTESIAN_POINT('',(-47.77842696629,34.961573033708));
#682 = CARTESIAN_POINT('',(-48.64445237007,34.961573033708));
#683 = CARTESIAN_POINT('',(-48.21143966818,35.711573033708));
#684 = CARTESIAN_POINT('',(-47.77842696629,36.461573033708));
#685 = CARTESIAN_POINT('',(-47.3454142644,35.711573033708));
#686 = CARTESIAN_POINT('',(-46.9124015625,34.961573033708));
#687 = CARTESIAN_POINT('',(-47.77842696629,34.961573033708));
#688 = ( GEOMETRIC_REPRESENTATION_CONTEXT(2) 
PARAMETRIC_REPRESENTATION_CONTEXT() REPRESENTATION_CONTEXT('2D SPACE',''
  ) );
#689 = PCURVE('',#690,#695);
#690 = CYLINDRICAL_SURFACE('',#691,0.5);
#691 = AXIS2_PLACEMENT_3D('',#692,#693,#694);
#692 = CARTESIAN_POINT('',(-108.52,-13.53,0.));
#693 = DIRECTION('',(0.,0.,1.));
#694 = DIRECTION('',(-1.,0.,0.));
#695 = DEFINITIONAL_REPRESENTATION('',(#696),#700);
#696 = LINE('',#697,#698);
#697 = CARTESIAN_POINT('',(1.570796326795,-0.));
#698 = VECTOR('',#699,1.);
#699 = DIRECTION('',(-1.,0.));
#700 = ( GEOMETRIC_REPRESENTATION_CONTEXT(2) 
PARAMETRIC_REPRESENTATION_CONTEXT() REPRESENTATION_CONTEXT('2D SPACE',''
  ) );
#701 = ORIENTED_EDGE('',*,*,#702,.F.);
#702 = EDGE_CURVE('',#703,#670,#705,.T.);
#703 = VERTEX_POINT('',#704);
#704 = CARTESIAN_POINT('',(-86.47,-13.03,0.));
#705 = SURFACE_CURVE('',#706,(#710,#717),.PCURVE_S1.);
#706 = LINE('',#707,#708);
#707 = CARTESIAN_POINT('',(-85.97,-13.03,0.));
#708 = VECTOR('',#709,1.);
#709 = DIRECTION('',(-1.,0.,0.));
#710 = PCURVE('',#44,#711);
#711 = DEFINITIONAL_REPRESENTATION('',(#712),#716);
#712 = LINE('',#713,#714);
#713 = CARTESIAN_POINT('',(-25.22842696629,35.961573033708));
#714 = VECTOR('',#715,1.);
#715 = DIRECTION('',(-1.,0.));
#716 = ( GEOMETRIC_REPRESENTATION_CONTEXT(2) 
PARAMETRIC_REPRESENTATION_CONTEXT() REPRESENTATION_CONTEXT('2D SPACE',''
  ) );
#717 = PCURVE('',#718,#723);
#718 = PLANE('',#719);
#719 = AXIS2_PLACEMENT_3D('',#720,#721,#722);
#720 = CARTESIAN_POINT('',(-85.97,-13.03,0.));
#721 = DIRECTION('',(0.,-1.,0.));
#722 = DIRECTION('',(-1.,0.,0.));
#723 = DEFINITIONAL_REPRESENTATION('',(#724),#728);
#724 = LINE('',#725,#726);
#725 = CARTESIAN_POINT('',(0.,-0.));
#726 = VECTOR('',#727,1.);
#727 = DIRECTION('',(1.,0.));
#728 = ( GEOMETRIC_REPRESENTATION_CONTEXT(2) 
PARAMETRIC_REPRESENTATION_CONTEXT() REPRESENTATION_CONTEXT('2D SPACE',''
  ) );
#729 = ORIENTED_EDGE('',*,*,#730,.T.);
#730 = EDGE_CURVE('',#703,#731,#733,.T.);
#731 = VERTEX_POINT('',#732);
#732 = CARTESIAN_POINT('',(-85.97,-13.53,0.));
#733 = SURFACE_CURVE('',#734,(#739,#750),.PCURVE_S1.);
#734 = CIRCLE('',#735,0.5);
#735 = AXIS2_PLACEMENT_3D('',#736,#737,#738);
#736 = CARTESIAN_POINT('',(-86.47,-13.53,0.));
#737 = DIRECTION('',(-0.,-0.,-1.));
#738 = DIRECTION('',(0.,-1.,0.));
#739 = PCURVE('',#44,#740);
#740 = DEFINITIONAL_REPRESENTATION('',(#741),#749);
#741 = ( BOUNDED_CURVE() B_SPLINE_CURVE(2,(#742,#743,#744,#745,#746,#747
,#748),.UNSPECIFIED.,.T.,.F.) B_SPLINE_CURVE_WITH_KNOTS((1,2,2,2,2,1),(
    -2.094395102393,0.,2.094395102393,4.188790204786,6.28318530718,
8.377580409573),.UNSPECIFIED.) CURVE() GEOMETRIC_REPRESENTATION_ITEM() 
RATIONAL_B_SPLINE_CURVE((1.,0.5,1.,0.5,1.,0.5,1.)) REPRESENTATION_ITEM(
  '') );
#742 = CARTESIAN_POINT('',(-25.72842696629,34.961573033708));
#743 = CARTESIAN_POINT('',(-26.59445237007,34.961573033708));
#744 = CARTESIAN_POINT('',(-26.16143966818,35.711573033708));
#745 = CARTESIAN_POINT('',(-25.72842696629,36.461573033708));
#746 = CARTESIAN_POINT('',(-25.2954142644,35.711573033708));
#747 = CARTESIAN_POINT('',(-24.8624015625,34.961573033708));
#748 = CARTESIAN_POINT('',(-25.72842696629,34.961573033708));
#749 = ( GEOMETRIC_REPRESENTATION_CONTEXT(2) 
PARAMETRIC_REPRESENTATION_CONTEXT() REPRESENTATION_CONTEXT('2D SPACE',''
  ) );
#750 = PCURVE('',#751,#756);
#751 = CYLINDRICAL_SURFACE('',#752,0.5);
#752 = AXIS2_PLACEMENT_3D('',#753,#754,#755);
#753 = CARTESIAN_POINT('',(-86.47,-13.53,0.));
#754 = DIRECTION('',(0.,0.,1.));
#755 = DIRECTION('',(-0.,1.,0.));
#756 = DEFINITIONAL_REPRESENTATION('',(#757),#761);
#757 = LINE('',#758,#759);
#758 = CARTESIAN_POINT('',(3.14159265359,-0.));
#759 = VECTOR('',#760,1.);
#760 = DIRECTION('',(-1.,0.));
#761 = ( GEOMETRIC_REPRESENTATION_CONTEXT(2) 
PARAMETRIC_REPRESENTATION_CONTEXT() REPRESENTATION_CONTEXT('2D SPACE',''
  ) );
#762 = ORIENTED_EDGE('',*,*,#763,.F.);
#763 = EDGE_CURVE('',#764,#731,#766,.T.);
#764 = VERTEX_POINT('',#765);
#765 = CARTESIAN_POINT('',(-85.97,-25.03,0.));
#766 = SURFACE_CURVE('',#767,(#771,#778),.PCURVE_S1.);
#767 = LINE('',#768,#769);
#768 = CARTESIAN_POINT('',(-85.97,-25.53,0.));
#769 = VECTOR('',#770,1.);
#770 = DIRECTION('',(0.,1.,0.));
#771 = PCURVE('',#44,#772);
#772 = DEFINITIONAL_REPRESENTATION('',(#773),#777);
#773 = LINE('',#774,#775);
#774 = CARTESIAN_POINT('',(-25.22842696629,23.461573033708));
#775 = VECTOR('',#776,1.);
#776 = DIRECTION('',(0.,1.));
#777 = ( GEOMETRIC_REPRESENTATION_CONTEXT(2) 
PARAMETRIC_REPRESENTATION_CONTEXT() REPRESENTATION_CONTEXT('2D SPACE',''
  ) );
#778 = PCURVE('',#779,#784);
#779 = PLANE('',#780);
#780 = AXIS2_PLACEMENT_3D('',#781,#782,#783);
#781 = CARTESIAN_POINT('',(-85.97,-25.53,0.));
#782 = DIRECTION('',(-1.,0.,0.));
#783 = DIRECTION('',(0.,1.,0.));
#784 = DEFINITIONAL_REPRESENTATION('',(#785),#789);
#785 = LINE('',#786,#787);
#786 = CARTESIAN_POINT('',(0.,0.));
#787 = VECTOR('',#788,1.);
#788 = DIRECTION('',(1.,0.));
#789 = ( GEOMETRIC_REPRESENTATION_CONTEXT(2) 
PARAMETRIC_REPRESENTATION_CONTEXT() REPRESENTATION_CONTEXT('2D SPACE',''
  ) );
#790 = ORIENTED_EDGE('',*,*,#791,.T.);
#791 = EDGE_CURVE('',#764,#792,#794,.T.);
#792 = VERTEX_POINT('',#793);
#793 = CARTESIAN_POINT('',(-86.47,-25.53,0.));
#794 = SURFACE_CURVE('',#795,(#800,#811),.PCURVE_S1.);
#795 = CIRCLE('',#796,0.5);
#796 = AXIS2_PLACEMENT_3D('',#797,#798,#799);
#797 = CARTESIAN_POINT('',(-86.47,-25.03,0.));
#798 = DIRECTION('',(-0.,-0.,-1.));
#799 = DIRECTION('',(0.,-1.,0.));
#800 = PCURVE('',#44,#801);
#801 = DEFINITIONAL_REPRESENTATION('',(#802),#810);
#802 = ( BOUNDED_CURVE() B_SPLINE_CURVE(2,(#803,#804,#805,#806,#807,#808
,#809),.UNSPECIFIED.,.T.,.F.) B_SPLINE_CURVE_WITH_KNOTS((1,2,2,2,2,1),(
    -2.094395102393,0.,2.094395102393,4.188790204786,6.28318530718,
8.377580409573),.UNSPECIFIED.) CURVE() GEOMETRIC_REPRESENTATION_ITEM() 
RATIONAL_B_SPLINE_CURVE((1.,0.5,1.,0.5,1.,0.5,1.)) REPRESENTATION_ITEM(
  '') );
#803 = CARTESIAN_POINT('',(-25.72842696629,23.461573033708));
#804 = CARTESIAN_POINT('',(-26.59445237007,23.461573033708));
#805 = CARTESIAN_POINT('',(-26.16143966818,24.211573033708));
#806 = CARTESIAN_POINT('',(-25.72842696629,24.961573033708));
#807 = CARTESIAN_POINT('',(-25.2954142644,24.211573033708));
#808 = CARTESIAN_POINT('',(-24.8624015625,23.461573033708));
#809 = CARTESIAN_POINT('',(-25.72842696629,23.461573033708));
#810 = ( GEOMETRIC_REPRESENTATION_CONTEXT(2) 
PARAMETRIC_REPRESENTATION_CONTEXT() REPRESENTATION_CONTEXT('2D SPACE',''
  ) );
#811 = PCURVE('',#812,#817);
#812 = CYLINDRICAL_SURFACE('',#813,0.5);
#813 = AXIS2_PLACEMENT_3D('',#814,#815,#816);
#814 = CARTESIAN_POINT('',(-86.47,-25.03,0.));
#815 = DIRECTION('',(0.,0.,1.));
#816 = DIRECTION('',(1.,0.,-0.));
#817 = DEFINITIONAL_REPRESENTATION('',(#818),#822);
#818 = LINE('',#819,#820);
#819 = CARTESIAN_POINT('',(4.712388980385,-0.));
#820 = VECTOR('',#821,1.);
#821 = DIRECTION('',(-1.,0.));
#822 = ( GEOMETRIC_REPRESENTATION_CONTEXT(2) 
PARAMETRIC_REPRESENTATION_CONTEXT() REPRESENTATION_CONTEXT('2D SPACE',''
  ) );
#823 = ORIENTED_EDGE('',*,*,#824,.F.);
#824 = EDGE_CURVE('',#825,#792,#827,.T.);
#825 = VERTEX_POINT('',#826);
#826 = CARTESIAN_POINT('',(-87.03,-25.53,0.));
#827 = SURFACE_CURVE('',#828,(#832,#839),.PCURVE_S1.);
#828 = LINE('',#829,#830);
#829 = CARTESIAN_POINT('',(-87.53,-25.53,0.));
#830 = VECTOR('',#831,1.);
#831 = DIRECTION('',(1.,0.,0.));
#832 = PCURVE('',#44,#833);
#833 = DEFINITIONAL_REPRESENTATION('',(#834),#838);
#834 = LINE('',#835,#836);
#835 = CARTESIAN_POINT('',(-26.78842696629,23.461573033708));
#836 = VECTOR('',#837,1.);
#837 = DIRECTION('',(1.,0.));
#838 = ( GEOMETRIC_REPRESENTATION_CONTEXT(2) 
PARAMETRIC_REPRESENTATION_CONTEXT() REPRESENTATION_CONTEXT('2D SPACE',''
  ) );
#839 = PCURVE('',#840,#845);
#840 = PLANE('',#841);
#841 = AXIS2_PLACEMENT_3D('',#842,#843,#844);
#842 = CARTESIAN_POINT('',(-87.53,-25.53,0.));
#843 = DIRECTION('',(0.,1.,0.));
#844 = DIRECTION('',(1.,0.,0.));
#845 = DEFINITIONAL_REPRESENTATION('',(#846),#850);
#846 = LINE('',#847,#848);
#847 = CARTESIAN_POINT('',(0.,0.));
#848 = VECTOR('',#849,1.);
#849 = DIRECTION('',(1.,0.));
#850 = ( GEOMETRIC_REPRESENTATION_CONTEXT(2) 
PARAMETRIC_REPRESENTATION_CONTEXT() REPRESENTATION_CONTEXT('2D SPACE',''
  ) );
#851 = ORIENTED_EDGE('',*,*,#852,.F.);
#852 = EDGE_CURVE('',#853,#825,#855,.T.);
#853 = VERTEX_POINT('',#854);
#854 = CARTESIAN_POINT('',(-87.53,-25.03,0.));
#855 = SURFACE_CURVE('',#856,(#861,#868),.PCURVE_S1.);
#856 = CIRCLE('',#857,0.5);
#857 = AXIS2_PLACEMENT_3D('',#858,#859,#860);
#858 = CARTESIAN_POINT('',(-87.03,-25.03,0.));
#859 = DIRECTION('',(0.,0.,1.));
#860 = DIRECTION('',(0.,-1.,0.));
#861 = PCURVE('',#44,#862);
#862 = DEFINITIONAL_REPRESENTATION('',(#863),#867);
#863 = CIRCLE('',#864,0.5);
#864 = AXIS2_PLACEMENT_2D('',#865,#866);
#865 = CARTESIAN_POINT('',(-26.28842696629,23.961573033708));
#866 = DIRECTION('',(0.,-1.));
#867 = ( GEOMETRIC_REPRESENTATION_CONTEXT(2) 
PARAMETRIC_REPRESENTATION_CONTEXT() REPRESENTATION_CONTEXT('2D SPACE',''
  ) );
#868 = PCURVE('',#869,#874);
#869 = CYLINDRICAL_SURFACE('',#870,0.5);
#870 = AXIS2_PLACEMENT_3D('',#871,#872,#873);
#871 = CARTESIAN_POINT('',(-87.03,-25.03,0.));
#872 = DIRECTION('',(0.,0.,1.));
#873 = DIRECTION('',(-1.,0.,0.));
#874 = DEFINITIONAL_REPRESENTATION('',(#875),#879);
#875 = LINE('',#876,#877);
#876 = CARTESIAN_POINT('',(-4.712388980385,0.));
#877 = VECTOR('',#878,1.);
#878 = DIRECTION('',(1.,0.));
#879 = ( GEOMETRIC_REPRESENTATION_CONTEXT(2) 
PARAMETRIC_REPRESENTATION_CONTEXT() REPRESENTATION_CONTEXT('2D SPACE',''
  ) );
#880 = ORIENTED_EDGE('',*,*,#881,.F.);
#881 = EDGE_CURVE('',#882,#853,#884,.T.);
#882 = VERTEX_POINT('',#883);
#883 = CARTESIAN_POINT('',(-87.53,-22.03,0.));
#884 = SURFACE_CURVE('',#885,(#889,#896),.PCURVE_S1.);
#885 = LINE('',#886,#887);
#886 = CARTESIAN_POINT('',(-87.53,-21.53,0.));
#887 = VECTOR('',#888,1.);
#888 = DIRECTION('',(0.,-1.,0.));
#889 = PCURVE('',#44,#890);
#890 = DEFINITIONAL_REPRESENTATION('',(#891),#895);
#891 = LINE('',#892,#893);
#892 = CARTESIAN_POINT('',(-26.78842696629,27.461573033708));
#893 = VECTOR('',#894,1.);
#894 = DIRECTION('',(0.,-1.));
#895 = ( GEOMETRIC_REPRESENTATION_CONTEXT(2) 
PARAMETRIC_REPRESENTATION_CONTEXT() REPRESENTATION_CONTEXT('2D SPACE',''
  ) );
#896 = PCURVE('',#897,#902);
#897 = PLANE('',#898);
#898 = AXIS2_PLACEMENT_3D('',#899,#900,#901);
#899 = CARTESIAN_POINT('',(-87.53,-21.53,0.));
#900 = DIRECTION('',(1.,0.,-0.));
#901 = DIRECTION('',(0.,-1.,0.));
#902 = DEFINITIONAL_REPRESENTATION('',(#903),#907);
#903 = LINE('',#904,#905);
#904 = CARTESIAN_POINT('',(0.,0.));
#905 = VECTOR('',#906,1.);
#906 = DIRECTION('',(1.,0.));
#907 = ( GEOMETRIC_REPRESENTATION_CONTEXT(2) 
PARAMETRIC_REPRESENTATION_CONTEXT() REPRESENTATION_CONTEXT('2D SPACE',''
  ) );
#908 = ORIENTED_EDGE('',*,*,#909,.F.);
#909 = EDGE_CURVE('',#910,#882,#912,.T.);
#910 = VERTEX_POINT('',#911);
#911 = CARTESIAN_POINT('',(-88.03,-21.53,0.));
#912 = SURFACE_CURVE('',#913,(#918,#929),.PCURVE_S1.);
#913 = CIRCLE('',#914,0.5);
#914 = AXIS2_PLACEMENT_3D('',#915,#916,#917);
#915 = CARTESIAN_POINT('',(-88.03,-22.03,0.));
#916 = DIRECTION('',(-0.,-0.,-1.));
#917 = DIRECTION('',(0.,-1.,0.));
#918 = PCURVE('',#44,#919);
#919 = DEFINITIONAL_REPRESENTATION('',(#920),#928);
#920 = ( BOUNDED_CURVE() B_SPLINE_CURVE(2,(#921,#922,#923,#924,#925,#926
,#927),.UNSPECIFIED.,.T.,.F.) B_SPLINE_CURVE_WITH_KNOTS((1,2,2,2,2,1),(
    -2.094395102393,0.,2.094395102393,4.188790204786,6.28318530718,
8.377580409573),.UNSPECIFIED.) CURVE() GEOMETRIC_REPRESENTATION_ITEM() 
RATIONAL_B_SPLINE_CURVE((1.,0.5,1.,0.5,1.,0.5,1.)) REPRESENTATION_ITEM(
  '') );
#921 = CARTESIAN_POINT('',(-27.28842696629,26.461573033708));
#922 = CARTESIAN_POINT('',(-28.15445237007,26.461573033708));
#923 = CARTESIAN_POINT('',(-27.72143966818,27.211573033708));
#924 = CARTESIAN_POINT('',(-27.28842696629,27.961573033708));
#925 = CARTESIAN_POINT('',(-26.8554142644,27.211573033708));
#926 = CARTESIAN_POINT('',(-26.4224015625,26.461573033708));
#927 = CARTESIAN_POINT('',(-27.28842696629,26.461573033708));
#928 = ( GEOMETRIC_REPRESENTATION_CONTEXT(2) 
PARAMETRIC_REPRESENTATION_CONTEXT() REPRESENTATION_CONTEXT('2D SPACE',''
  ) );
#929 = PCURVE('',#930,#935);
#930 = CYLINDRICAL_SURFACE('',#931,0.5);
#931 = AXIS2_PLACEMENT_3D('',#932,#933,#934);
#932 = CARTESIAN_POINT('',(-88.03,-22.03,0.));
#933 = DIRECTION('',(0.,0.,1.));
#934 = DIRECTION('',(-0.,1.,0.));
#935 = DEFINITIONAL_REPRESENTATION('',(#936),#940);
#936 = LINE('',#937,#938);
#937 = CARTESIAN_POINT('',(3.14159265359,-0.));
#938 = VECTOR('',#939,1.);
#939 = DIRECTION('',(-1.,0.));
#940 = ( GEOMETRIC_REPRESENTATION_CONTEXT(2) 
PARAMETRIC_REPRESENTATION_CONTEXT() REPRESENTATION_CONTEXT('2D SPACE',''
  ) );
#941 = ORIENTED_EDGE('',*,*,#942,.F.);
#942 = EDGE_CURVE('',#943,#910,#945,.T.);
#943 = VERTEX_POINT('',#944);
#944 = CARTESIAN_POINT('',(-106.93,-21.53,0.));
#945 = SURFACE_CURVE('',#946,(#950,#957),.PCURVE_S1.);
#946 = LINE('',#947,#948);
#947 = CARTESIAN_POINT('',(-107.43,-21.53,0.));
#948 = VECTOR('',#949,1.);
#949 = DIRECTION('',(1.,0.,0.));
#950 = PCURVE('',#44,#951);
#951 = DEFINITIONAL_REPRESENTATION('',(#952),#956);
#952 = LINE('',#953,#954);
#953 = CARTESIAN_POINT('',(-46.68842696629,27.461573033708));
#954 = VECTOR('',#955,1.);
#955 = DIRECTION('',(1.,0.));
#956 = ( GEOMETRIC_REPRESENTATION_CONTEXT(2) 
PARAMETRIC_REPRESENTATION_CONTEXT() REPRESENTATION_CONTEXT('2D SPACE',''
  ) );
#957 = PCURVE('',#958,#963);
#958 = PLANE('',#959);
#959 = AXIS2_PLACEMENT_3D('',#960,#961,#962);
#960 = CARTESIAN_POINT('',(-107.43,-21.53,0.));
#961 = DIRECTION('',(0.,1.,0.));
#962 = DIRECTION('',(1.,0.,0.));
#963 = DEFINITIONAL_REPRESENTATION('',(#964),#968);
#964 = LINE('',#965,#966);
#965 = CARTESIAN_POINT('',(0.,0.));
#966 = VECTOR('',#967,1.);
#967 = DIRECTION('',(1.,0.));
#968 = ( GEOMETRIC_REPRESENTATION_CONTEXT(2) 
PARAMETRIC_REPRESENTATION_CONTEXT() REPRESENTATION_CONTEXT('2D SPACE',''
  ) );
#969 = ORIENTED_EDGE('',*,*,#970,.F.);
#970 = EDGE_CURVE('',#971,#943,#973,.T.);
#971 = VERTEX_POINT('',#972);
#972 = CARTESIAN_POINT('',(-107.43,-22.03,0.));
#973 = SURFACE_CURVE('',#974,(#979,#990),.PCURVE_S1.);
#974 = CIRCLE('',#975,0.5);
#975 = AXIS2_PLACEMENT_3D('',#976,#977,#978);
#976 = CARTESIAN_POINT('',(-106.93,-22.03,0.));
#977 = DIRECTION('',(-0.,-0.,-1.));
#978 = DIRECTION('',(0.,-1.,0.));
#979 = PCURVE('',#44,#980);
#980 = DEFINITIONAL_REPRESENTATION('',(#981),#989);
#981 = ( BOUNDED_CURVE() B_SPLINE_CURVE(2,(#982,#983,#984,#985,#986,#987
,#988),.UNSPECIFIED.,.T.,.F.) B_SPLINE_CURVE_WITH_KNOTS((1,2,2,2,2,1),(
    -2.094395102393,0.,2.094395102393,4.188790204786,6.28318530718,
8.377580409573),.UNSPECIFIED.) CURVE() GEOMETRIC_REPRESENTATION_ITEM() 
RATIONAL_B_SPLINE_CURVE((1.,0.5,1.,0.5,1.,0.5,1.)) REPRESENTATION_ITEM(
  '') );
#982 = CARTESIAN_POINT('',(-46.18842696629,26.461573033708));
#983 = CARTESIAN_POINT('',(-47.05445237007,26.461573033708));
#984 = CARTESIAN_POINT('',(-46.62143966818,27.211573033708));
#985 = CARTESIAN_POINT('',(-46.18842696629,27.961573033708));
#986 = CARTESIAN_POINT('',(-45.7554142644,27.211573033708));
#987 = CARTESIAN_POINT('',(-45.3224015625,26.461573033708));
#988 = CARTESIAN_POINT('',(-46.18842696629,26.461573033708));
#989 = ( GEOMETRIC_REPRESENTATION_CONTEXT(2) 
PARAMETRIC_REPRESENTATION_CONTEXT() REPRESENTATION_CONTEXT('2D SPACE',''
  ) );
#990 = PCURVE('',#991,#996);
#991 = CYLINDRICAL_SURFACE('',#992,0.5);
#992 = AXIS2_PLACEMENT_3D('',#993,#994,#995);
#993 = CARTESIAN_POINT('',(-106.93,-22.03,0.));
#994 = DIRECTION('',(0.,0.,1.));
#995 = DIRECTION('',(-1.,0.,0.));
#996 = DEFINITIONAL_REPRESENTATION('',(#997),#1001);
#997 = LINE('',#998,#999);
#998 = CARTESIAN_POINT('',(1.570796326795,-0.));
#999 = VECTOR('',#1000,1.);
#1000 = DIRECTION('',(-1.,0.));
#1001 = ( GEOMETRIC_REPRESENTATION_CONTEXT(2) 
PARAMETRIC_REPRESENTATION_CONTEXT() REPRESENTATION_CONTEXT('2D SPACE',''
  ) );
#1002 = ORIENTED_EDGE('',*,*,#1003,.F.);
#1003 = EDGE_CURVE('',#1004,#971,#1006,.T.);
#1004 = VERTEX_POINT('',#1005);
#1005 = CARTESIAN_POINT('',(-107.43,-25.03,0.));
#1006 = SURFACE_CURVE('',#1007,(#1011,#1018),.PCURVE_S1.);
#1007 = LINE('',#1008,#1009);
#1008 = CARTESIAN_POINT('',(-107.43,-25.53,0.));
#1009 = VECTOR('',#1010,1.);
#1010 = DIRECTION('',(0.,1.,0.));
#1011 = PCURVE('',#44,#1012);
#1012 = DEFINITIONAL_REPRESENTATION('',(#1013),#1017);
#1013 = LINE('',#1014,#1015);
#1014 = CARTESIAN_POINT('',(-46.68842696629,23.461573033708));
#1015 = VECTOR('',#1016,1.);
#1016 = DIRECTION('',(0.,1.));
#1017 = ( GEOMETRIC_REPRESENTATION_CONTEXT(2) 
PARAMETRIC_REPRESENTATION_CONTEXT() REPRESENTATION_CONTEXT('2D SPACE',''
  ) );
#1018 = PCURVE('',#1019,#1024);
#1019 = PLANE('',#1020);
#1020 = AXIS2_PLACEMENT_3D('',#1021,#1022,#1023);
#1021 = CARTESIAN_POINT('',(-107.43,-25.53,0.));
#1022 = DIRECTION('',(-1.,0.,0.));
#1023 = DIRECTION('',(0.,1.,0.));
#1024 = DEFINITIONAL_REPRESENTATION('',(#1025),#1029);
#1025 = LINE('',#1026,#1027);
#1026 = CARTESIAN_POINT('',(0.,0.));
#1027 = VECTOR('',#1028,1.);
#1028 = DIRECTION('',(1.,0.));
#1029 = ( GEOMETRIC_REPRESENTATION_CONTEXT(2) 
PARAMETRIC_REPRESENTATION_CONTEXT() REPRESENTATION_CONTEXT('2D SPACE',''
  ) );
#1030 = ORIENTED_EDGE('',*,*,#1031,.F.);
#1031 = EDGE_CURVE('',#581,#1004,#1032,.T.);
#1032 = SURFACE_CURVE('',#1033,(#1038,#1045),.PCURVE_S1.);
#1033 = CIRCLE('',#1034,0.5);
#1034 = AXIS2_PLACEMENT_3D('',#1035,#1036,#1037);
#1035 = CARTESIAN_POINT('',(-107.93,-25.03,0.));
#1036 = DIRECTION('',(0.,0.,1.));
#1037 = DIRECTION('',(0.,-1.,0.));
#1038 = PCURVE('',#44,#1039);
#1039 = DEFINITIONAL_REPRESENTATION('',(#1040),#1044);
#1040 = CIRCLE('',#1041,0.5);
#1041 = AXIS2_PLACEMENT_2D('',#1042,#1043);
#1042 = CARTESIAN_POINT('',(-47.18842696629,23.961573033708));
#1043 = DIRECTION('',(0.,-1.));
#1044 = ( GEOMETRIC_REPRESENTATION_CONTEXT(2) 
PARAMETRIC_REPRESENTATION_CONTEXT() REPRESENTATION_CONTEXT('2D SPACE',''
  ) );
#1045 = PCURVE('',#1046,#1051);
#1046 = CYLINDRICAL_SURFACE('',#1047,0.5);
#1047 = AXIS2_PLACEMENT_3D('',#1048,#1049,#1050);
#1048 = CARTESIAN_POINT('',(-107.93,-25.03,0.));
#1049 = DIRECTION('',(0.,0.,1.));
#1050 = DIRECTION('',(0.,-1.,0.));
#1051 = DEFINITIONAL_REPRESENTATION('',(#1052),#1056);
#1052 = LINE('',#1053,#1054);
#1053 = CARTESIAN_POINT('',(0.,0.));
#1054 = VECTOR('',#1055,1.);
#1055 = DIRECTION('',(1.,0.));
#1056 = ( GEOMETRIC_REPRESENTATION_CONTEXT(2) 
PARAMETRIC_REPRESENTATION_CONTEXT() REPRESENTATION_CONTEXT('2D SPACE',''
  ) );
#1057 = FACE_BOUND('',#1058,.F.);
#1058 = EDGE_LOOP('',(#1059,#1089,#1122,#1150,#1183,#1211,#1240,#1268,
    #1297,#1325,#1354,#1382,#1411,#1439,#1468,#1496));
#1059 = ORIENTED_EDGE('',*,*,#1060,.F.);
#1060 = EDGE_CURVE('',#1061,#1063,#1065,.T.);
#1061 = VERTEX_POINT('',#1062);
#1062 = CARTESIAN_POINT('',(-40.18,-51.03,0.));
#1063 = VERTEX_POINT('',#1064);
#1064 = CARTESIAN_POINT('',(-28.68,-51.03,0.));
#1065 = SURFACE_CURVE('',#1066,(#1070,#1077),.PCURVE_S1.);
#1066 = LINE('',#1067,#1068);
#1067 = CARTESIAN_POINT('',(-40.68,-51.03,0.));
#1068 = VECTOR('',#1069,1.);
#1069 = DIRECTION('',(1.,0.,0.));
#1070 = PCURVE('',#44,#1071);
#1071 = DEFINITIONAL_REPRESENTATION('',(#1072),#1076);
#1072 = LINE('',#1073,#1074);
#1073 = CARTESIAN_POINT('',(20.061573033708,-2.038426966292));
#1074 = VECTOR('',#1075,1.);
#1075 = DIRECTION('',(1.,0.));
#1076 = ( GEOMETRIC_REPRESENTATION_CONTEXT(2) 
PARAMETRIC_REPRESENTATION_CONTEXT() REPRESENTATION_CONTEXT('2D SPACE',''
  ) );
#1077 = PCURVE('',#1078,#1083);
#1078 = PLANE('',#1079);
#1079 = AXIS2_PLACEMENT_3D('',#1080,#1081,#1082);
#1080 = CARTESIAN_POINT('',(-40.68,-51.03,0.));
#1081 = DIRECTION('',(0.,1.,0.));
#1082 = DIRECTION('',(1.,0.,0.));
#1083 = DEFINITIONAL_REPRESENTATION('',(#1084),#1088);
#1084 = LINE('',#1085,#1086);
#1085 = CARTESIAN_POINT('',(0.,0.));
#1086 = VECTOR('',#1087,1.);
#1087 = DIRECTION('',(1.,0.));
#1088 = ( GEOMETRIC_REPRESENTATION_CONTEXT(2) 
PARAMETRIC_REPRESENTATION_CONTEXT() REPRESENTATION_CONTEXT('2D SPACE',''
  ) );
#1089 = ORIENTED_EDGE('',*,*,#1090,.T.);
#1090 = EDGE_CURVE('',#1061,#1091,#1093,.T.);
#1091 = VERTEX_POINT('',#1092);
#1092 = CARTESIAN_POINT('',(-40.68,-50.53,0.));
#1093 = SURFACE_CURVE('',#1094,(#1099,#1110),.PCURVE_S1.);
#1094 = CIRCLE('',#1095,0.5);
#1095 = AXIS2_PLACEMENT_3D('',#1096,#1097,#1098);
#1096 = CARTESIAN_POINT('',(-40.18,-50.53,0.));
#1097 = DIRECTION('',(-0.,-0.,-1.));
#1098 = DIRECTION('',(0.,-1.,0.));
#1099 = PCURVE('',#44,#1100);
#1100 = DEFINITIONAL_REPRESENTATION('',(#1101),#1109);
#1101 = ( BOUNDED_CURVE() B_SPLINE_CURVE(2,(#1102,#1103,#1104,#1105,
#1106,#1107,#1108),.UNSPECIFIED.,.T.,.F.) B_SPLINE_CURVE_WITH_KNOTS((1,2
    ,2,2,2,1),(-2.094395102393,0.,2.094395102393,4.188790204786,
6.28318530718,8.377580409573),.UNSPECIFIED.) CURVE() 
GEOMETRIC_REPRESENTATION_ITEM() RATIONAL_B_SPLINE_CURVE((1.,0.5,1.,0.5,
1.,0.5,1.)) REPRESENTATION_ITEM('') );
#1102 = CARTESIAN_POINT('',(20.561573033708,-2.038426966292));
#1103 = CARTESIAN_POINT('',(19.695547629923,-2.038426966292));
#1104 = CARTESIAN_POINT('',(20.128560331816,-1.288426966292));
#1105 = CARTESIAN_POINT('',(20.561573033708,-0.538426966292));
#1106 = CARTESIAN_POINT('',(20.9945857356,-1.288426966292));
#1107 = CARTESIAN_POINT('',(21.427598437492,-2.038426966292));
#1108 = CARTESIAN_POINT('',(20.561573033708,-2.038426966292));
#1109 = ( GEOMETRIC_REPRESENTATION_CONTEXT(2) 
PARAMETRIC_REPRESENTATION_CONTEXT() REPRESENTATION_CONTEXT('2D SPACE',''
  ) );
#1110 = PCURVE('',#1111,#1116);
#1111 = CYLINDRICAL_SURFACE('',#1112,0.5);
#1112 = AXIS2_PLACEMENT_3D('',#1113,#1114,#1115);
#1113 = CARTESIAN_POINT('',(-40.18,-50.53,0.));
#1114 = DIRECTION('',(0.,0.,1.));
#1115 = DIRECTION('',(0.,-1.,0.));
#1116 = DEFINITIONAL_REPRESENTATION('',(#1117),#1121);
#1117 = LINE('',#1118,#1119);
#1118 = CARTESIAN_POINT('',(-0.,0.));
#1119 = VECTOR('',#1120,1.);
#1120 = DIRECTION('',(-1.,0.));
#1121 = ( GEOMETRIC_REPRESENTATION_CONTEXT(2) 
PARAMETRIC_REPRESENTATION_CONTEXT() REPRESENTATION_CONTEXT('2D SPACE',''
  ) );
#1122 = ORIENTED_EDGE('',*,*,#1123,.F.);
#1123 = EDGE_CURVE('',#1124,#1091,#1126,.T.);
#1124 = VERTEX_POINT('',#1125);
#1125 = CARTESIAN_POINT('',(-40.68,-49.92,0.));
#1126 = SURFACE_CURVE('',#1127,(#1131,#1138),.PCURVE_S1.);
#1127 = LINE('',#1128,#1129);
#1128 = CARTESIAN_POINT('',(-40.68,-49.42,0.));
#1129 = VECTOR('',#1130,1.);
#1130 = DIRECTION('',(0.,-1.,0.));
#1131 = PCURVE('',#44,#1132);
#1132 = DEFINITIONAL_REPRESENTATION('',(#1133),#1137);
#1133 = LINE('',#1134,#1135);
#1134 = CARTESIAN_POINT('',(20.061573033708,-0.428426966292));
#1135 = VECTOR('',#1136,1.);
#1136 = DIRECTION('',(0.,-1.));
#1137 = ( GEOMETRIC_REPRESENTATION_CONTEXT(2) 
PARAMETRIC_REPRESENTATION_CONTEXT() REPRESENTATION_CONTEXT('2D SPACE',''
  ) );
#1138 = PCURVE('',#1139,#1144);
#1139 = PLANE('',#1140);
#1140 = AXIS2_PLACEMENT_3D('',#1141,#1142,#1143);
#1141 = CARTESIAN_POINT('',(-40.68,-49.42,0.));
#1142 = DIRECTION('',(1.,0.,-0.));
#1143 = DIRECTION('',(0.,-1.,0.));
#1144 = DEFINITIONAL_REPRESENTATION('',(#1145),#1149);
#1145 = LINE('',#1146,#1147);
#1146 = CARTESIAN_POINT('',(0.,0.));
#1147 = VECTOR('',#1148,1.);
#1148 = DIRECTION('',(1.,0.));
#1149 = ( GEOMETRIC_REPRESENTATION_CONTEXT(2) 
PARAMETRIC_REPRESENTATION_CONTEXT() REPRESENTATION_CONTEXT('2D SPACE',''
  ) );
#1150 = ORIENTED_EDGE('',*,*,#1151,.T.);
#1151 = EDGE_CURVE('',#1124,#1152,#1154,.T.);
#1152 = VERTEX_POINT('',#1153);
#1153 = CARTESIAN_POINT('',(-40.18,-49.42,0.));
#1154 = SURFACE_CURVE('',#1155,(#1160,#1171),.PCURVE_S1.);
#1155 = CIRCLE('',#1156,0.5);
#1156 = AXIS2_PLACEMENT_3D('',#1157,#1158,#1159);
#1157 = CARTESIAN_POINT('',(-40.18,-49.92,0.));
#1158 = DIRECTION('',(-0.,-0.,-1.));
#1159 = DIRECTION('',(0.,-1.,0.));
#1160 = PCURVE('',#44,#1161);
#1161 = DEFINITIONAL_REPRESENTATION('',(#1162),#1170);
#1162 = ( BOUNDED_CURVE() B_SPLINE_CURVE(2,(#1163,#1164,#1165,#1166,
#1167,#1168,#1169),.UNSPECIFIED.,.T.,.F.) B_SPLINE_CURVE_WITH_KNOTS((1,2
    ,2,2,2,1),(-2.094395102393,0.,2.094395102393,4.188790204786,
6.28318530718,8.377580409573),.UNSPECIFIED.) CURVE() 
GEOMETRIC_REPRESENTATION_ITEM() RATIONAL_B_SPLINE_CURVE((1.,0.5,1.,0.5,
1.,0.5,1.)) REPRESENTATION_ITEM('') );
#1163 = CARTESIAN_POINT('',(20.561573033708,-1.428426966292));
#1164 = CARTESIAN_POINT('',(19.695547629923,-1.428426966292));
#1165 = CARTESIAN_POINT('',(20.128560331816,-0.678426966292));
#1166 = CARTESIAN_POINT('',(20.561573033708,7.157303370786E-02));
#1167 = CARTESIAN_POINT('',(20.9945857356,-0.678426966292));
#1168 = CARTESIAN_POINT('',(21.427598437492,-1.428426966292));
#1169 = CARTESIAN_POINT('',(20.561573033708,-1.428426966292));
#1170 = ( GEOMETRIC_REPRESENTATION_CONTEXT(2) 
PARAMETRIC_REPRESENTATION_CONTEXT() REPRESENTATION_CONTEXT('2D SPACE',''
  ) );
#1171 = PCURVE('',#1172,#1177);
#1172 = CYLINDRICAL_SURFACE('',#1173,0.5);
#1173 = AXIS2_PLACEMENT_3D('',#1174,#1175,#1176);
#1174 = CARTESIAN_POINT('',(-40.18,-49.92,0.));
#1175 = DIRECTION('',(0.,0.,1.));
#1176 = DIRECTION('',(-1.,0.,0.));
#1177 = DEFINITIONAL_REPRESENTATION('',(#1178),#1182);
#1178 = LINE('',#1179,#1180);
#1179 = CARTESIAN_POINT('',(1.570796326795,-0.));
#1180 = VECTOR('',#1181,1.);
#1181 = DIRECTION('',(-1.,0.));
#1182 = ( GEOMETRIC_REPRESENTATION_CONTEXT(2) 
PARAMETRIC_REPRESENTATION_CONTEXT() REPRESENTATION_CONTEXT('2D SPACE',''
  ) );
#1183 = ORIENTED_EDGE('',*,*,#1184,.F.);
#1184 = EDGE_CURVE('',#1185,#1152,#1187,.T.);
#1185 = VERTEX_POINT('',#1186);
#1186 = CARTESIAN_POINT('',(-37.17,-49.42,0.));
#1187 = SURFACE_CURVE('',#1188,(#1192,#1199),.PCURVE_S1.);
#1188 = LINE('',#1189,#1190);
#1189 = CARTESIAN_POINT('',(-36.67,-49.42,0.));
#1190 = VECTOR('',#1191,1.);
#1191 = DIRECTION('',(-1.,0.,0.));
#1192 = PCURVE('',#44,#1193);
#1193 = DEFINITIONAL_REPRESENTATION('',(#1194),#1198);
#1194 = LINE('',#1195,#1196);
#1195 = CARTESIAN_POINT('',(24.071573033708,-0.428426966292));
#1196 = VECTOR('',#1197,1.);
#1197 = DIRECTION('',(-1.,0.));
#1198 = ( GEOMETRIC_REPRESENTATION_CONTEXT(2) 
PARAMETRIC_REPRESENTATION_CONTEXT() REPRESENTATION_CONTEXT('2D SPACE',''
  ) );
#1199 = PCURVE('',#1200,#1205);
#1200 = PLANE('',#1201);
#1201 = AXIS2_PLACEMENT_3D('',#1202,#1203,#1204);
#1202 = CARTESIAN_POINT('',(-36.67,-49.42,0.));
#1203 = DIRECTION('',(0.,-1.,0.));
#1204 = DIRECTION('',(-1.,0.,0.));
#1205 = DEFINITIONAL_REPRESENTATION('',(#1206),#1210);
#1206 = LINE('',#1207,#1208);
#1207 = CARTESIAN_POINT('',(0.,-0.));
#1208 = VECTOR('',#1209,1.);
#1209 = DIRECTION('',(1.,0.));
#1210 = ( GEOMETRIC_REPRESENTATION_CONTEXT(2) 
PARAMETRIC_REPRESENTATION_CONTEXT() REPRESENTATION_CONTEXT('2D SPACE',''
  ) );
#1211 = ORIENTED_EDGE('',*,*,#1212,.T.);
#1212 = EDGE_CURVE('',#1185,#1213,#1215,.T.);
#1213 = VERTEX_POINT('',#1214);
#1214 = CARTESIAN_POINT('',(-36.67,-48.92,0.));
#1215 = SURFACE_CURVE('',#1216,(#1221,#1228),.PCURVE_S1.);
#1216 = CIRCLE('',#1217,0.5);
#1217 = AXIS2_PLACEMENT_3D('',#1218,#1219,#1220);
#1218 = CARTESIAN_POINT('',(-37.17,-48.92,0.));
#1219 = DIRECTION('',(0.,0.,1.));
#1220 = DIRECTION('',(0.,-1.,0.));
#1221 = PCURVE('',#44,#1222);
#1222 = DEFINITIONAL_REPRESENTATION('',(#1223),#1227);
#1223 = CIRCLE('',#1224,0.5);
#1224 = AXIS2_PLACEMENT_2D('',#1225,#1226);
#1225 = CARTESIAN_POINT('',(23.571573033708,7.157303370786E-02));
#1226 = DIRECTION('',(0.,-1.));
#1227 = ( GEOMETRIC_REPRESENTATION_CONTEXT(2) 
PARAMETRIC_REPRESENTATION_CONTEXT() REPRESENTATION_CONTEXT('2D SPACE',''
  ) );
#1228 = PCURVE('',#1229,#1234);
#1229 = CYLINDRICAL_SURFACE('',#1230,0.5);
#1230 = AXIS2_PLACEMENT_3D('',#1231,#1232,#1233);
#1231 = CARTESIAN_POINT('',(-37.17,-48.92,0.));
#1232 = DIRECTION('',(0.,0.,1.));
#1233 = DIRECTION('',(0.,-1.,0.));
#1234 = DEFINITIONAL_REPRESENTATION('',(#1235),#1239);
#1235 = LINE('',#1236,#1237);
#1236 = CARTESIAN_POINT('',(0.,0.));
#1237 = VECTOR('',#1238,1.);
#1238 = DIRECTION('',(1.,0.));
#1239 = ( GEOMETRIC_REPRESENTATION_CONTEXT(2) 
PARAMETRIC_REPRESENTATION_CONTEXT() REPRESENTATION_CONTEXT('2D SPACE',''
  ) );
#1240 = ORIENTED_EDGE('',*,*,#1241,.F.);
#1241 = EDGE_CURVE('',#1242,#1213,#1244,.T.);
#1242 = VERTEX_POINT('',#1243);
#1243 = CARTESIAN_POINT('',(-36.67,-30.03,0.));
#1244 = SURFACE_CURVE('',#1245,(#1249,#1256),.PCURVE_S1.);
#1245 = LINE('',#1246,#1247);
#1246 = CARTESIAN_POINT('',(-36.67,-29.53,0.));
#1247 = VECTOR('',#1248,1.);
#1248 = DIRECTION('',(0.,-1.,0.));
#1249 = PCURVE('',#44,#1250);
#1250 = DEFINITIONAL_REPRESENTATION('',(#1251),#1255);
#1251 = LINE('',#1252,#1253);
#1252 = CARTESIAN_POINT('',(24.071573033708,19.461573033708));
#1253 = VECTOR('',#1254,1.);
#1254 = DIRECTION('',(0.,-1.));
#1255 = ( GEOMETRIC_REPRESENTATION_CONTEXT(2) 
PARAMETRIC_REPRESENTATION_CONTEXT() REPRESENTATION_CONTEXT('2D SPACE',''
  ) );
#1256 = PCURVE('',#1257,#1262);
#1257 = PLANE('',#1258);
#1258 = AXIS2_PLACEMENT_3D('',#1259,#1260,#1261);
#1259 = CARTESIAN_POINT('',(-36.67,-29.53,0.));
#1260 = DIRECTION('',(1.,0.,-0.));
#1261 = DIRECTION('',(0.,-1.,0.));
#1262 = DEFINITIONAL_REPRESENTATION('',(#1263),#1267);
#1263 = LINE('',#1264,#1265);
#1264 = CARTESIAN_POINT('',(0.,0.));
#1265 = VECTOR('',#1266,1.);
#1266 = DIRECTION('',(1.,0.));
#1267 = ( GEOMETRIC_REPRESENTATION_CONTEXT(2) 
PARAMETRIC_REPRESENTATION_CONTEXT() REPRESENTATION_CONTEXT('2D SPACE',''
  ) );
#1268 = ORIENTED_EDGE('',*,*,#1269,.T.);
#1269 = EDGE_CURVE('',#1242,#1270,#1272,.T.);
#1270 = VERTEX_POINT('',#1271);
#1271 = CARTESIAN_POINT('',(-37.17,-29.53,0.));
#1272 = SURFACE_CURVE('',#1273,(#1278,#1285),.PCURVE_S1.);
#1273 = CIRCLE('',#1274,0.5);
#1274 = AXIS2_PLACEMENT_3D('',#1275,#1276,#1277);
#1275 = CARTESIAN_POINT('',(-37.17,-30.03,0.));
#1276 = DIRECTION('',(0.,0.,1.));
#1277 = DIRECTION('',(0.,-1.,0.));
#1278 = PCURVE('',#44,#1279);
#1279 = DEFINITIONAL_REPRESENTATION('',(#1280),#1284);
#1280 = CIRCLE('',#1281,0.5);
#1281 = AXIS2_PLACEMENT_2D('',#1282,#1283);
#1282 = CARTESIAN_POINT('',(23.571573033708,18.961573033708));
#1283 = DIRECTION('',(0.,-1.));
#1284 = ( GEOMETRIC_REPRESENTATION_CONTEXT(2) 
PARAMETRIC_REPRESENTATION_CONTEXT() REPRESENTATION_CONTEXT('2D SPACE',''
  ) );
#1285 = PCURVE('',#1286,#1291);
#1286 = CYLINDRICAL_SURFACE('',#1287,0.5);
#1287 = AXIS2_PLACEMENT_3D('',#1288,#1289,#1290);
#1288 = CARTESIAN_POINT('',(-37.17,-30.03,0.));
#1289 = DIRECTION('',(0.,0.,1.));
#1290 = DIRECTION('',(1.,0.,-0.));
#1291 = DEFINITIONAL_REPRESENTATION('',(#1292),#1296);
#1292 = LINE('',#1293,#1294);
#1293 = CARTESIAN_POINT('',(-1.570796326795,0.));
#1294 = VECTOR('',#1295,1.);
#1295 = DIRECTION('',(1.,0.));
#1296 = ( GEOMETRIC_REPRESENTATION_CONTEXT(2) 
PARAMETRIC_REPRESENTATION_CONTEXT() REPRESENTATION_CONTEXT('2D SPACE',''
  ) );
#1297 = ORIENTED_EDGE('',*,*,#1298,.F.);
#1298 = EDGE_CURVE('',#1299,#1270,#1301,.T.);
#1299 = VERTEX_POINT('',#1300);
#1300 = CARTESIAN_POINT('',(-40.17,-29.53,0.));
#1301 = SURFACE_CURVE('',#1302,(#1306,#1313),.PCURVE_S1.);
#1302 = LINE('',#1303,#1304);
#1303 = CARTESIAN_POINT('',(-40.67,-29.53,0.));
#1304 = VECTOR('',#1305,1.);
#1305 = DIRECTION('',(1.,0.,0.));
#1306 = PCURVE('',#44,#1307);
#1307 = DEFINITIONAL_REPRESENTATION('',(#1308),#1312);
#1308 = LINE('',#1309,#1310);
#1309 = CARTESIAN_POINT('',(20.071573033708,19.461573033708));
#1310 = VECTOR('',#1311,1.);
#1311 = DIRECTION('',(1.,0.));
#1312 = ( GEOMETRIC_REPRESENTATION_CONTEXT(2) 
PARAMETRIC_REPRESENTATION_CONTEXT() REPRESENTATION_CONTEXT('2D SPACE',''
  ) );
#1313 = PCURVE('',#1314,#1319);
#1314 = PLANE('',#1315);
#1315 = AXIS2_PLACEMENT_3D('',#1316,#1317,#1318);
#1316 = CARTESIAN_POINT('',(-40.67,-29.53,0.));
#1317 = DIRECTION('',(0.,1.,0.));
#1318 = DIRECTION('',(1.,0.,0.));
#1319 = DEFINITIONAL_REPRESENTATION('',(#1320),#1324);
#1320 = LINE('',#1321,#1322);
#1321 = CARTESIAN_POINT('',(0.,0.));
#1322 = VECTOR('',#1323,1.);
#1323 = DIRECTION('',(1.,0.));
#1324 = ( GEOMETRIC_REPRESENTATION_CONTEXT(2) 
PARAMETRIC_REPRESENTATION_CONTEXT() REPRESENTATION_CONTEXT('2D SPACE',''
  ) );
#1325 = ORIENTED_EDGE('',*,*,#1326,.F.);
#1326 = EDGE_CURVE('',#1327,#1299,#1329,.T.);
#1327 = VERTEX_POINT('',#1328);
#1328 = CARTESIAN_POINT('',(-40.67,-29.03,0.));
#1329 = SURFACE_CURVE('',#1330,(#1335,#1342),.PCURVE_S1.);
#1330 = CIRCLE('',#1331,0.5);
#1331 = AXIS2_PLACEMENT_3D('',#1332,#1333,#1334);
#1332 = CARTESIAN_POINT('',(-40.17,-29.03,0.));
#1333 = DIRECTION('',(0.,0.,1.));
#1334 = DIRECTION('',(0.,-1.,0.));
#1335 = PCURVE('',#44,#1336);
#1336 = DEFINITIONAL_REPRESENTATION('',(#1337),#1341);
#1337 = CIRCLE('',#1338,0.5);
#1338 = AXIS2_PLACEMENT_2D('',#1339,#1340);
#1339 = CARTESIAN_POINT('',(20.571573033708,19.961573033708));
#1340 = DIRECTION('',(0.,-1.));
#1341 = ( GEOMETRIC_REPRESENTATION_CONTEXT(2) 
PARAMETRIC_REPRESENTATION_CONTEXT() REPRESENTATION_CONTEXT('2D SPACE',''
  ) );
#1342 = PCURVE('',#1343,#1348);
#1343 = CYLINDRICAL_SURFACE('',#1344,0.5);
#1344 = AXIS2_PLACEMENT_3D('',#1345,#1346,#1347);
#1345 = CARTESIAN_POINT('',(-40.17,-29.03,0.));
#1346 = DIRECTION('',(0.,0.,1.));
#1347 = DIRECTION('',(-1.,0.,0.));
#1348 = DEFINITIONAL_REPRESENTATION('',(#1349),#1353);
#1349 = LINE('',#1350,#1351);
#1350 = CARTESIAN_POINT('',(-4.712388980385,0.));
#1351 = VECTOR('',#1352,1.);
#1352 = DIRECTION('',(1.,0.));
#1353 = ( GEOMETRIC_REPRESENTATION_CONTEXT(2) 
PARAMETRIC_REPRESENTATION_CONTEXT() REPRESENTATION_CONTEXT('2D SPACE',''
  ) );
#1354 = ORIENTED_EDGE('',*,*,#1355,.F.);
#1355 = EDGE_CURVE('',#1356,#1327,#1358,.T.);
#1356 = VERTEX_POINT('',#1357);
#1357 = CARTESIAN_POINT('',(-40.67,-28.47,0.));
#1358 = SURFACE_CURVE('',#1359,(#1363,#1370),.PCURVE_S1.);
#1359 = LINE('',#1360,#1361);
#1360 = CARTESIAN_POINT('',(-40.67,-27.97,0.));
#1361 = VECTOR('',#1362,1.);
#1362 = DIRECTION('',(0.,-1.,0.));
#1363 = PCURVE('',#44,#1364);
#1364 = DEFINITIONAL_REPRESENTATION('',(#1365),#1369);
#1365 = LINE('',#1366,#1367);
#1366 = CARTESIAN_POINT('',(20.071573033708,21.021573033708));
#1367 = VECTOR('',#1368,1.);
#1368 = DIRECTION('',(0.,-1.));
#1369 = ( GEOMETRIC_REPRESENTATION_CONTEXT(2) 
PARAMETRIC_REPRESENTATION_CONTEXT() REPRESENTATION_CONTEXT('2D SPACE',''
  ) );
#1370 = PCURVE('',#1371,#1376);
#1371 = PLANE('',#1372);
#1372 = AXIS2_PLACEMENT_3D('',#1373,#1374,#1375);
#1373 = CARTESIAN_POINT('',(-40.67,-27.97,0.));
#1374 = DIRECTION('',(1.,0.,-0.));
#1375 = DIRECTION('',(0.,-1.,0.));
#1376 = DEFINITIONAL_REPRESENTATION('',(#1377),#1381);
#1377 = LINE('',#1378,#1379);
#1378 = CARTESIAN_POINT('',(0.,0.));
#1379 = VECTOR('',#1380,1.);
#1380 = DIRECTION('',(1.,0.));
#1381 = ( GEOMETRIC_REPRESENTATION_CONTEXT(2) 
PARAMETRIC_REPRESENTATION_CONTEXT() REPRESENTATION_CONTEXT('2D SPACE',''
  ) );
#1382 = ORIENTED_EDGE('',*,*,#1383,.F.);
#1383 = EDGE_CURVE('',#1384,#1356,#1386,.T.);
#1384 = VERTEX_POINT('',#1385);
#1385 = CARTESIAN_POINT('',(-40.17,-27.97,0.));
#1386 = SURFACE_CURVE('',#1387,(#1392,#1399),.PCURVE_S1.);
#1387 = CIRCLE('',#1388,0.5);
#1388 = AXIS2_PLACEMENT_3D('',#1389,#1390,#1391);
#1389 = CARTESIAN_POINT('',(-40.17,-28.47,0.));
#1390 = DIRECTION('',(0.,0.,1.));
#1391 = DIRECTION('',(0.,-1.,0.));
#1392 = PCURVE('',#44,#1393);
#1393 = DEFINITIONAL_REPRESENTATION('',(#1394),#1398);
#1394 = CIRCLE('',#1395,0.5);
#1395 = AXIS2_PLACEMENT_2D('',#1396,#1397);
#1396 = CARTESIAN_POINT('',(20.571573033708,20.521573033708));
#1397 = DIRECTION('',(0.,-1.));
#1398 = ( GEOMETRIC_REPRESENTATION_CONTEXT(2) 
PARAMETRIC_REPRESENTATION_CONTEXT() REPRESENTATION_CONTEXT('2D SPACE',''
  ) );
#1399 = PCURVE('',#1400,#1405);
#1400 = CYLINDRICAL_SURFACE('',#1401,0.5);
#1401 = AXIS2_PLACEMENT_3D('',#1402,#1403,#1404);
#1402 = CARTESIAN_POINT('',(-40.17,-28.47,0.));
#1403 = DIRECTION('',(0.,0.,1.));
#1404 = DIRECTION('',(-0.,1.,0.));
#1405 = DEFINITIONAL_REPRESENTATION('',(#1406),#1410);
#1406 = LINE('',#1407,#1408);
#1407 = CARTESIAN_POINT('',(-3.14159265359,0.));
#1408 = VECTOR('',#1409,1.);
#1409 = DIRECTION('',(1.,0.));
#1410 = ( GEOMETRIC_REPRESENTATION_CONTEXT(2) 
PARAMETRIC_REPRESENTATION_CONTEXT() REPRESENTATION_CONTEXT('2D SPACE',''
  ) );
#1411 = ORIENTED_EDGE('',*,*,#1412,.F.);
#1412 = EDGE_CURVE('',#1413,#1384,#1415,.T.);
#1413 = VERTEX_POINT('',#1414);
#1414 = CARTESIAN_POINT('',(-28.68,-27.97,0.));
#1415 = SURFACE_CURVE('',#1416,(#1420,#1427),.PCURVE_S1.);
#1416 = LINE('',#1417,#1418);
#1417 = CARTESIAN_POINT('',(-28.18,-27.97,0.));
#1418 = VECTOR('',#1419,1.);
#1419 = DIRECTION('',(-1.,0.,0.));
#1420 = PCURVE('',#44,#1421);
#1421 = DEFINITIONAL_REPRESENTATION('',(#1422),#1426);
#1422 = LINE('',#1423,#1424);
#1423 = CARTESIAN_POINT('',(32.561573033708,21.021573033708));
#1424 = VECTOR('',#1425,1.);
#1425 = DIRECTION('',(-1.,0.));
#1426 = ( GEOMETRIC_REPRESENTATION_CONTEXT(2) 
PARAMETRIC_REPRESENTATION_CONTEXT() REPRESENTATION_CONTEXT('2D SPACE',''
  ) );
#1427 = PCURVE('',#1428,#1433);
#1428 = PLANE('',#1429);
#1429 = AXIS2_PLACEMENT_3D('',#1430,#1431,#1432);
#1430 = CARTESIAN_POINT('',(-28.18,-27.97,0.));
#1431 = DIRECTION('',(0.,-1.,0.));
#1432 = DIRECTION('',(-1.,0.,0.));
#1433 = DEFINITIONAL_REPRESENTATION('',(#1434),#1438);
#1434 = LINE('',#1435,#1436);
#1435 = CARTESIAN_POINT('',(0.,-0.));
#1436 = VECTOR('',#1437,1.);
#1437 = DIRECTION('',(1.,0.));
#1438 = ( GEOMETRIC_REPRESENTATION_CONTEXT(2) 
PARAMETRIC_REPRESENTATION_CONTEXT() REPRESENTATION_CONTEXT('2D SPACE',''
  ) );
#1439 = ORIENTED_EDGE('',*,*,#1440,.F.);
#1440 = EDGE_CURVE('',#1441,#1413,#1443,.T.);
#1441 = VERTEX_POINT('',#1442);
#1442 = CARTESIAN_POINT('',(-28.18,-28.47,0.));
#1443 = SURFACE_CURVE('',#1444,(#1449,#1456),.PCURVE_S1.);
#1444 = CIRCLE('',#1445,0.5);
#1445 = AXIS2_PLACEMENT_3D('',#1446,#1447,#1448);
#1446 = CARTESIAN_POINT('',(-28.68,-28.47,0.));
#1447 = DIRECTION('',(0.,0.,1.));
#1448 = DIRECTION('',(0.,-1.,0.));
#1449 = PCURVE('',#44,#1450);
#1450 = DEFINITIONAL_REPRESENTATION('',(#1451),#1455);
#1451 = CIRCLE('',#1452,0.5);
#1452 = AXIS2_PLACEMENT_2D('',#1453,#1454);
#1453 = CARTESIAN_POINT('',(32.061573033708,20.521573033708));
#1454 = DIRECTION('',(0.,-1.));
#1455 = ( GEOMETRIC_REPRESENTATION_CONTEXT(2) 
PARAMETRIC_REPRESENTATION_CONTEXT() REPRESENTATION_CONTEXT('2D SPACE',''
  ) );
#1456 = PCURVE('',#1457,#1462);
#1457 = CYLINDRICAL_SURFACE('',#1458,0.5);
#1458 = AXIS2_PLACEMENT_3D('',#1459,#1460,#1461);
#1459 = CARTESIAN_POINT('',(-28.68,-28.47,0.));
#1460 = DIRECTION('',(0.,0.,1.));
#1461 = DIRECTION('',(1.,0.,-0.));
#1462 = DEFINITIONAL_REPRESENTATION('',(#1463),#1467);
#1463 = LINE('',#1464,#1465);
#1464 = CARTESIAN_POINT('',(-1.570796326795,0.));
#1465 = VECTOR('',#1466,1.);
#1466 = DIRECTION('',(1.,0.));
#1467 = ( GEOMETRIC_REPRESENTATION_CONTEXT(2) 
PARAMETRIC_REPRESENTATION_CONTEXT() REPRESENTATION_CONTEXT('2D SPACE',''
  ) );
#1468 = ORIENTED_EDGE('',*,*,#1469,.F.);
#1469 = EDGE_CURVE('',#1470,#1441,#1472,.T.);
#1470 = VERTEX_POINT('',#1471);
#1471 = CARTESIAN_POINT('',(-28.18,-50.53,0.));
#1472 = SURFACE_CURVE('',#1473,(#1477,#1484),.PCURVE_S1.);
#1473 = LINE('',#1474,#1475);
#1474 = CARTESIAN_POINT('',(-28.18,-51.03,0.));
#1475 = VECTOR('',#1476,1.);
#1476 = DIRECTION('',(0.,1.,0.));
#1477 = PCURVE('',#44,#1478);
#1478 = DEFINITIONAL_REPRESENTATION('',(#1479),#1483);
#1479 = LINE('',#1480,#1481);
#1480 = CARTESIAN_POINT('',(32.561573033708,-2.038426966292));
#1481 = VECTOR('',#1482,1.);
#1482 = DIRECTION('',(0.,1.));
#1483 = ( GEOMETRIC_REPRESENTATION_CONTEXT(2) 
PARAMETRIC_REPRESENTATION_CONTEXT() REPRESENTATION_CONTEXT('2D SPACE',''
  ) );
#1484 = PCURVE('',#1485,#1490);
#1485 = PLANE('',#1486);
#1486 = AXIS2_PLACEMENT_3D('',#1487,#1488,#1489);
#1487 = CARTESIAN_POINT('',(-28.18,-51.03,0.));
#1488 = DIRECTION('',(-1.,0.,0.));
#1489 = DIRECTION('',(0.,1.,0.));
#1490 = DEFINITIONAL_REPRESENTATION('',(#1491),#1495);
#1491 = LINE('',#1492,#1493);
#1492 = CARTESIAN_POINT('',(0.,0.));
#1493 = VECTOR('',#1494,1.);
#1494 = DIRECTION('',(1.,0.));
#1495 = ( GEOMETRIC_REPRESENTATION_CONTEXT(2) 
PARAMETRIC_REPRESENTATION_CONTEXT() REPRESENTATION_CONTEXT('2D SPACE',''
  ) );
#1496 = ORIENTED_EDGE('',*,*,#1497,.F.);
#1497 = EDGE_CURVE('',#1063,#1470,#1498,.T.);
#1498 = SURFACE_CURVE('',#1499,(#1504,#1511),.PCURVE_S1.);
#1499 = CIRCLE('',#1500,0.5);
#1500 = AXIS2_PLACEMENT_3D('',#1501,#1502,#1503);
#1501 = CARTESIAN_POINT('',(-28.68,-50.53,0.));
#1502 = DIRECTION('',(0.,0.,1.));
#1503 = DIRECTION('',(0.,-1.,0.));
#1504 = PCURVE('',#44,#1505);
#1505 = DEFINITIONAL_REPRESENTATION('',(#1506),#1510);
#1506 = CIRCLE('',#1507,0.5);
#1507 = AXIS2_PLACEMENT_2D('',#1508,#1509);
#1508 = CARTESIAN_POINT('',(32.061573033708,-1.538426966292));
#1509 = DIRECTION('',(0.,-1.));
#1510 = ( GEOMETRIC_REPRESENTATION_CONTEXT(2) 
PARAMETRIC_REPRESENTATION_CONTEXT() REPRESENTATION_CONTEXT('2D SPACE',''
  ) );
#1511 = PCURVE('',#1512,#1517);
#1512 = CYLINDRICAL_SURFACE('',#1513,0.5);
#1513 = AXIS2_PLACEMENT_3D('',#1514,#1515,#1516);
#1514 = CARTESIAN_POINT('',(-28.68,-50.53,0.));
#1515 = DIRECTION('',(0.,0.,1.));
#1516 = DIRECTION('',(0.,-1.,0.));
#1517 = DEFINITIONAL_REPRESENTATION('',(#1518),#1522);
#1518 = LINE('',#1519,#1520);
#1519 = CARTESIAN_POINT('',(0.,0.));
#1520 = VECTOR('',#1521,1.);
#1521 = DIRECTION('',(1.,0.));
#1522 = ( GEOMETRIC_REPRESENTATION_CONTEXT(2) 
PARAMETRIC_REPRESENTATION_CONTEXT() REPRESENTATION_CONTEXT('2D SPACE',''
  ) );
#1523 = ADVANCED_FACE('',(#1524),#72,.T.);
#1524 = FACE_BOUND('',#1525,.F.);
#1525 = EDGE_LOOP('',(#1526,#1527,#1550,#1576));
#1526 = ORIENTED_EDGE('',*,*,#426,.T.);
#1527 = ORIENTED_EDGE('',*,*,#1528,.T.);
#1528 = EDGE_CURVE('',#399,#1529,#1531,.T.);
#1529 = VERTEX_POINT('',#1530);
#1530 = CARTESIAN_POINT('',(-0.5,-99.5,0.74));
#1531 = SURFACE_CURVE('',#1532,(#1536,#1543),.PCURVE_S1.);
#1532 = LINE('',#1533,#1534);
#1533 = CARTESIAN_POINT('',(-0.5,-99.5,0.));
#1534 = VECTOR('',#1535,1.);
#1535 = DIRECTION('',(0.,0.,1.));
#1536 = PCURVE('',#72,#1537);
#1537 = DEFINITIONAL_REPRESENTATION('',(#1538),#1542);
#1538 = LINE('',#1539,#1540);
#1539 = CARTESIAN_POINT('',(-1.570796326795,0.));
#1540 = VECTOR('',#1541,1.);
#1541 = DIRECTION('',(-0.,1.));
#1542 = ( GEOMETRIC_REPRESENTATION_CONTEXT(2) 
PARAMETRIC_REPRESENTATION_CONTEXT() REPRESENTATION_CONTEXT('2D SPACE',''
  ) );
#1543 = PCURVE('',#414,#1544);
#1544 = DEFINITIONAL_REPRESENTATION('',(#1545),#1549);
#1545 = LINE('',#1546,#1547);
#1546 = CARTESIAN_POINT('',(109.,0.));
#1547 = VECTOR('',#1548,1.);
#1548 = DIRECTION('',(0.,-1.));
#1549 = ( GEOMETRIC_REPRESENTATION_CONTEXT(2) 
PARAMETRIC_REPRESENTATION_CONTEXT() REPRESENTATION_CONTEXT('2D SPACE',''
  ) );
#1550 = ORIENTED_EDGE('',*,*,#1551,.F.);
#1551 = EDGE_CURVE('',#57,#1529,#1552,.T.);
#1552 = SURFACE_CURVE('',#1553,(#1558,#1565),.PCURVE_S1.);
#1553 = CIRCLE('',#1554,0.5);
#1554 = AXIS2_PLACEMENT_3D('',#1555,#1556,#1557);
#1555 = CARTESIAN_POINT('',(-0.5,-99.,0.74));
#1556 = DIRECTION('',(-0.,-0.,-1.));
#1557 = DIRECTION('',(0.,-1.,0.));
#1558 = PCURVE('',#72,#1559);
#1559 = DEFINITIONAL_REPRESENTATION('',(#1560),#1564);
#1560 = LINE('',#1561,#1562);
#1561 = CARTESIAN_POINT('',(4.712388980385,0.74));
#1562 = VECTOR('',#1563,1.);
#1563 = DIRECTION('',(-1.,0.));
#1564 = ( GEOMETRIC_REPRESENTATION_CONTEXT(2) 
PARAMETRIC_REPRESENTATION_CONTEXT() REPRESENTATION_CONTEXT('2D SPACE',''
  ) );
#1565 = PCURVE('',#100,#1566);
#1566 = DEFINITIONAL_REPRESENTATION('',(#1567),#1575);
#1567 = ( BOUNDED_CURVE() B_SPLINE_CURVE(2,(#1568,#1569,#1570,#1571,
#1572,#1573,#1574),.UNSPECIFIED.,.T.,.F.) B_SPLINE_CURVE_WITH_KNOTS((1,2
    ,2,2,2,1),(-2.094395102393,0.,2.094395102393,4.188790204786,
6.28318530718,8.377580409573),.UNSPECIFIED.) CURVE() 
GEOMETRIC_REPRESENTATION_ITEM() RATIONAL_B_SPLINE_CURVE((1.,0.5,1.,0.5,
1.,0.5,1.)) REPRESENTATION_ITEM('') );
#1568 = CARTESIAN_POINT('',(60.241573033708,-50.50842696629));
#1569 = CARTESIAN_POINT('',(59.375547629923,-50.50842696629));
#1570 = CARTESIAN_POINT('',(59.808560331816,-49.75842696629));
#1571 = CARTESIAN_POINT('',(60.241573033708,-49.00842696629));
#1572 = CARTESIAN_POINT('',(60.6745857356,-49.75842696629));
#1573 = CARTESIAN_POINT('',(61.107598437492,-50.50842696629));
#1574 = CARTESIAN_POINT('',(60.241573033708,-50.50842696629));
#1575 = ( GEOMETRIC_REPRESENTATION_CONTEXT(2) 
PARAMETRIC_REPRESENTATION_CONTEXT() REPRESENTATION_CONTEXT('2D SPACE',''
  ) );
#1576 = ORIENTED_EDGE('',*,*,#56,.F.);
#1577 = ADVANCED_FACE('',(#1578),#126,.T.);
#1578 = FACE_BOUND('',#1579,.T.);
#1579 = EDGE_LOOP('',(#1580,#1581,#1604,#1626));
#1580 = ORIENTED_EDGE('',*,*,#142,.T.);
#1581 = ORIENTED_EDGE('',*,*,#1582,.T.);
#1582 = EDGE_CURVE('',#143,#1583,#1585,.T.);
#1583 = VERTEX_POINT('',#1584);
#1584 = CARTESIAN_POINT('',(-0.5,1.110223024625E-16,0.74));
#1585 = SURFACE_CURVE('',#1586,(#1590,#1597),.PCURVE_S1.);
#1586 = LINE('',#1587,#1588);
#1587 = CARTESIAN_POINT('',(-0.5,1.110223024625E-16,0.));
#1588 = VECTOR('',#1589,1.);
#1589 = DIRECTION('',(0.,0.,1.));
#1590 = PCURVE('',#126,#1591);
#1591 = DEFINITIONAL_REPRESENTATION('',(#1592),#1596);
#1592 = LINE('',#1593,#1594);
#1593 = CARTESIAN_POINT('',(1.570796326795,0.));
#1594 = VECTOR('',#1595,1.);
#1595 = DIRECTION('',(0.,1.));
#1596 = ( GEOMETRIC_REPRESENTATION_CONTEXT(2) 
PARAMETRIC_REPRESENTATION_CONTEXT() REPRESENTATION_CONTEXT('2D SPACE',''
  ) );
#1597 = PCURVE('',#182,#1598);
#1598 = DEFINITIONAL_REPRESENTATION('',(#1599),#1603);
#1599 = LINE('',#1600,#1601);
#1600 = CARTESIAN_POINT('',(0.5,0.));
#1601 = VECTOR('',#1602,1.);
#1602 = DIRECTION('',(0.,-1.));
#1603 = ( GEOMETRIC_REPRESENTATION_CONTEXT(2) 
PARAMETRIC_REPRESENTATION_CONTEXT() REPRESENTATION_CONTEXT('2D SPACE',''
  ) );
#1604 = ORIENTED_EDGE('',*,*,#1605,.F.);
#1605 = EDGE_CURVE('',#85,#1583,#1606,.T.);
#1606 = SURFACE_CURVE('',#1607,(#1612,#1619),.PCURVE_S1.);
#1607 = CIRCLE('',#1608,0.5);
#1608 = AXIS2_PLACEMENT_3D('',#1609,#1610,#1611);
#1609 = CARTESIAN_POINT('',(-0.5,-0.5,0.74));
#1610 = DIRECTION('',(0.,0.,1.));
#1611 = DIRECTION('',(0.,-1.,0.));
#1612 = PCURVE('',#126,#1613);
#1613 = DEFINITIONAL_REPRESENTATION('',(#1614),#1618);
#1614 = LINE('',#1615,#1616);
#1615 = CARTESIAN_POINT('',(-1.570796326795,0.74));
#1616 = VECTOR('',#1617,1.);
#1617 = DIRECTION('',(1.,0.));
#1618 = ( GEOMETRIC_REPRESENTATION_CONTEXT(2) 
PARAMETRIC_REPRESENTATION_CONTEXT() REPRESENTATION_CONTEXT('2D SPACE',''
  ) );
#1619 = PCURVE('',#100,#1620);
#1620 = DEFINITIONAL_REPRESENTATION('',(#1621),#1625);
#1621 = CIRCLE('',#1622,0.5);
#1622 = AXIS2_PLACEMENT_2D('',#1623,#1624);
#1623 = CARTESIAN_POINT('',(60.241573033708,48.491573033708));
#1624 = DIRECTION('',(0.,-1.));
#1625 = ( GEOMETRIC_REPRESENTATION_CONTEXT(2) 
PARAMETRIC_REPRESENTATION_CONTEXT() REPRESENTATION_CONTEXT('2D SPACE',''
  ) );
#1626 = ORIENTED_EDGE('',*,*,#112,.F.);
#1627 = ADVANCED_FACE('',(#1628,#1846,#1872,#1898,#1924,#1950,#2352),
  #100,.T.);
#1628 = FACE_BOUND('',#1629,.T.);
#1629 = EDGE_LOOP('',(#1630,#1631,#1632,#1655,#1679,#1702,#1726,#1749,
    #1773,#1796,#1824,#1845));
#1630 = ORIENTED_EDGE('',*,*,#84,.T.);
#1631 = ORIENTED_EDGE('',*,*,#1605,.T.);
#1632 = ORIENTED_EDGE('',*,*,#1633,.T.);
#1633 = EDGE_CURVE('',#1583,#1634,#1636,.T.);
#1634 = VERTEX_POINT('',#1635);
#1635 = CARTESIAN_POINT('',(-122.5,1.110223024625E-16,0.74));
#1636 = SURFACE_CURVE('',#1637,(#1641,#1648),.PCURVE_S1.);
#1637 = LINE('',#1638,#1639);
#1638 = CARTESIAN_POINT('',(0.,0.,0.74));
#1639 = VECTOR('',#1640,1.);
#1640 = DIRECTION('',(-1.,0.,0.));
#1641 = PCURVE('',#100,#1642);
#1642 = DEFINITIONAL_REPRESENTATION('',(#1643),#1647);
#1643 = LINE('',#1644,#1645);
#1644 = CARTESIAN_POINT('',(60.741573033708,48.991573033708));
#1645 = VECTOR('',#1646,1.);
#1646 = DIRECTION('',(-1.,0.));
#1647 = ( GEOMETRIC_REPRESENTATION_CONTEXT(2) 
PARAMETRIC_REPRESENTATION_CONTEXT() REPRESENTATION_CONTEXT('2D SPACE',''
  ) );
#1648 = PCURVE('',#182,#1649);
#1649 = DEFINITIONAL_REPRESENTATION('',(#1650),#1654);
#1650 = LINE('',#1651,#1652);
#1651 = CARTESIAN_POINT('',(0.,-0.74));
#1652 = VECTOR('',#1653,1.);
#1653 = DIRECTION('',(1.,0.));
#1654 = ( GEOMETRIC_REPRESENTATION_CONTEXT(2) 
PARAMETRIC_REPRESENTATION_CONTEXT() REPRESENTATION_CONTEXT('2D SPACE',''
  ) );
#1655 = ORIENTED_EDGE('',*,*,#1656,.T.);
#1656 = EDGE_CURVE('',#1634,#1657,#1659,.T.);
#1657 = VERTEX_POINT('',#1658);
#1658 = CARTESIAN_POINT('',(-123.,-0.5,0.74));
#1659 = SURFACE_CURVE('',#1660,(#1665,#1672),.PCURVE_S1.);
#1660 = CIRCLE('',#1661,0.5);
#1661 = AXIS2_PLACEMENT_3D('',#1662,#1663,#1664);
#1662 = CARTESIAN_POINT('',(-122.5,-0.5,0.74));
#1663 = DIRECTION('',(0.,0.,1.));
#1664 = DIRECTION('',(0.,-1.,0.));
#1665 = PCURVE('',#100,#1666);
#1666 = DEFINITIONAL_REPRESENTATION('',(#1667),#1671);
#1667 = CIRCLE('',#1668,0.5);
#1668 = AXIS2_PLACEMENT_2D('',#1669,#1670);
#1669 = CARTESIAN_POINT('',(-61.75842696629,48.491573033708));
#1670 = DIRECTION('',(0.,-1.));
#1671 = ( GEOMETRIC_REPRESENTATION_CONTEXT(2) 
PARAMETRIC_REPRESENTATION_CONTEXT() REPRESENTATION_CONTEXT('2D SPACE',''
  ) );
#1672 = PCURVE('',#211,#1673);
#1673 = DEFINITIONAL_REPRESENTATION('',(#1674),#1678);
#1674 = LINE('',#1675,#1676);
#1675 = CARTESIAN_POINT('',(-3.14159265359,0.74));
#1676 = VECTOR('',#1677,1.);
#1677 = DIRECTION('',(1.,0.));
#1678 = ( GEOMETRIC_REPRESENTATION_CONTEXT(2) 
PARAMETRIC_REPRESENTATION_CONTEXT() REPRESENTATION_CONTEXT('2D SPACE',''
  ) );
#1679 = ORIENTED_EDGE('',*,*,#1680,.T.);
#1680 = EDGE_CURVE('',#1657,#1681,#1683,.T.);
#1681 = VERTEX_POINT('',#1682);
#1682 = CARTESIAN_POINT('',(-123.,-74.,0.74));
#1683 = SURFACE_CURVE('',#1684,(#1688,#1695),.PCURVE_S1.);
#1684 = LINE('',#1685,#1686);
#1685 = CARTESIAN_POINT('',(-123.,0.,0.74));
#1686 = VECTOR('',#1687,1.);
#1687 = DIRECTION('',(0.,-1.,0.));
#1688 = PCURVE('',#100,#1689);
#1689 = DEFINITIONAL_REPRESENTATION('',(#1690),#1694);
#1690 = LINE('',#1691,#1692);
#1691 = CARTESIAN_POINT('',(-62.25842696629,48.991573033708));
#1692 = VECTOR('',#1693,1.);
#1693 = DIRECTION('',(0.,-1.));
#1694 = ( GEOMETRIC_REPRESENTATION_CONTEXT(2) 
PARAMETRIC_REPRESENTATION_CONTEXT() REPRESENTATION_CONTEXT('2D SPACE',''
  ) );
#1695 = PCURVE('',#239,#1696);
#1696 = DEFINITIONAL_REPRESENTATION('',(#1697),#1701);
#1697 = LINE('',#1698,#1699);
#1698 = CARTESIAN_POINT('',(0.,-0.74));
#1699 = VECTOR('',#1700,1.);
#1700 = DIRECTION('',(1.,0.));
#1701 = ( GEOMETRIC_REPRESENTATION_CONTEXT(2) 
PARAMETRIC_REPRESENTATION_CONTEXT() REPRESENTATION_CONTEXT('2D SPACE',''
  ) );
#1702 = ORIENTED_EDGE('',*,*,#1703,.T.);
#1703 = EDGE_CURVE('',#1681,#1704,#1706,.T.);
#1704 = VERTEX_POINT('',#1705);
#1705 = CARTESIAN_POINT('',(-122.5,-74.5,0.74));
#1706 = SURFACE_CURVE('',#1707,(#1712,#1719),.PCURVE_S1.);
#1707 = CIRCLE('',#1708,0.5);
#1708 = AXIS2_PLACEMENT_3D('',#1709,#1710,#1711);
#1709 = CARTESIAN_POINT('',(-122.5,-74.,0.74));
#1710 = DIRECTION('',(0.,0.,1.));
#1711 = DIRECTION('',(0.,-1.,0.));
#1712 = PCURVE('',#100,#1713);
#1713 = DEFINITIONAL_REPRESENTATION('',(#1714),#1718);
#1714 = CIRCLE('',#1715,0.5);
#1715 = AXIS2_PLACEMENT_2D('',#1716,#1717);
#1716 = CARTESIAN_POINT('',(-61.75842696629,-25.00842696629));
#1717 = DIRECTION('',(0.,-1.));
#1718 = ( GEOMETRIC_REPRESENTATION_CONTEXT(2) 
PARAMETRIC_REPRESENTATION_CONTEXT() REPRESENTATION_CONTEXT('2D SPACE',''
  ) );
#1719 = PCURVE('',#268,#1720);
#1720 = DEFINITIONAL_REPRESENTATION('',(#1721),#1725);
#1721 = LINE('',#1722,#1723);
#1722 = CARTESIAN_POINT('',(-4.712388980385,0.74));
#1723 = VECTOR('',#1724,1.);
#1724 = DIRECTION('',(1.,0.));
#1725 = ( GEOMETRIC_REPRESENTATION_CONTEXT(2) 
PARAMETRIC_REPRESENTATION_CONTEXT() REPRESENTATION_CONTEXT('2D SPACE',''
  ) );
#1726 = ORIENTED_EDGE('',*,*,#1727,.T.);
#1727 = EDGE_CURVE('',#1704,#1728,#1730,.T.);
#1728 = VERTEX_POINT('',#1729);
#1729 = CARTESIAN_POINT('',(-110.,-74.5,0.74));
#1730 = SURFACE_CURVE('',#1731,(#1735,#1742),.PCURVE_S1.);
#1731 = LINE('',#1732,#1733);
#1732 = CARTESIAN_POINT('',(-123.,-74.5,0.74));
#1733 = VECTOR('',#1734,1.);
#1734 = DIRECTION('',(1.,0.,0.));
#1735 = PCURVE('',#100,#1736);
#1736 = DEFINITIONAL_REPRESENTATION('',(#1737),#1741);
#1737 = LINE('',#1738,#1739);
#1738 = CARTESIAN_POINT('',(-62.25842696629,-25.50842696629));
#1739 = VECTOR('',#1740,1.);
#1740 = DIRECTION('',(1.,0.));
#1741 = ( GEOMETRIC_REPRESENTATION_CONTEXT(2) 
PARAMETRIC_REPRESENTATION_CONTEXT() REPRESENTATION_CONTEXT('2D SPACE',''
  ) );
#1742 = PCURVE('',#296,#1743);
#1743 = DEFINITIONAL_REPRESENTATION('',(#1744),#1748);
#1744 = LINE('',#1745,#1746);
#1745 = CARTESIAN_POINT('',(0.,-0.74));
#1746 = VECTOR('',#1747,1.);
#1747 = DIRECTION('',(1.,0.));
#1748 = ( GEOMETRIC_REPRESENTATION_CONTEXT(2) 
PARAMETRIC_REPRESENTATION_CONTEXT() REPRESENTATION_CONTEXT('2D SPACE',''
  ) );
#1749 = ORIENTED_EDGE('',*,*,#1750,.F.);
#1750 = EDGE_CURVE('',#1751,#1728,#1753,.T.);
#1751 = VERTEX_POINT('',#1752);
#1752 = CARTESIAN_POINT('',(-109.5,-75.,0.74));
#1753 = SURFACE_CURVE('',#1754,(#1759,#1766),.PCURVE_S1.);
#1754 = CIRCLE('',#1755,0.5);
#1755 = AXIS2_PLACEMENT_3D('',#1756,#1757,#1758);
#1756 = CARTESIAN_POINT('',(-110.,-75.,0.74));
#1757 = DIRECTION('',(0.,0.,1.));
#1758 = DIRECTION('',(0.,-1.,0.));
#1759 = PCURVE('',#100,#1760);
#1760 = DEFINITIONAL_REPRESENTATION('',(#1761),#1765);
#1761 = CIRCLE('',#1762,0.5);
#1762 = AXIS2_PLACEMENT_2D('',#1763,#1764);
#1763 = CARTESIAN_POINT('',(-49.25842696629,-26.00842696629));
#1764 = DIRECTION('',(0.,-1.));
#1765 = ( GEOMETRIC_REPRESENTATION_CONTEXT(2) 
PARAMETRIC_REPRESENTATION_CONTEXT() REPRESENTATION_CONTEXT('2D SPACE',''
  ) );
#1766 = PCURVE('',#325,#1767);
#1767 = DEFINITIONAL_REPRESENTATION('',(#1768),#1772);
#1768 = LINE('',#1769,#1770);
#1769 = CARTESIAN_POINT('',(-1.570796326795,0.74));
#1770 = VECTOR('',#1771,1.);
#1771 = DIRECTION('',(1.,0.));
#1772 = ( GEOMETRIC_REPRESENTATION_CONTEXT(2) 
PARAMETRIC_REPRESENTATION_CONTEXT() REPRESENTATION_CONTEXT('2D SPACE',''
  ) );
#1773 = ORIENTED_EDGE('',*,*,#1774,.T.);
#1774 = EDGE_CURVE('',#1751,#1775,#1777,.T.);
#1775 = VERTEX_POINT('',#1776);
#1776 = CARTESIAN_POINT('',(-109.5,-99.,0.74));
#1777 = SURFACE_CURVE('',#1778,(#1782,#1789),.PCURVE_S1.);
#1778 = LINE('',#1779,#1780);
#1779 = CARTESIAN_POINT('',(-109.5,-74.5,0.74));
#1780 = VECTOR('',#1781,1.);
#1781 = DIRECTION('',(0.,-1.,0.));
#1782 = PCURVE('',#100,#1783);
#1783 = DEFINITIONAL_REPRESENTATION('',(#1784),#1788);
#1784 = LINE('',#1785,#1786);
#1785 = CARTESIAN_POINT('',(-48.75842696629,-25.50842696629));
#1786 = VECTOR('',#1787,1.);
#1787 = DIRECTION('',(0.,-1.));
#1788 = ( GEOMETRIC_REPRESENTATION_CONTEXT(2) 
PARAMETRIC_REPRESENTATION_CONTEXT() REPRESENTATION_CONTEXT('2D SPACE',''
  ) );
#1789 = PCURVE('',#353,#1790);
#1790 = DEFINITIONAL_REPRESENTATION('',(#1791),#1795);
#1791 = LINE('',#1792,#1793);
#1792 = CARTESIAN_POINT('',(0.,-0.74));
#1793 = VECTOR('',#1794,1.);
#1794 = DIRECTION('',(1.,0.));
#1795 = ( GEOMETRIC_REPRESENTATION_CONTEXT(2) 
PARAMETRIC_REPRESENTATION_CONTEXT() REPRESENTATION_CONTEXT('2D SPACE',''
  ) );
#1796 = ORIENTED_EDGE('',*,*,#1797,.F.);
#1797 = EDGE_CURVE('',#1798,#1775,#1800,.T.);
#1798 = VERTEX_POINT('',#1799);
#1799 = CARTESIAN_POINT('',(-109.,-99.5,0.74));
#1800 = SURFACE_CURVE('',#1801,(#1806,#1817),.PCURVE_S1.);
#1801 = CIRCLE('',#1802,0.5);
#1802 = AXIS2_PLACEMENT_3D('',#1803,#1804,#1805);
#1803 = CARTESIAN_POINT('',(-109.,-99.,0.74));
#1804 = DIRECTION('',(-0.,-0.,-1.));
#1805 = DIRECTION('',(0.,-1.,0.));
#1806 = PCURVE('',#100,#1807);
#1807 = DEFINITIONAL_REPRESENTATION('',(#1808),#1816);
#1808 = ( BOUNDED_CURVE() B_SPLINE_CURVE(2,(#1809,#1810,#1811,#1812,
#1813,#1814,#1815),.UNSPECIFIED.,.T.,.F.) B_SPLINE_CURVE_WITH_KNOTS((1,2
    ,2,2,2,1),(-2.094395102393,0.,2.094395102393,4.188790204786,
6.28318530718,8.377580409573),.UNSPECIFIED.) CURVE() 
GEOMETRIC_REPRESENTATION_ITEM() RATIONAL_B_SPLINE_CURVE((1.,0.5,1.,0.5,
1.,0.5,1.)) REPRESENTATION_ITEM('') );
#1809 = CARTESIAN_POINT('',(-48.25842696629,-50.50842696629));
#1810 = CARTESIAN_POINT('',(-49.12445237007,-50.50842696629));
#1811 = CARTESIAN_POINT('',(-48.69143966818,-49.75842696629));
#1812 = CARTESIAN_POINT('',(-48.25842696629,-49.00842696629));
#1813 = CARTESIAN_POINT('',(-47.8254142644,-49.75842696629));
#1814 = CARTESIAN_POINT('',(-47.3924015625,-50.50842696629));
#1815 = CARTESIAN_POINT('',(-48.25842696629,-50.50842696629));
#1816 = ( GEOMETRIC_REPRESENTATION_CONTEXT(2) 
PARAMETRIC_REPRESENTATION_CONTEXT() REPRESENTATION_CONTEXT('2D SPACE',''
  ) );
#1817 = PCURVE('',#386,#1818);
#1818 = DEFINITIONAL_REPRESENTATION('',(#1819),#1823);
#1819 = LINE('',#1820,#1821);
#1820 = CARTESIAN_POINT('',(-0.,0.74));
#1821 = VECTOR('',#1822,1.);
#1822 = DIRECTION('',(-1.,0.));
#1823 = ( GEOMETRIC_REPRESENTATION_CONTEXT(2) 
PARAMETRIC_REPRESENTATION_CONTEXT() REPRESENTATION_CONTEXT('2D SPACE',''
  ) );
#1824 = ORIENTED_EDGE('',*,*,#1825,.T.);
#1825 = EDGE_CURVE('',#1798,#1529,#1826,.T.);
#1826 = SURFACE_CURVE('',#1827,(#1831,#1838),.PCURVE_S1.);
#1827 = LINE('',#1828,#1829);
#1828 = CARTESIAN_POINT('',(-109.5,-99.5,0.74));
#1829 = VECTOR('',#1830,1.);
#1830 = DIRECTION('',(1.,0.,0.));
#1831 = PCURVE('',#100,#1832);
#1832 = DEFINITIONAL_REPRESENTATION('',(#1833),#1837);
#1833 = LINE('',#1834,#1835);
#1834 = CARTESIAN_POINT('',(-48.75842696629,-50.50842696629));
#1835 = VECTOR('',#1836,1.);
#1836 = DIRECTION('',(1.,0.));
#1837 = ( GEOMETRIC_REPRESENTATION_CONTEXT(2) 
PARAMETRIC_REPRESENTATION_CONTEXT() REPRESENTATION_CONTEXT('2D SPACE',''
  ) );
#1838 = PCURVE('',#414,#1839);
#1839 = DEFINITIONAL_REPRESENTATION('',(#1840),#1844);
#1840 = LINE('',#1841,#1842);
#1841 = CARTESIAN_POINT('',(0.,-0.74));
#1842 = VECTOR('',#1843,1.);
#1843 = DIRECTION('',(1.,0.));
#1844 = ( GEOMETRIC_REPRESENTATION_CONTEXT(2) 
PARAMETRIC_REPRESENTATION_CONTEXT() REPRESENTATION_CONTEXT('2D SPACE',''
  ) );
#1845 = ORIENTED_EDGE('',*,*,#1551,.F.);
#1846 = FACE_BOUND('',#1847,.T.);
#1847 = EDGE_LOOP('',(#1848));
#1848 = ORIENTED_EDGE('',*,*,#1849,.F.);
#1849 = EDGE_CURVE('',#1850,#1850,#1852,.T.);
#1850 = VERTEX_POINT('',#1851);
#1851 = CARTESIAN_POINT('',(-95.73,-77.53,0.74));
#1852 = SURFACE_CURVE('',#1853,(#1858,#1865),.PCURVE_S1.);
#1853 = CIRCLE('',#1854,1.75);
#1854 = AXIS2_PLACEMENT_3D('',#1855,#1856,#1857);
#1855 = CARTESIAN_POINT('',(-97.48,-77.53,0.74));
#1856 = DIRECTION('',(0.,0.,1.));
#1857 = DIRECTION('',(1.,0.,0.));
#1858 = PCURVE('',#100,#1859);
#1859 = DEFINITIONAL_REPRESENTATION('',(#1860),#1864);
#1860 = CIRCLE('',#1861,1.75);
#1861 = AXIS2_PLACEMENT_2D('',#1862,#1863);
#1862 = CARTESIAN_POINT('',(-36.73842696629,-28.53842696629));
#1863 = DIRECTION('',(1.,0.));
#1864 = ( GEOMETRIC_REPRESENTATION_CONTEXT(2) 
PARAMETRIC_REPRESENTATION_CONTEXT() REPRESENTATION_CONTEXT('2D SPACE',''
  ) );
#1865 = PCURVE('',#471,#1866);
#1866 = DEFINITIONAL_REPRESENTATION('',(#1867),#1871);
#1867 = LINE('',#1868,#1869);
#1868 = CARTESIAN_POINT('',(-0.,-0.74));
#1869 = VECTOR('',#1870,1.);
#1870 = DIRECTION('',(-1.,0.));
#1871 = ( GEOMETRIC_REPRESENTATION_CONTEXT(2) 
PARAMETRIC_REPRESENTATION_CONTEXT() REPRESENTATION_CONTEXT('2D SPACE',''
  ) );
#1872 = FACE_BOUND('',#1873,.T.);
#1873 = EDGE_LOOP('',(#1874));
#1874 = ORIENTED_EDGE('',*,*,#1875,.F.);
#1875 = EDGE_CURVE('',#1876,#1876,#1878,.T.);
#1876 = VERTEX_POINT('',#1877);
#1877 = CARTESIAN_POINT('',(-8.23,-71.4,0.74));
#1878 = SURFACE_CURVE('',#1879,(#1884,#1891),.PCURVE_S1.);
#1879 = CIRCLE('',#1880,1.75);
#1880 = AXIS2_PLACEMENT_3D('',#1881,#1882,#1883);
#1881 = CARTESIAN_POINT('',(-9.98,-71.4,0.74));
#1882 = DIRECTION('',(0.,0.,1.));
#1883 = DIRECTION('',(1.,0.,0.));
#1884 = PCURVE('',#100,#1885);
#1885 = DEFINITIONAL_REPRESENTATION('',(#1886),#1890);
#1886 = CIRCLE('',#1887,1.75);
#1887 = AXIS2_PLACEMENT_2D('',#1888,#1889);
#1888 = CARTESIAN_POINT('',(50.761573033708,-22.40842696629));
#1889 = DIRECTION('',(1.,0.));
#1890 = ( GEOMETRIC_REPRESENTATION_CONTEXT(2) 
PARAMETRIC_REPRESENTATION_CONTEXT() REPRESENTATION_CONTEXT('2D SPACE',''
  ) );
#1891 = PCURVE('',#502,#1892);
#1892 = DEFINITIONAL_REPRESENTATION('',(#1893),#1897);
#1893 = LINE('',#1894,#1895);
#1894 = CARTESIAN_POINT('',(-0.,-0.74));
#1895 = VECTOR('',#1896,1.);
#1896 = DIRECTION('',(-1.,0.));
#1897 = ( GEOMETRIC_REPRESENTATION_CONTEXT(2) 
PARAMETRIC_REPRESENTATION_CONTEXT() REPRESENTATION_CONTEXT('2D SPACE',''
  ) );
#1898 = FACE_BOUND('',#1899,.T.);
#1899 = EDGE_LOOP('',(#1900));
#1900 = ORIENTED_EDGE('',*,*,#1901,.F.);
#1901 = EDGE_CURVE('',#1902,#1902,#1904,.T.);
#1902 = VERTEX_POINT('',#1903);
#1903 = CARTESIAN_POINT('',(-114.93,-39.53,0.74));
#1904 = SURFACE_CURVE('',#1905,(#1910,#1917),.PCURVE_S1.);
#1905 = CIRCLE('',#1906,1.75);
#1906 = AXIS2_PLACEMENT_3D('',#1907,#1908,#1909);
#1907 = CARTESIAN_POINT('',(-116.68,-39.53,0.74));
#1908 = DIRECTION('',(0.,0.,1.));
#1909 = DIRECTION('',(1.,0.,0.));
#1910 = PCURVE('',#100,#1911);
#1911 = DEFINITIONAL_REPRESENTATION('',(#1912),#1916);
#1912 = CIRCLE('',#1913,1.75);
#1913 = AXIS2_PLACEMENT_2D('',#1914,#1915);
#1914 = CARTESIAN_POINT('',(-55.93842696629,9.461573033708));
#1915 = DIRECTION('',(1.,0.));
#1916 = ( GEOMETRIC_REPRESENTATION_CONTEXT(2) 
PARAMETRIC_REPRESENTATION_CONTEXT() REPRESENTATION_CONTEXT('2D SPACE',''
  ) );
#1917 = PCURVE('',#533,#1918);
#1918 = DEFINITIONAL_REPRESENTATION('',(#1919),#1923);
#1919 = LINE('',#1920,#1921);
#1920 = CARTESIAN_POINT('',(-0.,-0.74));
#1921 = VECTOR('',#1922,1.);
#1922 = DIRECTION('',(-1.,0.));
#1923 = ( GEOMETRIC_REPRESENTATION_CONTEXT(2) 
PARAMETRIC_REPRESENTATION_CONTEXT() REPRESENTATION_CONTEXT('2D SPACE',''
  ) );
#1924 = FACE_BOUND('',#1925,.T.);
#1925 = EDGE_LOOP('',(#1926));
#1926 = ORIENTED_EDGE('',*,*,#1927,.F.);
#1927 = EDGE_CURVE('',#1928,#1928,#1930,.T.);
#1928 = VERTEX_POINT('',#1929);
#1929 = CARTESIAN_POINT('',(-8.25,-28.1,0.74));
#1930 = SURFACE_CURVE('',#1931,(#1936,#1943),.PCURVE_S1.);
#1931 = CIRCLE('',#1932,1.75);
#1932 = AXIS2_PLACEMENT_3D('',#1933,#1934,#1935);
#1933 = CARTESIAN_POINT('',(-10.,-28.1,0.74));
#1934 = DIRECTION('',(0.,0.,1.));
#1935 = DIRECTION('',(1.,0.,0.));
#1936 = PCURVE('',#100,#1937);
#1937 = DEFINITIONAL_REPRESENTATION('',(#1938),#1942);
#1938 = CIRCLE('',#1939,1.75);
#1939 = AXIS2_PLACEMENT_2D('',#1940,#1941);
#1940 = CARTESIAN_POINT('',(50.741573033708,20.891573033708));
#1941 = DIRECTION('',(1.,0.));
#1942 = ( GEOMETRIC_REPRESENTATION_CONTEXT(2) 
PARAMETRIC_REPRESENTATION_CONTEXT() REPRESENTATION_CONTEXT('2D SPACE',''
  ) );
#1943 = PCURVE('',#564,#1944);
#1944 = DEFINITIONAL_REPRESENTATION('',(#1945),#1949);
#1945 = LINE('',#1946,#1947);
#1946 = CARTESIAN_POINT('',(-0.,-0.74));
#1947 = VECTOR('',#1948,1.);
#1948 = DIRECTION('',(-1.,0.));
#1949 = ( GEOMETRIC_REPRESENTATION_CONTEXT(2) 
PARAMETRIC_REPRESENTATION_CONTEXT() REPRESENTATION_CONTEXT('2D SPACE',''
  ) );
#1950 = FACE_BOUND('',#1951,.T.);
#1951 = EDGE_LOOP('',(#1952,#1977,#2005,#2028,#2056,#2079,#2107,#2130,
    #2158,#2181,#2205,#2228,#2256,#2279,#2307,#2330));
#1952 = ORIENTED_EDGE('',*,*,#1953,.F.);
#1953 = EDGE_CURVE('',#1954,#1956,#1958,.T.);
#1954 = VERTEX_POINT('',#1955);
#1955 = CARTESIAN_POINT('',(-108.52,-25.53,0.74));
#1956 = VERTEX_POINT('',#1957);
#1957 = CARTESIAN_POINT('',(-107.93,-25.53,0.74));
#1958 = SURFACE_CURVE('',#1959,(#1963,#1970),.PCURVE_S1.);
#1959 = LINE('',#1960,#1961);
#1960 = CARTESIAN_POINT('',(-109.02,-25.53,0.74));
#1961 = VECTOR('',#1962,1.);
#1962 = DIRECTION('',(1.,0.,0.));
#1963 = PCURVE('',#100,#1964);
#1964 = DEFINITIONAL_REPRESENTATION('',(#1965),#1969);
#1965 = LINE('',#1966,#1967);
#1966 = CARTESIAN_POINT('',(-48.27842696629,23.461573033708));
#1967 = VECTOR('',#1968,1.);
#1968 = DIRECTION('',(1.,0.));
#1969 = ( GEOMETRIC_REPRESENTATION_CONTEXT(2) 
PARAMETRIC_REPRESENTATION_CONTEXT() REPRESENTATION_CONTEXT('2D SPACE',''
  ) );
#1970 = PCURVE('',#596,#1971);
#1971 = DEFINITIONAL_REPRESENTATION('',(#1972),#1976);
#1972 = LINE('',#1973,#1974);
#1973 = CARTESIAN_POINT('',(0.,-0.74));
#1974 = VECTOR('',#1975,1.);
#1975 = DIRECTION('',(1.,0.));
#1976 = ( GEOMETRIC_REPRESENTATION_CONTEXT(2) 
PARAMETRIC_REPRESENTATION_CONTEXT() REPRESENTATION_CONTEXT('2D SPACE',''
  ) );
#1977 = ORIENTED_EDGE('',*,*,#1978,.T.);
#1978 = EDGE_CURVE('',#1954,#1979,#1981,.T.);
#1979 = VERTEX_POINT('',#1980);
#1980 = CARTESIAN_POINT('',(-109.02,-25.03,0.74));
#1981 = SURFACE_CURVE('',#1982,(#1987,#1998),.PCURVE_S1.);
#1982 = CIRCLE('',#1983,0.5);
#1983 = AXIS2_PLACEMENT_3D('',#1984,#1985,#1986);
#1984 = CARTESIAN_POINT('',(-108.52,-25.03,0.74));
#1985 = DIRECTION('',(-0.,-0.,-1.));
#1986 = DIRECTION('',(0.,-1.,0.));
#1987 = PCURVE('',#100,#1988);
#1988 = DEFINITIONAL_REPRESENTATION('',(#1989),#1997);
#1989 = ( BOUNDED_CURVE() B_SPLINE_CURVE(2,(#1990,#1991,#1992,#1993,
#1994,#1995,#1996),.UNSPECIFIED.,.T.,.F.) B_SPLINE_CURVE_WITH_KNOTS((1,2
    ,2,2,2,1),(-2.094395102393,0.,2.094395102393,4.188790204786,
6.28318530718,8.377580409573),.UNSPECIFIED.) CURVE() 
GEOMETRIC_REPRESENTATION_ITEM() RATIONAL_B_SPLINE_CURVE((1.,0.5,1.,0.5,
1.,0.5,1.)) REPRESENTATION_ITEM('') );
#1990 = CARTESIAN_POINT('',(-47.77842696629,23.461573033708));
#1991 = CARTESIAN_POINT('',(-48.64445237007,23.461573033708));
#1992 = CARTESIAN_POINT('',(-48.21143966818,24.211573033708));
#1993 = CARTESIAN_POINT('',(-47.77842696629,24.961573033708));
#1994 = CARTESIAN_POINT('',(-47.3454142644,24.211573033708));
#1995 = CARTESIAN_POINT('',(-46.9124015625,23.461573033708));
#1996 = CARTESIAN_POINT('',(-47.77842696629,23.461573033708));
#1997 = ( GEOMETRIC_REPRESENTATION_CONTEXT(2) 
PARAMETRIC_REPRESENTATION_CONTEXT() REPRESENTATION_CONTEXT('2D SPACE',''
  ) );
#1998 = PCURVE('',#629,#1999);
#1999 = DEFINITIONAL_REPRESENTATION('',(#2000),#2004);
#2000 = LINE('',#2001,#2002);
#2001 = CARTESIAN_POINT('',(-0.,0.74));
#2002 = VECTOR('',#2003,1.);
#2003 = DIRECTION('',(-1.,0.));
#2004 = ( GEOMETRIC_REPRESENTATION_CONTEXT(2) 
PARAMETRIC_REPRESENTATION_CONTEXT() REPRESENTATION_CONTEXT('2D SPACE',''
  ) );
#2005 = ORIENTED_EDGE('',*,*,#2006,.F.);
#2006 = EDGE_CURVE('',#2007,#1979,#2009,.T.);
#2007 = VERTEX_POINT('',#2008);
#2008 = CARTESIAN_POINT('',(-109.02,-13.53,0.74));
#2009 = SURFACE_CURVE('',#2010,(#2014,#2021),.PCURVE_S1.);
#2010 = LINE('',#2011,#2012);
#2011 = CARTESIAN_POINT('',(-109.02,-13.03,0.74));
#2012 = VECTOR('',#2013,1.);
#2013 = DIRECTION('',(0.,-1.,0.));
#2014 = PCURVE('',#100,#2015);
#2015 = DEFINITIONAL_REPRESENTATION('',(#2016),#2020);
#2016 = LINE('',#2017,#2018);
#2017 = CARTESIAN_POINT('',(-48.27842696629,35.961573033708));
#2018 = VECTOR('',#2019,1.);
#2019 = DIRECTION('',(0.,-1.));
#2020 = ( GEOMETRIC_REPRESENTATION_CONTEXT(2) 
PARAMETRIC_REPRESENTATION_CONTEXT() REPRESENTATION_CONTEXT('2D SPACE',''
  ) );
#2021 = PCURVE('',#657,#2022);
#2022 = DEFINITIONAL_REPRESENTATION('',(#2023),#2027);
#2023 = LINE('',#2024,#2025);
#2024 = CARTESIAN_POINT('',(0.,-0.74));
#2025 = VECTOR('',#2026,1.);
#2026 = DIRECTION('',(1.,0.));
#2027 = ( GEOMETRIC_REPRESENTATION_CONTEXT(2) 
PARAMETRIC_REPRESENTATION_CONTEXT() REPRESENTATION_CONTEXT('2D SPACE',''
  ) );
#2028 = ORIENTED_EDGE('',*,*,#2029,.T.);
#2029 = EDGE_CURVE('',#2007,#2030,#2032,.T.);
#2030 = VERTEX_POINT('',#2031);
#2031 = CARTESIAN_POINT('',(-108.52,-13.03,0.74));
#2032 = SURFACE_CURVE('',#2033,(#2038,#2049),.PCURVE_S1.);
#2033 = CIRCLE('',#2034,0.5);
#2034 = AXIS2_PLACEMENT_3D('',#2035,#2036,#2037);
#2035 = CARTESIAN_POINT('',(-108.52,-13.53,0.74));
#2036 = DIRECTION('',(-0.,-0.,-1.));
#2037 = DIRECTION('',(0.,-1.,0.));
#2038 = PCURVE('',#100,#2039);
#2039 = DEFINITIONAL_REPRESENTATION('',(#2040),#2048);
#2040 = ( BOUNDED_CURVE() B_SPLINE_CURVE(2,(#2041,#2042,#2043,#2044,
#2045,#2046,#2047),.UNSPECIFIED.,.T.,.F.) B_SPLINE_CURVE_WITH_KNOTS((1,2
    ,2,2,2,1),(-2.094395102393,0.,2.094395102393,4.188790204786,
6.28318530718,8.377580409573),.UNSPECIFIED.) CURVE() 
GEOMETRIC_REPRESENTATION_ITEM() RATIONAL_B_SPLINE_CURVE((1.,0.5,1.,0.5,
1.,0.5,1.)) REPRESENTATION_ITEM('') );
#2041 = CARTESIAN_POINT('',(-47.77842696629,34.961573033708));
#2042 = CARTESIAN_POINT('',(-48.64445237007,34.961573033708));
#2043 = CARTESIAN_POINT('',(-48.21143966818,35.711573033708));
#2044 = CARTESIAN_POINT('',(-47.77842696629,36.461573033708));
#2045 = CARTESIAN_POINT('',(-47.3454142644,35.711573033708));
#2046 = CARTESIAN_POINT('',(-46.9124015625,34.961573033708));
#2047 = CARTESIAN_POINT('',(-47.77842696629,34.961573033708));
#2048 = ( GEOMETRIC_REPRESENTATION_CONTEXT(2) 
PARAMETRIC_REPRESENTATION_CONTEXT() REPRESENTATION_CONTEXT('2D SPACE',''
  ) );
#2049 = PCURVE('',#690,#2050);
#2050 = DEFINITIONAL_REPRESENTATION('',(#2051),#2055);
#2051 = LINE('',#2052,#2053);
#2052 = CARTESIAN_POINT('',(1.570796326795,0.74));
#2053 = VECTOR('',#2054,1.);
#2054 = DIRECTION('',(-1.,0.));
#2055 = ( GEOMETRIC_REPRESENTATION_CONTEXT(2) 
PARAMETRIC_REPRESENTATION_CONTEXT() REPRESENTATION_CONTEXT('2D SPACE',''
  ) );
#2056 = ORIENTED_EDGE('',*,*,#2057,.F.);
#2057 = EDGE_CURVE('',#2058,#2030,#2060,.T.);
#2058 = VERTEX_POINT('',#2059);
#2059 = CARTESIAN_POINT('',(-86.47,-13.03,0.74));
#2060 = SURFACE_CURVE('',#2061,(#2065,#2072),.PCURVE_S1.);
#2061 = LINE('',#2062,#2063);
#2062 = CARTESIAN_POINT('',(-85.97,-13.03,0.74));
#2063 = VECTOR('',#2064,1.);
#2064 = DIRECTION('',(-1.,0.,0.));
#2065 = PCURVE('',#100,#2066);
#2066 = DEFINITIONAL_REPRESENTATION('',(#2067),#2071);
#2067 = LINE('',#2068,#2069);
#2068 = CARTESIAN_POINT('',(-25.22842696629,35.961573033708));
#2069 = VECTOR('',#2070,1.);
#2070 = DIRECTION('',(-1.,0.));
#2071 = ( GEOMETRIC_REPRESENTATION_CONTEXT(2) 
PARAMETRIC_REPRESENTATION_CONTEXT() REPRESENTATION_CONTEXT('2D SPACE',''
  ) );
#2072 = PCURVE('',#718,#2073);
#2073 = DEFINITIONAL_REPRESENTATION('',(#2074),#2078);
#2074 = LINE('',#2075,#2076);
#2075 = CARTESIAN_POINT('',(0.,-0.74));
#2076 = VECTOR('',#2077,1.);
#2077 = DIRECTION('',(1.,0.));
#2078 = ( GEOMETRIC_REPRESENTATION_CONTEXT(2) 
PARAMETRIC_REPRESENTATION_CONTEXT() REPRESENTATION_CONTEXT('2D SPACE',''
  ) );
#2079 = ORIENTED_EDGE('',*,*,#2080,.T.);
#2080 = EDGE_CURVE('',#2058,#2081,#2083,.T.);
#2081 = VERTEX_POINT('',#2082);
#2082 = CARTESIAN_POINT('',(-85.97,-13.53,0.74));
#2083 = SURFACE_CURVE('',#2084,(#2089,#2100),.PCURVE_S1.);
#2084 = CIRCLE('',#2085,0.5);
#2085 = AXIS2_PLACEMENT_3D('',#2086,#2087,#2088);
#2086 = CARTESIAN_POINT('',(-86.47,-13.53,0.74));
#2087 = DIRECTION('',(-0.,-0.,-1.));
#2088 = DIRECTION('',(0.,-1.,0.));
#2089 = PCURVE('',#100,#2090);
#2090 = DEFINITIONAL_REPRESENTATION('',(#2091),#2099);
#2091 = ( BOUNDED_CURVE() B_SPLINE_CURVE(2,(#2092,#2093,#2094,#2095,
#2096,#2097,#2098),.UNSPECIFIED.,.T.,.F.) B_SPLINE_CURVE_WITH_KNOTS((1,2
    ,2,2,2,1),(-2.094395102393,0.,2.094395102393,4.188790204786,
6.28318530718,8.377580409573),.UNSPECIFIED.) CURVE() 
GEOMETRIC_REPRESENTATION_ITEM() RATIONAL_B_SPLINE_CURVE((1.,0.5,1.,0.5,
1.,0.5,1.)) REPRESENTATION_ITEM('') );
#2092 = CARTESIAN_POINT('',(-25.72842696629,34.961573033708));
#2093 = CARTESIAN_POINT('',(-26.59445237007,34.961573033708));
#2094 = CARTESIAN_POINT('',(-26.16143966818,35.711573033708));
#2095 = CARTESIAN_POINT('',(-25.72842696629,36.461573033708));
#2096 = CARTESIAN_POINT('',(-25.2954142644,35.711573033708));
#2097 = CARTESIAN_POINT('',(-24.8624015625,34.961573033708));
#2098 = CARTESIAN_POINT('',(-25.72842696629,34.961573033708));
#2099 = ( GEOMETRIC_REPRESENTATION_CONTEXT(2) 
PARAMETRIC_REPRESENTATION_CONTEXT() REPRESENTATION_CONTEXT('2D SPACE',''
  ) );
#2100 = PCURVE('',#751,#2101);
#2101 = DEFINITIONAL_REPRESENTATION('',(#2102),#2106);
#2102 = LINE('',#2103,#2104);
#2103 = CARTESIAN_POINT('',(3.14159265359,0.74));
#2104 = VECTOR('',#2105,1.);
#2105 = DIRECTION('',(-1.,0.));
#2106 = ( GEOMETRIC_REPRESENTATION_CONTEXT(2) 
PARAMETRIC_REPRESENTATION_CONTEXT() REPRESENTATION_CONTEXT('2D SPACE',''
  ) );
#2107 = ORIENTED_EDGE('',*,*,#2108,.F.);
#2108 = EDGE_CURVE('',#2109,#2081,#2111,.T.);
#2109 = VERTEX_POINT('',#2110);
#2110 = CARTESIAN_POINT('',(-85.97,-25.03,0.74));
#2111 = SURFACE_CURVE('',#2112,(#2116,#2123),.PCURVE_S1.);
#2112 = LINE('',#2113,#2114);
#2113 = CARTESIAN_POINT('',(-85.97,-25.53,0.74));
#2114 = VECTOR('',#2115,1.);
#2115 = DIRECTION('',(0.,1.,0.));
#2116 = PCURVE('',#100,#2117);
#2117 = DEFINITIONAL_REPRESENTATION('',(#2118),#2122);
#2118 = LINE('',#2119,#2120);
#2119 = CARTESIAN_POINT('',(-25.22842696629,23.461573033708));
#2120 = VECTOR('',#2121,1.);
#2121 = DIRECTION('',(0.,1.));
#2122 = ( GEOMETRIC_REPRESENTATION_CONTEXT(2) 
PARAMETRIC_REPRESENTATION_CONTEXT() REPRESENTATION_CONTEXT('2D SPACE',''
  ) );
#2123 = PCURVE('',#779,#2124);
#2124 = DEFINITIONAL_REPRESENTATION('',(#2125),#2129);
#2125 = LINE('',#2126,#2127);
#2126 = CARTESIAN_POINT('',(0.,-0.74));
#2127 = VECTOR('',#2128,1.);
#2128 = DIRECTION('',(1.,0.));
#2129 = ( GEOMETRIC_REPRESENTATION_CONTEXT(2) 
PARAMETRIC_REPRESENTATION_CONTEXT() REPRESENTATION_CONTEXT('2D SPACE',''
  ) );
#2130 = ORIENTED_EDGE('',*,*,#2131,.T.);
#2131 = EDGE_CURVE('',#2109,#2132,#2134,.T.);
#2132 = VERTEX_POINT('',#2133);
#2133 = CARTESIAN_POINT('',(-86.47,-25.53,0.74));
#2134 = SURFACE_CURVE('',#2135,(#2140,#2151),.PCURVE_S1.);
#2135 = CIRCLE('',#2136,0.5);
#2136 = AXIS2_PLACEMENT_3D('',#2137,#2138,#2139);
#2137 = CARTESIAN_POINT('',(-86.47,-25.03,0.74));
#2138 = DIRECTION('',(-0.,-0.,-1.));
#2139 = DIRECTION('',(0.,-1.,0.));
#2140 = PCURVE('',#100,#2141);
#2141 = DEFINITIONAL_REPRESENTATION('',(#2142),#2150);
#2142 = ( BOUNDED_CURVE() B_SPLINE_CURVE(2,(#2143,#2144,#2145,#2146,
#2147,#2148,#2149),.UNSPECIFIED.,.T.,.F.) B_SPLINE_CURVE_WITH_KNOTS((1,2
    ,2,2,2,1),(-2.094395102393,0.,2.094395102393,4.188790204786,
6.28318530718,8.377580409573),.UNSPECIFIED.) CURVE() 
GEOMETRIC_REPRESENTATION_ITEM() RATIONAL_B_SPLINE_CURVE((1.,0.5,1.,0.5,
1.,0.5,1.)) REPRESENTATION_ITEM('') );
#2143 = CARTESIAN_POINT('',(-25.72842696629,23.461573033708));
#2144 = CARTESIAN_POINT('',(-26.59445237007,23.461573033708));
#2145 = CARTESIAN_POINT('',(-26.16143966818,24.211573033708));
#2146 = CARTESIAN_POINT('',(-25.72842696629,24.961573033708));
#2147 = CARTESIAN_POINT('',(-25.2954142644,24.211573033708));
#2148 = CARTESIAN_POINT('',(-24.8624015625,23.461573033708));
#2149 = CARTESIAN_POINT('',(-25.72842696629,23.461573033708));
#2150 = ( GEOMETRIC_REPRESENTATION_CONTEXT(2) 
PARAMETRIC_REPRESENTATION_CONTEXT() REPRESENTATION_CONTEXT('2D SPACE',''
  ) );
#2151 = PCURVE('',#812,#2152);
#2152 = DEFINITIONAL_REPRESENTATION('',(#2153),#2157);
#2153 = LINE('',#2154,#2155);
#2154 = CARTESIAN_POINT('',(4.712388980385,0.74));
#2155 = VECTOR('',#2156,1.);
#2156 = DIRECTION('',(-1.,0.));
#2157 = ( GEOMETRIC_REPRESENTATION_CONTEXT(2) 
PARAMETRIC_REPRESENTATION_CONTEXT() REPRESENTATION_CONTEXT('2D SPACE',''
  ) );
#2158 = ORIENTED_EDGE('',*,*,#2159,.F.);
#2159 = EDGE_CURVE('',#2160,#2132,#2162,.T.);
#2160 = VERTEX_POINT('',#2161);
#2161 = CARTESIAN_POINT('',(-87.03,-25.53,0.74));
#2162 = SURFACE_CURVE('',#2163,(#2167,#2174),.PCURVE_S1.);
#2163 = LINE('',#2164,#2165);
#2164 = CARTESIAN_POINT('',(-87.53,-25.53,0.74));
#2165 = VECTOR('',#2166,1.);
#2166 = DIRECTION('',(1.,0.,0.));
#2167 = PCURVE('',#100,#2168);
#2168 = DEFINITIONAL_REPRESENTATION('',(#2169),#2173);
#2169 = LINE('',#2170,#2171);
#2170 = CARTESIAN_POINT('',(-26.78842696629,23.461573033708));
#2171 = VECTOR('',#2172,1.);
#2172 = DIRECTION('',(1.,0.));
#2173 = ( GEOMETRIC_REPRESENTATION_CONTEXT(2) 
PARAMETRIC_REPRESENTATION_CONTEXT() REPRESENTATION_CONTEXT('2D SPACE',''
  ) );
#2174 = PCURVE('',#840,#2175);
#2175 = DEFINITIONAL_REPRESENTATION('',(#2176),#2180);
#2176 = LINE('',#2177,#2178);
#2177 = CARTESIAN_POINT('',(0.,-0.74));
#2178 = VECTOR('',#2179,1.);
#2179 = DIRECTION('',(1.,0.));
#2180 = ( GEOMETRIC_REPRESENTATION_CONTEXT(2) 
PARAMETRIC_REPRESENTATION_CONTEXT() REPRESENTATION_CONTEXT('2D SPACE',''
  ) );
#2181 = ORIENTED_EDGE('',*,*,#2182,.F.);
#2182 = EDGE_CURVE('',#2183,#2160,#2185,.T.);
#2183 = VERTEX_POINT('',#2184);
#2184 = CARTESIAN_POINT('',(-87.53,-25.03,0.74));
#2185 = SURFACE_CURVE('',#2186,(#2191,#2198),.PCURVE_S1.);
#2186 = CIRCLE('',#2187,0.5);
#2187 = AXIS2_PLACEMENT_3D('',#2188,#2189,#2190);
#2188 = CARTESIAN_POINT('',(-87.03,-25.03,0.74));
#2189 = DIRECTION('',(0.,0.,1.));
#2190 = DIRECTION('',(0.,-1.,0.));
#2191 = PCURVE('',#100,#2192);
#2192 = DEFINITIONAL_REPRESENTATION('',(#2193),#2197);
#2193 = CIRCLE('',#2194,0.5);
#2194 = AXIS2_PLACEMENT_2D('',#2195,#2196);
#2195 = CARTESIAN_POINT('',(-26.28842696629,23.961573033708));
#2196 = DIRECTION('',(0.,-1.));
#2197 = ( GEOMETRIC_REPRESENTATION_CONTEXT(2) 
PARAMETRIC_REPRESENTATION_CONTEXT() REPRESENTATION_CONTEXT('2D SPACE',''
  ) );
#2198 = PCURVE('',#869,#2199);
#2199 = DEFINITIONAL_REPRESENTATION('',(#2200),#2204);
#2200 = LINE('',#2201,#2202);
#2201 = CARTESIAN_POINT('',(-4.712388980385,0.74));
#2202 = VECTOR('',#2203,1.);
#2203 = DIRECTION('',(1.,0.));
#2204 = ( GEOMETRIC_REPRESENTATION_CONTEXT(2) 
PARAMETRIC_REPRESENTATION_CONTEXT() REPRESENTATION_CONTEXT('2D SPACE',''
  ) );
#2205 = ORIENTED_EDGE('',*,*,#2206,.F.);
#2206 = EDGE_CURVE('',#2207,#2183,#2209,.T.);
#2207 = VERTEX_POINT('',#2208);
#2208 = CARTESIAN_POINT('',(-87.53,-22.03,0.74));
#2209 = SURFACE_CURVE('',#2210,(#2214,#2221),.PCURVE_S1.);
#2210 = LINE('',#2211,#2212);
#2211 = CARTESIAN_POINT('',(-87.53,-21.53,0.74));
#2212 = VECTOR('',#2213,1.);
#2213 = DIRECTION('',(0.,-1.,0.));
#2214 = PCURVE('',#100,#2215);
#2215 = DEFINITIONAL_REPRESENTATION('',(#2216),#2220);
#2216 = LINE('',#2217,#2218);
#2217 = CARTESIAN_POINT('',(-26.78842696629,27.461573033708));
#2218 = VECTOR('',#2219,1.);
#2219 = DIRECTION('',(0.,-1.));
#2220 = ( GEOMETRIC_REPRESENTATION_CONTEXT(2) 
PARAMETRIC_REPRESENTATION_CONTEXT() REPRESENTATION_CONTEXT('2D SPACE',''
  ) );
#2221 = PCURVE('',#897,#2222);
#2222 = DEFINITIONAL_REPRESENTATION('',(#2223),#2227);
#2223 = LINE('',#2224,#2225);
#2224 = CARTESIAN_POINT('',(0.,-0.74));
#2225 = VECTOR('',#2226,1.);
#2226 = DIRECTION('',(1.,0.));
#2227 = ( GEOMETRIC_REPRESENTATION_CONTEXT(2) 
PARAMETRIC_REPRESENTATION_CONTEXT() REPRESENTATION_CONTEXT('2D SPACE',''
  ) );
#2228 = ORIENTED_EDGE('',*,*,#2229,.F.);
#2229 = EDGE_CURVE('',#2230,#2207,#2232,.T.);
#2230 = VERTEX_POINT('',#2231);
#2231 = CARTESIAN_POINT('',(-88.03,-21.53,0.74));
#2232 = SURFACE_CURVE('',#2233,(#2238,#2249),.PCURVE_S1.);
#2233 = CIRCLE('',#2234,0.5);
#2234 = AXIS2_PLACEMENT_3D('',#2235,#2236,#2237);
#2235 = CARTESIAN_POINT('',(-88.03,-22.03,0.74));
#2236 = DIRECTION('',(-0.,-0.,-1.));
#2237 = DIRECTION('',(0.,-1.,0.));
#2238 = PCURVE('',#100,#2239);
#2239 = DEFINITIONAL_REPRESENTATION('',(#2240),#2248);
#2240 = ( BOUNDED_CURVE() B_SPLINE_CURVE(2,(#2241,#2242,#2243,#2244,
#2245,#2246,#2247),.UNSPECIFIED.,.T.,.F.) B_SPLINE_CURVE_WITH_KNOTS((1,2
    ,2,2,2,1),(-2.094395102393,0.,2.094395102393,4.188790204786,
6.28318530718,8.377580409573),.UNSPECIFIED.) CURVE() 
GEOMETRIC_REPRESENTATION_ITEM() RATIONAL_B_SPLINE_CURVE((1.,0.5,1.,0.5,
1.,0.5,1.)) REPRESENTATION_ITEM('') );
#2241 = CARTESIAN_POINT('',(-27.28842696629,26.461573033708));
#2242 = CARTESIAN_POINT('',(-28.15445237007,26.461573033708));
#2243 = CARTESIAN_POINT('',(-27.72143966818,27.211573033708));
#2244 = CARTESIAN_POINT('',(-27.28842696629,27.961573033708));
#2245 = CARTESIAN_POINT('',(-26.8554142644,27.211573033708));
#2246 = CARTESIAN_POINT('',(-26.4224015625,26.461573033708));
#2247 = CARTESIAN_POINT('',(-27.28842696629,26.461573033708));
#2248 = ( GEOMETRIC_REPRESENTATION_CONTEXT(2) 
PARAMETRIC_REPRESENTATION_CONTEXT() REPRESENTATION_CONTEXT('2D SPACE',''
  ) );
#2249 = PCURVE('',#930,#2250);
#2250 = DEFINITIONAL_REPRESENTATION('',(#2251),#2255);
#2251 = LINE('',#2252,#2253);
#2252 = CARTESIAN_POINT('',(3.14159265359,0.74));
#2253 = VECTOR('',#2254,1.);
#2254 = DIRECTION('',(-1.,0.));
#2255 = ( GEOMETRIC_REPRESENTATION_CONTEXT(2) 
PARAMETRIC_REPRESENTATION_CONTEXT() REPRESENTATION_CONTEXT('2D SPACE',''
  ) );
#2256 = ORIENTED_EDGE('',*,*,#2257,.F.);
#2257 = EDGE_CURVE('',#2258,#2230,#2260,.T.);
#2258 = VERTEX_POINT('',#2259);
#2259 = CARTESIAN_POINT('',(-106.93,-21.53,0.74));
#2260 = SURFACE_CURVE('',#2261,(#2265,#2272),.PCURVE_S1.);
#2261 = LINE('',#2262,#2263);
#2262 = CARTESIAN_POINT('',(-107.43,-21.53,0.74));
#2263 = VECTOR('',#2264,1.);
#2264 = DIRECTION('',(1.,0.,0.));
#2265 = PCURVE('',#100,#2266);
#2266 = DEFINITIONAL_REPRESENTATION('',(#2267),#2271);
#2267 = LINE('',#2268,#2269);
#2268 = CARTESIAN_POINT('',(-46.68842696629,27.461573033708));
#2269 = VECTOR('',#2270,1.);
#2270 = DIRECTION('',(1.,0.));
#2271 = ( GEOMETRIC_REPRESENTATION_CONTEXT(2) 
PARAMETRIC_REPRESENTATION_CONTEXT() REPRESENTATION_CONTEXT('2D SPACE',''
  ) );
#2272 = PCURVE('',#958,#2273);
#2273 = DEFINITIONAL_REPRESENTATION('',(#2274),#2278);
#2274 = LINE('',#2275,#2276);
#2275 = CARTESIAN_POINT('',(0.,-0.74));
#2276 = VECTOR('',#2277,1.);
#2277 = DIRECTION('',(1.,0.));
#2278 = ( GEOMETRIC_REPRESENTATION_CONTEXT(2) 
PARAMETRIC_REPRESENTATION_CONTEXT() REPRESENTATION_CONTEXT('2D SPACE',''
  ) );
#2279 = ORIENTED_EDGE('',*,*,#2280,.F.);
#2280 = EDGE_CURVE('',#2281,#2258,#2283,.T.);
#2281 = VERTEX_POINT('',#2282);
#2282 = CARTESIAN_POINT('',(-107.43,-22.03,0.74));
#2283 = SURFACE_CURVE('',#2284,(#2289,#2300),.PCURVE_S1.);
#2284 = CIRCLE('',#2285,0.5);
#2285 = AXIS2_PLACEMENT_3D('',#2286,#2287,#2288);
#2286 = CARTESIAN_POINT('',(-106.93,-22.03,0.74));
#2287 = DIRECTION('',(-0.,-0.,-1.));
#2288 = DIRECTION('',(0.,-1.,0.));
#2289 = PCURVE('',#100,#2290);
#2290 = DEFINITIONAL_REPRESENTATION('',(#2291),#2299);
#2291 = ( BOUNDED_CURVE() B_SPLINE_CURVE(2,(#2292,#2293,#2294,#2295,
#2296,#2297,#2298),.UNSPECIFIED.,.T.,.F.) B_SPLINE_CURVE_WITH_KNOTS((1,2
    ,2,2,2,1),(-2.094395102393,0.,2.094395102393,4.188790204786,
6.28318530718,8.377580409573),.UNSPECIFIED.) CURVE() 
GEOMETRIC_REPRESENTATION_ITEM() RATIONAL_B_SPLINE_CURVE((1.,0.5,1.,0.5,
1.,0.5,1.)) REPRESENTATION_ITEM('') );
#2292 = CARTESIAN_POINT('',(-46.18842696629,26.461573033708));
#2293 = CARTESIAN_POINT('',(-47.05445237007,26.461573033708));
#2294 = CARTESIAN_POINT('',(-46.62143966818,27.211573033708));
#2295 = CARTESIAN_POINT('',(-46.18842696629,27.961573033708));
#2296 = CARTESIAN_POINT('',(-45.7554142644,27.211573033708));
#2297 = CARTESIAN_POINT('',(-45.3224015625,26.461573033708));
#2298 = CARTESIAN_POINT('',(-46.18842696629,26.461573033708));
#2299 = ( GEOMETRIC_REPRESENTATION_CONTEXT(2) 
PARAMETRIC_REPRESENTATION_CONTEXT() REPRESENTATION_CONTEXT('2D SPACE',''
  ) );
#2300 = PCURVE('',#991,#2301);
#2301 = DEFINITIONAL_REPRESENTATION('',(#2302),#2306);
#2302 = LINE('',#2303,#2304);
#2303 = CARTESIAN_POINT('',(1.570796326795,0.74));
#2304 = VECTOR('',#2305,1.);
#2305 = DIRECTION('',(-1.,0.));
#2306 = ( GEOMETRIC_REPRESENTATION_CONTEXT(2) 
PARAMETRIC_REPRESENTATION_CONTEXT() REPRESENTATION_CONTEXT('2D SPACE',''
  ) );
#2307 = ORIENTED_EDGE('',*,*,#2308,.F.);
#2308 = EDGE_CURVE('',#2309,#2281,#2311,.T.);
#2309 = VERTEX_POINT('',#2310);
#2310 = CARTESIAN_POINT('',(-107.43,-25.03,0.74));
#2311 = SURFACE_CURVE('',#2312,(#2316,#2323),.PCURVE_S1.);
#2312 = LINE('',#2313,#2314);
#2313 = CARTESIAN_POINT('',(-107.43,-25.53,0.74));
#2314 = VECTOR('',#2315,1.);
#2315 = DIRECTION('',(0.,1.,0.));
#2316 = PCURVE('',#100,#2317);
#2317 = DEFINITIONAL_REPRESENTATION('',(#2318),#2322);
#2318 = LINE('',#2319,#2320);
#2319 = CARTESIAN_POINT('',(-46.68842696629,23.461573033708));
#2320 = VECTOR('',#2321,1.);
#2321 = DIRECTION('',(0.,1.));
#2322 = ( GEOMETRIC_REPRESENTATION_CONTEXT(2) 
PARAMETRIC_REPRESENTATION_CONTEXT() REPRESENTATION_CONTEXT('2D SPACE',''
  ) );
#2323 = PCURVE('',#1019,#2324);
#2324 = DEFINITIONAL_REPRESENTATION('',(#2325),#2329);
#2325 = LINE('',#2326,#2327);
#2326 = CARTESIAN_POINT('',(0.,-0.74));
#2327 = VECTOR('',#2328,1.);
#2328 = DIRECTION('',(1.,0.));
#2329 = ( GEOMETRIC_REPRESENTATION_CONTEXT(2) 
PARAMETRIC_REPRESENTATION_CONTEXT() REPRESENTATION_CONTEXT('2D SPACE',''
  ) );
#2330 = ORIENTED_EDGE('',*,*,#2331,.F.);
#2331 = EDGE_CURVE('',#1956,#2309,#2332,.T.);
#2332 = SURFACE_CURVE('',#2333,(#2338,#2345),.PCURVE_S1.);
#2333 = CIRCLE('',#2334,0.5);
#2334 = AXIS2_PLACEMENT_3D('',#2335,#2336,#2337);
#2335 = CARTESIAN_POINT('',(-107.93,-25.03,0.74));
#2336 = DIRECTION('',(0.,0.,1.));
#2337 = DIRECTION('',(0.,-1.,0.));
#2338 = PCURVE('',#100,#2339);
#2339 = DEFINITIONAL_REPRESENTATION('',(#2340),#2344);
#2340 = CIRCLE('',#2341,0.5);
#2341 = AXIS2_PLACEMENT_2D('',#2342,#2343);
#2342 = CARTESIAN_POINT('',(-47.18842696629,23.961573033708));
#2343 = DIRECTION('',(0.,-1.));
#2344 = ( GEOMETRIC_REPRESENTATION_CONTEXT(2) 
PARAMETRIC_REPRESENTATION_CONTEXT() REPRESENTATION_CONTEXT('2D SPACE',''
  ) );
#2345 = PCURVE('',#1046,#2346);
#2346 = DEFINITIONAL_REPRESENTATION('',(#2347),#2351);
#2347 = LINE('',#2348,#2349);
#2348 = CARTESIAN_POINT('',(0.,0.74));
#2349 = VECTOR('',#2350,1.);
#2350 = DIRECTION('',(1.,0.));
#2351 = ( GEOMETRIC_REPRESENTATION_CONTEXT(2) 
PARAMETRIC_REPRESENTATION_CONTEXT() REPRESENTATION_CONTEXT('2D SPACE',''
  ) );
#2352 = FACE_BOUND('',#2353,.T.);
#2353 = EDGE_LOOP('',(#2354,#2379,#2407,#2430,#2458,#2481,#2505,#2528,
    #2552,#2575,#2599,#2622,#2646,#2669,#2693,#2716));
#2354 = ORIENTED_EDGE('',*,*,#2355,.F.);
#2355 = EDGE_CURVE('',#2356,#2358,#2360,.T.);
#2356 = VERTEX_POINT('',#2357);
#2357 = CARTESIAN_POINT('',(-40.18,-51.03,0.74));
#2358 = VERTEX_POINT('',#2359);
#2359 = CARTESIAN_POINT('',(-28.68,-51.03,0.74));
#2360 = SURFACE_CURVE('',#2361,(#2365,#2372),.PCURVE_S1.);
#2361 = LINE('',#2362,#2363);
#2362 = CARTESIAN_POINT('',(-40.68,-51.03,0.74));
#2363 = VECTOR('',#2364,1.);
#2364 = DIRECTION('',(1.,0.,0.));
#2365 = PCURVE('',#100,#2366);
#2366 = DEFINITIONAL_REPRESENTATION('',(#2367),#2371);
#2367 = LINE('',#2368,#2369);
#2368 = CARTESIAN_POINT('',(20.061573033708,-2.038426966292));
#2369 = VECTOR('',#2370,1.);
#2370 = DIRECTION('',(1.,0.));
#2371 = ( GEOMETRIC_REPRESENTATION_CONTEXT(2) 
PARAMETRIC_REPRESENTATION_CONTEXT() REPRESENTATION_CONTEXT('2D SPACE',''
  ) );
#2372 = PCURVE('',#1078,#2373);
#2373 = DEFINITIONAL_REPRESENTATION('',(#2374),#2378);
#2374 = LINE('',#2375,#2376);
#2375 = CARTESIAN_POINT('',(0.,-0.74));
#2376 = VECTOR('',#2377,1.);
#2377 = DIRECTION('',(1.,0.));
#2378 = ( GEOMETRIC_REPRESENTATION_CONTEXT(2) 
PARAMETRIC_REPRESENTATION_CONTEXT() REPRESENTATION_CONTEXT('2D SPACE',''
  ) );
#2379 = ORIENTED_EDGE('',*,*,#2380,.T.);
#2380 = EDGE_CURVE('',#2356,#2381,#2383,.T.);
#2381 = VERTEX_POINT('',#2382);
#2382 = CARTESIAN_POINT('',(-40.68,-50.53,0.74));
#2383 = SURFACE_CURVE('',#2384,(#2389,#2400),.PCURVE_S1.);
#2384 = CIRCLE('',#2385,0.5);
#2385 = AXIS2_PLACEMENT_3D('',#2386,#2387,#2388);
#2386 = CARTESIAN_POINT('',(-40.18,-50.53,0.74));
#2387 = DIRECTION('',(-0.,-0.,-1.));
#2388 = DIRECTION('',(0.,-1.,0.));
#2389 = PCURVE('',#100,#2390);
#2390 = DEFINITIONAL_REPRESENTATION('',(#2391),#2399);
#2391 = ( BOUNDED_CURVE() B_SPLINE_CURVE(2,(#2392,#2393,#2394,#2395,
#2396,#2397,#2398),.UNSPECIFIED.,.T.,.F.) B_SPLINE_CURVE_WITH_KNOTS((1,2
    ,2,2,2,1),(-2.094395102393,0.,2.094395102393,4.188790204786,
6.28318530718,8.377580409573),.UNSPECIFIED.) CURVE() 
GEOMETRIC_REPRESENTATION_ITEM() RATIONAL_B_SPLINE_CURVE((1.,0.5,1.,0.5,
1.,0.5,1.)) REPRESENTATION_ITEM('') );
#2392 = CARTESIAN_POINT('',(20.561573033708,-2.038426966292));
#2393 = CARTESIAN_POINT('',(19.695547629923,-2.038426966292));
#2394 = CARTESIAN_POINT('',(20.128560331816,-1.288426966292));
#2395 = CARTESIAN_POINT('',(20.561573033708,-0.538426966292));
#2396 = CARTESIAN_POINT('',(20.9945857356,-1.288426966292));
#2397 = CARTESIAN_POINT('',(21.427598437492,-2.038426966292));
#2398 = CARTESIAN_POINT('',(20.561573033708,-2.038426966292));
#2399 = ( GEOMETRIC_REPRESENTATION_CONTEXT(2) 
PARAMETRIC_REPRESENTATION_CONTEXT() REPRESENTATION_CONTEXT('2D SPACE',''
  ) );
#2400 = PCURVE('',#1111,#2401);
#2401 = DEFINITIONAL_REPRESENTATION('',(#2402),#2406);
#2402 = LINE('',#2403,#2404);
#2403 = CARTESIAN_POINT('',(-0.,0.74));
#2404 = VECTOR('',#2405,1.);
#2405 = DIRECTION('',(-1.,0.));
#2406 = ( GEOMETRIC_REPRESENTATION_CONTEXT(2) 
PARAMETRIC_REPRESENTATION_CONTEXT() REPRESENTATION_CONTEXT('2D SPACE',''
  ) );
#2407 = ORIENTED_EDGE('',*,*,#2408,.F.);
#2408 = EDGE_CURVE('',#2409,#2381,#2411,.T.);
#2409 = VERTEX_POINT('',#2410);
#2410 = CARTESIAN_POINT('',(-40.68,-49.92,0.74));
#2411 = SURFACE_CURVE('',#2412,(#2416,#2423),.PCURVE_S1.);
#2412 = LINE('',#2413,#2414);
#2413 = CARTESIAN_POINT('',(-40.68,-49.42,0.74));
#2414 = VECTOR('',#2415,1.);
#2415 = DIRECTION('',(0.,-1.,0.));
#2416 = PCURVE('',#100,#2417);
#2417 = DEFINITIONAL_REPRESENTATION('',(#2418),#2422);
#2418 = LINE('',#2419,#2420);
#2419 = CARTESIAN_POINT('',(20.061573033708,-0.428426966292));
#2420 = VECTOR('',#2421,1.);
#2421 = DIRECTION('',(0.,-1.));
#2422 = ( GEOMETRIC_REPRESENTATION_CONTEXT(2) 
PARAMETRIC_REPRESENTATION_CONTEXT() REPRESENTATION_CONTEXT('2D SPACE',''
  ) );
#2423 = PCURVE('',#1139,#2424);
#2424 = DEFINITIONAL_REPRESENTATION('',(#2425),#2429);
#2425 = LINE('',#2426,#2427);
#2426 = CARTESIAN_POINT('',(0.,-0.74));
#2427 = VECTOR('',#2428,1.);
#2428 = DIRECTION('',(1.,0.));
#2429 = ( GEOMETRIC_REPRESENTATION_CONTEXT(2) 
PARAMETRIC_REPRESENTATION_CONTEXT() REPRESENTATION_CONTEXT('2D SPACE',''
  ) );
#2430 = ORIENTED_EDGE('',*,*,#2431,.T.);
#2431 = EDGE_CURVE('',#2409,#2432,#2434,.T.);
#2432 = VERTEX_POINT('',#2433);
#2433 = CARTESIAN_POINT('',(-40.18,-49.42,0.74));
#2434 = SURFACE_CURVE('',#2435,(#2440,#2451),.PCURVE_S1.);
#2435 = CIRCLE('',#2436,0.5);
#2436 = AXIS2_PLACEMENT_3D('',#2437,#2438,#2439);
#2437 = CARTESIAN_POINT('',(-40.18,-49.92,0.74));
#2438 = DIRECTION('',(-0.,-0.,-1.));
#2439 = DIRECTION('',(0.,-1.,0.));
#2440 = PCURVE('',#100,#2441);
#2441 = DEFINITIONAL_REPRESENTATION('',(#2442),#2450);
#2442 = ( BOUNDED_CURVE() B_SPLINE_CURVE(2,(#2443,#2444,#2445,#2446,
#2447,#2448,#2449),.UNSPECIFIED.,.T.,.F.) B_SPLINE_CURVE_WITH_KNOTS((1,2
    ,2,2,2,1),(-2.094395102393,0.,2.094395102393,4.188790204786,
6.28318530718,8.377580409573),.UNSPECIFIED.) CURVE() 
GEOMETRIC_REPRESENTATION_ITEM() RATIONAL_B_SPLINE_CURVE((1.,0.5,1.,0.5,
1.,0.5,1.)) REPRESENTATION_ITEM('') );
#2443 = CARTESIAN_POINT('',(20.561573033708,-1.428426966292));
#2444 = CARTESIAN_POINT('',(19.695547629923,-1.428426966292));
#2445 = CARTESIAN_POINT('',(20.128560331816,-0.678426966292));
#2446 = CARTESIAN_POINT('',(20.561573033708,7.157303370786E-02));
#2447 = CARTESIAN_POINT('',(20.9945857356,-0.678426966292));
#2448 = CARTESIAN_POINT('',(21.427598437492,-1.428426966292));
#2449 = CARTESIAN_POINT('',(20.561573033708,-1.428426966292));
#2450 = ( GEOMETRIC_REPRESENTATION_CONTEXT(2) 
PARAMETRIC_REPRESENTATION_CONTEXT() REPRESENTATION_CONTEXT('2D SPACE',''
  ) );
#2451 = PCURVE('',#1172,#2452);
#2452 = DEFINITIONAL_REPRESENTATION('',(#2453),#2457);
#2453 = LINE('',#2454,#2455);
#2454 = CARTESIAN_POINT('',(1.570796326795,0.74));
#2455 = VECTOR('',#2456,1.);
#2456 = DIRECTION('',(-1.,0.));
#2457 = ( GEOMETRIC_REPRESENTATION_CONTEXT(2) 
PARAMETRIC_REPRESENTATION_CONTEXT() REPRESENTATION_CONTEXT('2D SPACE',''
  ) );
#2458 = ORIENTED_EDGE('',*,*,#2459,.F.);
#2459 = EDGE_CURVE('',#2460,#2432,#2462,.T.);
#2460 = VERTEX_POINT('',#2461);
#2461 = CARTESIAN_POINT('',(-37.17,-49.42,0.74));
#2462 = SURFACE_CURVE('',#2463,(#2467,#2474),.PCURVE_S1.);
#2463 = LINE('',#2464,#2465);
#2464 = CARTESIAN_POINT('',(-36.67,-49.42,0.74));
#2465 = VECTOR('',#2466,1.);
#2466 = DIRECTION('',(-1.,0.,0.));
#2467 = PCURVE('',#100,#2468);
#2468 = DEFINITIONAL_REPRESENTATION('',(#2469),#2473);
#2469 = LINE('',#2470,#2471);
#2470 = CARTESIAN_POINT('',(24.071573033708,-0.428426966292));
#2471 = VECTOR('',#2472,1.);
#2472 = DIRECTION('',(-1.,0.));
#2473 = ( GEOMETRIC_REPRESENTATION_CONTEXT(2) 
PARAMETRIC_REPRESENTATION_CONTEXT() REPRESENTATION_CONTEXT('2D SPACE',''
  ) );
#2474 = PCURVE('',#1200,#2475);
#2475 = DEFINITIONAL_REPRESENTATION('',(#2476),#2480);
#2476 = LINE('',#2477,#2478);
#2477 = CARTESIAN_POINT('',(0.,-0.74));
#2478 = VECTOR('',#2479,1.);
#2479 = DIRECTION('',(1.,0.));
#2480 = ( GEOMETRIC_REPRESENTATION_CONTEXT(2) 
PARAMETRIC_REPRESENTATION_CONTEXT() REPRESENTATION_CONTEXT('2D SPACE',''
  ) );
#2481 = ORIENTED_EDGE('',*,*,#2482,.T.);
#2482 = EDGE_CURVE('',#2460,#2483,#2485,.T.);
#2483 = VERTEX_POINT('',#2484);
#2484 = CARTESIAN_POINT('',(-36.67,-48.92,0.74));
#2485 = SURFACE_CURVE('',#2486,(#2491,#2498),.PCURVE_S1.);
#2486 = CIRCLE('',#2487,0.5);
#2487 = AXIS2_PLACEMENT_3D('',#2488,#2489,#2490);
#2488 = CARTESIAN_POINT('',(-37.17,-48.92,0.74));
#2489 = DIRECTION('',(0.,0.,1.));
#2490 = DIRECTION('',(0.,-1.,0.));
#2491 = PCURVE('',#100,#2492);
#2492 = DEFINITIONAL_REPRESENTATION('',(#2493),#2497);
#2493 = CIRCLE('',#2494,0.5);
#2494 = AXIS2_PLACEMENT_2D('',#2495,#2496);
#2495 = CARTESIAN_POINT('',(23.571573033708,7.157303370786E-02));
#2496 = DIRECTION('',(0.,-1.));
#2497 = ( GEOMETRIC_REPRESENTATION_CONTEXT(2) 
PARAMETRIC_REPRESENTATION_CONTEXT() REPRESENTATION_CONTEXT('2D SPACE',''
  ) );
#2498 = PCURVE('',#1229,#2499);
#2499 = DEFINITIONAL_REPRESENTATION('',(#2500),#2504);
#2500 = LINE('',#2501,#2502);
#2501 = CARTESIAN_POINT('',(0.,0.74));
#2502 = VECTOR('',#2503,1.);
#2503 = DIRECTION('',(1.,0.));
#2504 = ( GEOMETRIC_REPRESENTATION_CONTEXT(2) 
PARAMETRIC_REPRESENTATION_CONTEXT() REPRESENTATION_CONTEXT('2D SPACE',''
  ) );
#2505 = ORIENTED_EDGE('',*,*,#2506,.F.);
#2506 = EDGE_CURVE('',#2507,#2483,#2509,.T.);
#2507 = VERTEX_POINT('',#2508);
#2508 = CARTESIAN_POINT('',(-36.67,-30.03,0.74));
#2509 = SURFACE_CURVE('',#2510,(#2514,#2521),.PCURVE_S1.);
#2510 = LINE('',#2511,#2512);
#2511 = CARTESIAN_POINT('',(-36.67,-29.53,0.74));
#2512 = VECTOR('',#2513,1.);
#2513 = DIRECTION('',(0.,-1.,0.));
#2514 = PCURVE('',#100,#2515);
#2515 = DEFINITIONAL_REPRESENTATION('',(#2516),#2520);
#2516 = LINE('',#2517,#2518);
#2517 = CARTESIAN_POINT('',(24.071573033708,19.461573033708));
#2518 = VECTOR('',#2519,1.);
#2519 = DIRECTION('',(0.,-1.));
#2520 = ( GEOMETRIC_REPRESENTATION_CONTEXT(2) 
PARAMETRIC_REPRESENTATION_CONTEXT() REPRESENTATION_CONTEXT('2D SPACE',''
  ) );
#2521 = PCURVE('',#1257,#2522);
#2522 = DEFINITIONAL_REPRESENTATION('',(#2523),#2527);
#2523 = LINE('',#2524,#2525);
#2524 = CARTESIAN_POINT('',(0.,-0.74));
#2525 = VECTOR('',#2526,1.);
#2526 = DIRECTION('',(1.,0.));
#2527 = ( GEOMETRIC_REPRESENTATION_CONTEXT(2) 
PARAMETRIC_REPRESENTATION_CONTEXT() REPRESENTATION_CONTEXT('2D SPACE',''
  ) );
#2528 = ORIENTED_EDGE('',*,*,#2529,.T.);
#2529 = EDGE_CURVE('',#2507,#2530,#2532,.T.);
#2530 = VERTEX_POINT('',#2531);
#2531 = CARTESIAN_POINT('',(-37.17,-29.53,0.74));
#2532 = SURFACE_CURVE('',#2533,(#2538,#2545),.PCURVE_S1.);
#2533 = CIRCLE('',#2534,0.5);
#2534 = AXIS2_PLACEMENT_3D('',#2535,#2536,#2537);
#2535 = CARTESIAN_POINT('',(-37.17,-30.03,0.74));
#2536 = DIRECTION('',(0.,0.,1.));
#2537 = DIRECTION('',(0.,-1.,0.));
#2538 = PCURVE('',#100,#2539);
#2539 = DEFINITIONAL_REPRESENTATION('',(#2540),#2544);
#2540 = CIRCLE('',#2541,0.5);
#2541 = AXIS2_PLACEMENT_2D('',#2542,#2543);
#2542 = CARTESIAN_POINT('',(23.571573033708,18.961573033708));
#2543 = DIRECTION('',(0.,-1.));
#2544 = ( GEOMETRIC_REPRESENTATION_CONTEXT(2) 
PARAMETRIC_REPRESENTATION_CONTEXT() REPRESENTATION_CONTEXT('2D SPACE',''
  ) );
#2545 = PCURVE('',#1286,#2546);
#2546 = DEFINITIONAL_REPRESENTATION('',(#2547),#2551);
#2547 = LINE('',#2548,#2549);
#2548 = CARTESIAN_POINT('',(-1.570796326795,0.74));
#2549 = VECTOR('',#2550,1.);
#2550 = DIRECTION('',(1.,0.));
#2551 = ( GEOMETRIC_REPRESENTATION_CONTEXT(2) 
PARAMETRIC_REPRESENTATION_CONTEXT() REPRESENTATION_CONTEXT('2D SPACE',''
  ) );
#2552 = ORIENTED_EDGE('',*,*,#2553,.F.);
#2553 = EDGE_CURVE('',#2554,#2530,#2556,.T.);
#2554 = VERTEX_POINT('',#2555);
#2555 = CARTESIAN_POINT('',(-40.17,-29.53,0.74));
#2556 = SURFACE_CURVE('',#2557,(#2561,#2568),.PCURVE_S1.);
#2557 = LINE('',#2558,#2559);
#2558 = CARTESIAN_POINT('',(-40.67,-29.53,0.74));
#2559 = VECTOR('',#2560,1.);
#2560 = DIRECTION('',(1.,0.,0.));
#2561 = PCURVE('',#100,#2562);
#2562 = DEFINITIONAL_REPRESENTATION('',(#2563),#2567);
#2563 = LINE('',#2564,#2565);
#2564 = CARTESIAN_POINT('',(20.071573033708,19.461573033708));
#2565 = VECTOR('',#2566,1.);
#2566 = DIRECTION('',(1.,0.));
#2567 = ( GEOMETRIC_REPRESENTATION_CONTEXT(2) 
PARAMETRIC_REPRESENTATION_CONTEXT() REPRESENTATION_CONTEXT('2D SPACE',''
  ) );
#2568 = PCURVE('',#1314,#2569);
#2569 = DEFINITIONAL_REPRESENTATION('',(#2570),#2574);
#2570 = LINE('',#2571,#2572);
#2571 = CARTESIAN_POINT('',(0.,-0.74));
#2572 = VECTOR('',#2573,1.);
#2573 = DIRECTION('',(1.,0.));
#2574 = ( GEOMETRIC_REPRESENTATION_CONTEXT(2) 
PARAMETRIC_REPRESENTATION_CONTEXT() REPRESENTATION_CONTEXT('2D SPACE',''
  ) );
#2575 = ORIENTED_EDGE('',*,*,#2576,.F.);
#2576 = EDGE_CURVE('',#2577,#2554,#2579,.T.);
#2577 = VERTEX_POINT('',#2578);
#2578 = CARTESIAN_POINT('',(-40.67,-29.03,0.74));
#2579 = SURFACE_CURVE('',#2580,(#2585,#2592),.PCURVE_S1.);
#2580 = CIRCLE('',#2581,0.5);
#2581 = AXIS2_PLACEMENT_3D('',#2582,#2583,#2584);
#2582 = CARTESIAN_POINT('',(-40.17,-29.03,0.74));
#2583 = DIRECTION('',(0.,0.,1.));
#2584 = DIRECTION('',(0.,-1.,0.));
#2585 = PCURVE('',#100,#2586);
#2586 = DEFINITIONAL_REPRESENTATION('',(#2587),#2591);
#2587 = CIRCLE('',#2588,0.5);
#2588 = AXIS2_PLACEMENT_2D('',#2589,#2590);
#2589 = CARTESIAN_POINT('',(20.571573033708,19.961573033708));
#2590 = DIRECTION('',(0.,-1.));
#2591 = ( GEOMETRIC_REPRESENTATION_CONTEXT(2) 
PARAMETRIC_REPRESENTATION_CONTEXT() REPRESENTATION_CONTEXT('2D SPACE',''
  ) );
#2592 = PCURVE('',#1343,#2593);
#2593 = DEFINITIONAL_REPRESENTATION('',(#2594),#2598);
#2594 = LINE('',#2595,#2596);
#2595 = CARTESIAN_POINT('',(-4.712388980385,0.74));
#2596 = VECTOR('',#2597,1.);
#2597 = DIRECTION('',(1.,0.));
#2598 = ( GEOMETRIC_REPRESENTATION_CONTEXT(2) 
PARAMETRIC_REPRESENTATION_CONTEXT() REPRESENTATION_CONTEXT('2D SPACE',''
  ) );
#2599 = ORIENTED_EDGE('',*,*,#2600,.F.);
#2600 = EDGE_CURVE('',#2601,#2577,#2603,.T.);
#2601 = VERTEX_POINT('',#2602);
#2602 = CARTESIAN_POINT('',(-40.67,-28.47,0.74));
#2603 = SURFACE_CURVE('',#2604,(#2608,#2615),.PCURVE_S1.);
#2604 = LINE('',#2605,#2606);
#2605 = CARTESIAN_POINT('',(-40.67,-27.97,0.74));
#2606 = VECTOR('',#2607,1.);
#2607 = DIRECTION('',(0.,-1.,0.));
#2608 = PCURVE('',#100,#2609);
#2609 = DEFINITIONAL_REPRESENTATION('',(#2610),#2614);
#2610 = LINE('',#2611,#2612);
#2611 = CARTESIAN_POINT('',(20.071573033708,21.021573033708));
#2612 = VECTOR('',#2613,1.);
#2613 = DIRECTION('',(0.,-1.));
#2614 = ( GEOMETRIC_REPRESENTATION_CONTEXT(2) 
PARAMETRIC_REPRESENTATION_CONTEXT() REPRESENTATION_CONTEXT('2D SPACE',''
  ) );
#2615 = PCURVE('',#1371,#2616);
#2616 = DEFINITIONAL_REPRESENTATION('',(#2617),#2621);
#2617 = LINE('',#2618,#2619);
#2618 = CARTESIAN_POINT('',(0.,-0.74));
#2619 = VECTOR('',#2620,1.);
#2620 = DIRECTION('',(1.,0.));
#2621 = ( GEOMETRIC_REPRESENTATION_CONTEXT(2) 
PARAMETRIC_REPRESENTATION_CONTEXT() REPRESENTATION_CONTEXT('2D SPACE',''
  ) );
#2622 = ORIENTED_EDGE('',*,*,#2623,.F.);
#2623 = EDGE_CURVE('',#2624,#2601,#2626,.T.);
#2624 = VERTEX_POINT('',#2625);
#2625 = CARTESIAN_POINT('',(-40.17,-27.97,0.74));
#2626 = SURFACE_CURVE('',#2627,(#2632,#2639),.PCURVE_S1.);
#2627 = CIRCLE('',#2628,0.5);
#2628 = AXIS2_PLACEMENT_3D('',#2629,#2630,#2631);
#2629 = CARTESIAN_POINT('',(-40.17,-28.47,0.74));
#2630 = DIRECTION('',(0.,0.,1.));
#2631 = DIRECTION('',(0.,-1.,0.));
#2632 = PCURVE('',#100,#2633);
#2633 = DEFINITIONAL_REPRESENTATION('',(#2634),#2638);
#2634 = CIRCLE('',#2635,0.5);
#2635 = AXIS2_PLACEMENT_2D('',#2636,#2637);
#2636 = CARTESIAN_POINT('',(20.571573033708,20.521573033708));
#2637 = DIRECTION('',(0.,-1.));
#2638 = ( GEOMETRIC_REPRESENTATION_CONTEXT(2) 
PARAMETRIC_REPRESENTATION_CONTEXT() REPRESENTATION_CONTEXT('2D SPACE',''
  ) );
#2639 = PCURVE('',#1400,#2640);
#2640 = DEFINITIONAL_REPRESENTATION('',(#2641),#2645);
#2641 = LINE('',#2642,#2643);
#2642 = CARTESIAN_POINT('',(-3.14159265359,0.74));
#2643 = VECTOR('',#2644,1.);
#2644 = DIRECTION('',(1.,0.));
#2645 = ( GEOMETRIC_REPRESENTATION_CONTEXT(2) 
PARAMETRIC_REPRESENTATION_CONTEXT() REPRESENTATION_CONTEXT('2D SPACE',''
  ) );
#2646 = ORIENTED_EDGE('',*,*,#2647,.F.);
#2647 = EDGE_CURVE('',#2648,#2624,#2650,.T.);
#2648 = VERTEX_POINT('',#2649);
#2649 = CARTESIAN_POINT('',(-28.68,-27.97,0.74));
#2650 = SURFACE_CURVE('',#2651,(#2655,#2662),.PCURVE_S1.);
#2651 = LINE('',#2652,#2653);
#2652 = CARTESIAN_POINT('',(-28.18,-27.97,0.74));
#2653 = VECTOR('',#2654,1.);
#2654 = DIRECTION('',(-1.,0.,0.));
#2655 = PCURVE('',#100,#2656);
#2656 = DEFINITIONAL_REPRESENTATION('',(#2657),#2661);
#2657 = LINE('',#2658,#2659);
#2658 = CARTESIAN_POINT('',(32.561573033708,21.021573033708));
#2659 = VECTOR('',#2660,1.);
#2660 = DIRECTION('',(-1.,0.));
#2661 = ( GEOMETRIC_REPRESENTATION_CONTEXT(2) 
PARAMETRIC_REPRESENTATION_CONTEXT() REPRESENTATION_CONTEXT('2D SPACE',''
  ) );
#2662 = PCURVE('',#1428,#2663);
#2663 = DEFINITIONAL_REPRESENTATION('',(#2664),#2668);
#2664 = LINE('',#2665,#2666);
#2665 = CARTESIAN_POINT('',(0.,-0.74));
#2666 = VECTOR('',#2667,1.);
#2667 = DIRECTION('',(1.,0.));
#2668 = ( GEOMETRIC_REPRESENTATION_CONTEXT(2) 
PARAMETRIC_REPRESENTATION_CONTEXT() REPRESENTATION_CONTEXT('2D SPACE',''
  ) );
#2669 = ORIENTED_EDGE('',*,*,#2670,.F.);
#2670 = EDGE_CURVE('',#2671,#2648,#2673,.T.);
#2671 = VERTEX_POINT('',#2672);
#2672 = CARTESIAN_POINT('',(-28.18,-28.47,0.74));
#2673 = SURFACE_CURVE('',#2674,(#2679,#2686),.PCURVE_S1.);
#2674 = CIRCLE('',#2675,0.5);
#2675 = AXIS2_PLACEMENT_3D('',#2676,#2677,#2678);
#2676 = CARTESIAN_POINT('',(-28.68,-28.47,0.74));
#2677 = DIRECTION('',(0.,0.,1.));
#2678 = DIRECTION('',(0.,-1.,0.));
#2679 = PCURVE('',#100,#2680);
#2680 = DEFINITIONAL_REPRESENTATION('',(#2681),#2685);
#2681 = CIRCLE('',#2682,0.5);
#2682 = AXIS2_PLACEMENT_2D('',#2683,#2684);
#2683 = CARTESIAN_POINT('',(32.061573033708,20.521573033708));
#2684 = DIRECTION('',(0.,-1.));
#2685 = ( GEOMETRIC_REPRESENTATION_CONTEXT(2) 
PARAMETRIC_REPRESENTATION_CONTEXT() REPRESENTATION_CONTEXT('2D SPACE',''
  ) );
#2686 = PCURVE('',#1457,#2687);
#2687 = DEFINITIONAL_REPRESENTATION('',(#2688),#2692);
#2688 = LINE('',#2689,#2690);
#2689 = CARTESIAN_POINT('',(-1.570796326795,0.74));
#2690 = VECTOR('',#2691,1.);
#2691 = DIRECTION('',(1.,0.));
#2692 = ( GEOMETRIC_REPRESENTATION_CONTEXT(2) 
PARAMETRIC_REPRESENTATION_CONTEXT() REPRESENTATION_CONTEXT('2D SPACE',''
  ) );
#2693 = ORIENTED_EDGE('',*,*,#2694,.F.);
#2694 = EDGE_CURVE('',#2695,#2671,#2697,.T.);
#2695 = VERTEX_POINT('',#2696);
#2696 = CARTESIAN_POINT('',(-28.18,-50.53,0.74));
#2697 = SURFACE_CURVE('',#2698,(#2702,#2709),.PCURVE_S1.);
#2698 = LINE('',#2699,#2700);
#2699 = CARTESIAN_POINT('',(-28.18,-51.03,0.74));
#2700 = VECTOR('',#2701,1.);
#2701 = DIRECTION('',(0.,1.,0.));
#2702 = PCURVE('',#100,#2703);
#2703 = DEFINITIONAL_REPRESENTATION('',(#2704),#2708);
#2704 = LINE('',#2705,#2706);
#2705 = CARTESIAN_POINT('',(32.561573033708,-2.038426966292));
#2706 = VECTOR('',#2707,1.);
#2707 = DIRECTION('',(0.,1.));
#2708 = ( GEOMETRIC_REPRESENTATION_CONTEXT(2) 
PARAMETRIC_REPRESENTATION_CONTEXT() REPRESENTATION_CONTEXT('2D SPACE',''
  ) );
#2709 = PCURVE('',#1485,#2710);
#2710 = DEFINITIONAL_REPRESENTATION('',(#2711),#2715);
#2711 = LINE('',#2712,#2713);
#2712 = CARTESIAN_POINT('',(0.,-0.74));
#2713 = VECTOR('',#2714,1.);
#2714 = DIRECTION('',(1.,0.));
#2715 = ( GEOMETRIC_REPRESENTATION_CONTEXT(2) 
PARAMETRIC_REPRESENTATION_CONTEXT() REPRESENTATION_CONTEXT('2D SPACE',''
  ) );
#2716 = ORIENTED_EDGE('',*,*,#2717,.F.);
#2717 = EDGE_CURVE('',#2358,#2695,#2718,.T.);
#2718 = SURFACE_CURVE('',#2719,(#2724,#2731),.PCURVE_S1.);
#2719 = CIRCLE('',#2720,0.5);
#2720 = AXIS2_PLACEMENT_3D('',#2721,#2722,#2723);
#2721 = CARTESIAN_POINT('',(-28.68,-50.53,0.74));
#2722 = DIRECTION('',(0.,0.,1.));
#2723 = DIRECTION('',(0.,-1.,0.));
#2724 = PCURVE('',#100,#2725);
#2725 = DEFINITIONAL_REPRESENTATION('',(#2726),#2730);
#2726 = CIRCLE('',#2727,0.5);
#2727 = AXIS2_PLACEMENT_2D('',#2728,#2729);
#2728 = CARTESIAN_POINT('',(32.061573033708,-1.538426966292));
#2729 = DIRECTION('',(0.,-1.));
#2730 = ( GEOMETRIC_REPRESENTATION_CONTEXT(2) 
PARAMETRIC_REPRESENTATION_CONTEXT() REPRESENTATION_CONTEXT('2D SPACE',''
  ) );
#2731 = PCURVE('',#1512,#2732);
#2732 = DEFINITIONAL_REPRESENTATION('',(#2733),#2737);
#2733 = LINE('',#2734,#2735);
#2734 = CARTESIAN_POINT('',(0.,0.74));
#2735 = VECTOR('',#2736,1.);
#2736 = DIRECTION('',(1.,0.));
#2737 = ( GEOMETRIC_REPRESENTATION_CONTEXT(2) 
PARAMETRIC_REPRESENTATION_CONTEXT() REPRESENTATION_CONTEXT('2D SPACE',''
  ) );
#2738 = ADVANCED_FACE('',(#2739),#414,.F.);
#2739 = FACE_BOUND('',#2740,.F.);
#2740 = EDGE_LOOP('',(#2741,#2742,#2763,#2764));
#2741 = ORIENTED_EDGE('',*,*,#398,.F.);
#2742 = ORIENTED_EDGE('',*,*,#2743,.T.);
#2743 = EDGE_CURVE('',#366,#1798,#2744,.T.);
#2744 = SURFACE_CURVE('',#2745,(#2749,#2756),.PCURVE_S1.);
#2745 = LINE('',#2746,#2747);
#2746 = CARTESIAN_POINT('',(-109.,-99.5,0.));
#2747 = VECTOR('',#2748,1.);
#2748 = DIRECTION('',(0.,0.,1.));
#2749 = PCURVE('',#414,#2750);
#2750 = DEFINITIONAL_REPRESENTATION('',(#2751),#2755);
#2751 = LINE('',#2752,#2753);
#2752 = CARTESIAN_POINT('',(0.5,0.));
#2753 = VECTOR('',#2754,1.);
#2754 = DIRECTION('',(0.,-1.));
#2755 = ( GEOMETRIC_REPRESENTATION_CONTEXT(2) 
PARAMETRIC_REPRESENTATION_CONTEXT() REPRESENTATION_CONTEXT('2D SPACE',''
  ) );
#2756 = PCURVE('',#386,#2757);
#2757 = DEFINITIONAL_REPRESENTATION('',(#2758),#2762);
#2758 = LINE('',#2759,#2760);
#2759 = CARTESIAN_POINT('',(-0.,0.));
#2760 = VECTOR('',#2761,1.);
#2761 = DIRECTION('',(-0.,1.));
#2762 = ( GEOMETRIC_REPRESENTATION_CONTEXT(2) 
PARAMETRIC_REPRESENTATION_CONTEXT() REPRESENTATION_CONTEXT('2D SPACE',''
  ) );
#2763 = ORIENTED_EDGE('',*,*,#1825,.T.);
#2764 = ORIENTED_EDGE('',*,*,#1528,.F.);
#2765 = ADVANCED_FACE('',(#2766),#182,.F.);
#2766 = FACE_BOUND('',#2767,.F.);
#2767 = EDGE_LOOP('',(#2768,#2769,#2770,#2771));
#2768 = ORIENTED_EDGE('',*,*,#166,.F.);
#2769 = ORIENTED_EDGE('',*,*,#1582,.T.);
#2770 = ORIENTED_EDGE('',*,*,#1633,.T.);
#2771 = ORIENTED_EDGE('',*,*,#2772,.F.);
#2772 = EDGE_CURVE('',#167,#1634,#2773,.T.);
#2773 = SURFACE_CURVE('',#2774,(#2778,#2785),.PCURVE_S1.);
#2774 = LINE('',#2775,#2776);
#2775 = CARTESIAN_POINT('',(-122.5,1.110223024625E-16,0.));
#2776 = VECTOR('',#2777,1.);
#2777 = DIRECTION('',(0.,0.,1.));
#2778 = PCURVE('',#182,#2779);
#2779 = DEFINITIONAL_REPRESENTATION('',(#2780),#2784);
#2780 = LINE('',#2781,#2782);
#2781 = CARTESIAN_POINT('',(122.5,0.));
#2782 = VECTOR('',#2783,1.);
#2783 = DIRECTION('',(0.,-1.));
#2784 = ( GEOMETRIC_REPRESENTATION_CONTEXT(2) 
PARAMETRIC_REPRESENTATION_CONTEXT() REPRESENTATION_CONTEXT('2D SPACE',''
  ) );
#2785 = PCURVE('',#211,#2786);
#2786 = DEFINITIONAL_REPRESENTATION('',(#2787),#2791);
#2787 = LINE('',#2788,#2789);
#2788 = CARTESIAN_POINT('',(0.,0.));
#2789 = VECTOR('',#2790,1.);
#2790 = DIRECTION('',(0.,1.));
#2791 = ( GEOMETRIC_REPRESENTATION_CONTEXT(2) 
PARAMETRIC_REPRESENTATION_CONTEXT() REPRESENTATION_CONTEXT('2D SPACE',''
  ) );
#2792 = ADVANCED_FACE('',(#2793),#386,.T.);
#2793 = FACE_BOUND('',#2794,.F.);
#2794 = EDGE_LOOP('',(#2795,#2796,#2817,#2818));
#2795 = ORIENTED_EDGE('',*,*,#365,.T.);
#2796 = ORIENTED_EDGE('',*,*,#2797,.T.);
#2797 = EDGE_CURVE('',#338,#1775,#2798,.T.);
#2798 = SURFACE_CURVE('',#2799,(#2803,#2810),.PCURVE_S1.);
#2799 = LINE('',#2800,#2801);
#2800 = CARTESIAN_POINT('',(-109.5,-99.,0.));
#2801 = VECTOR('',#2802,1.);
#2802 = DIRECTION('',(0.,0.,1.));
#2803 = PCURVE('',#386,#2804);
#2804 = DEFINITIONAL_REPRESENTATION('',(#2805),#2809);
#2805 = LINE('',#2806,#2807);
#2806 = CARTESIAN_POINT('',(-1.570796326795,0.));
#2807 = VECTOR('',#2808,1.);
#2808 = DIRECTION('',(-0.,1.));
#2809 = ( GEOMETRIC_REPRESENTATION_CONTEXT(2) 
PARAMETRIC_REPRESENTATION_CONTEXT() REPRESENTATION_CONTEXT('2D SPACE',''
  ) );
#2810 = PCURVE('',#353,#2811);
#2811 = DEFINITIONAL_REPRESENTATION('',(#2812),#2816);
#2812 = LINE('',#2813,#2814);
#2813 = CARTESIAN_POINT('',(24.5,0.));
#2814 = VECTOR('',#2815,1.);
#2815 = DIRECTION('',(0.,-1.));
#2816 = ( GEOMETRIC_REPRESENTATION_CONTEXT(2) 
PARAMETRIC_REPRESENTATION_CONTEXT() REPRESENTATION_CONTEXT('2D SPACE',''
  ) );
#2817 = ORIENTED_EDGE('',*,*,#1797,.F.);
#2818 = ORIENTED_EDGE('',*,*,#2743,.F.);
#2819 = ADVANCED_FACE('',(#2820),#211,.T.);
#2820 = FACE_BOUND('',#2821,.T.);
#2821 = EDGE_LOOP('',(#2822,#2823,#2844,#2845));
#2822 = ORIENTED_EDGE('',*,*,#194,.T.);
#2823 = ORIENTED_EDGE('',*,*,#2824,.T.);
#2824 = EDGE_CURVE('',#195,#1657,#2825,.T.);
#2825 = SURFACE_CURVE('',#2826,(#2830,#2837),.PCURVE_S1.);
#2826 = LINE('',#2827,#2828);
#2827 = CARTESIAN_POINT('',(-123.,-0.5,0.));
#2828 = VECTOR('',#2829,1.);
#2829 = DIRECTION('',(0.,0.,1.));
#2830 = PCURVE('',#211,#2831);
#2831 = DEFINITIONAL_REPRESENTATION('',(#2832),#2836);
#2832 = LINE('',#2833,#2834);
#2833 = CARTESIAN_POINT('',(1.570796326795,0.));
#2834 = VECTOR('',#2835,1.);
#2835 = DIRECTION('',(0.,1.));
#2836 = ( GEOMETRIC_REPRESENTATION_CONTEXT(2) 
PARAMETRIC_REPRESENTATION_CONTEXT() REPRESENTATION_CONTEXT('2D SPACE',''
  ) );
#2837 = PCURVE('',#239,#2838);
#2838 = DEFINITIONAL_REPRESENTATION('',(#2839),#2843);
#2839 = LINE('',#2840,#2841);
#2840 = CARTESIAN_POINT('',(0.5,0.));
#2841 = VECTOR('',#2842,1.);
#2842 = DIRECTION('',(0.,-1.));
#2843 = ( GEOMETRIC_REPRESENTATION_CONTEXT(2) 
PARAMETRIC_REPRESENTATION_CONTEXT() REPRESENTATION_CONTEXT('2D SPACE',''
  ) );
#2844 = ORIENTED_EDGE('',*,*,#1656,.F.);
#2845 = ORIENTED_EDGE('',*,*,#2772,.F.);
#2846 = ADVANCED_FACE('',(#2847),#353,.F.);
#2847 = FACE_BOUND('',#2848,.F.);
#2848 = EDGE_LOOP('',(#2849,#2850,#2871,#2872));
#2849 = ORIENTED_EDGE('',*,*,#337,.F.);
#2850 = ORIENTED_EDGE('',*,*,#2851,.T.);
#2851 = EDGE_CURVE('',#309,#1751,#2852,.T.);
#2852 = SURFACE_CURVE('',#2853,(#2857,#2864),.PCURVE_S1.);
#2853 = LINE('',#2854,#2855);
#2854 = CARTESIAN_POINT('',(-109.5,-75.,0.));
#2855 = VECTOR('',#2856,1.);
#2856 = DIRECTION('',(0.,0.,1.));
#2857 = PCURVE('',#353,#2858);
#2858 = DEFINITIONAL_REPRESENTATION('',(#2859),#2863);
#2859 = LINE('',#2860,#2861);
#2860 = CARTESIAN_POINT('',(0.5,0.));
#2861 = VECTOR('',#2862,1.);
#2862 = DIRECTION('',(0.,-1.));
#2863 = ( GEOMETRIC_REPRESENTATION_CONTEXT(2) 
PARAMETRIC_REPRESENTATION_CONTEXT() REPRESENTATION_CONTEXT('2D SPACE',''
  ) );
#2864 = PCURVE('',#325,#2865);
#2865 = DEFINITIONAL_REPRESENTATION('',(#2866),#2870);
#2866 = LINE('',#2867,#2868);
#2867 = CARTESIAN_POINT('',(0.,0.));
#2868 = VECTOR('',#2869,1.);
#2869 = DIRECTION('',(0.,1.));
#2870 = ( GEOMETRIC_REPRESENTATION_CONTEXT(2) 
PARAMETRIC_REPRESENTATION_CONTEXT() REPRESENTATION_CONTEXT('2D SPACE',''
  ) );
#2871 = ORIENTED_EDGE('',*,*,#1774,.T.);
#2872 = ORIENTED_EDGE('',*,*,#2797,.F.);
#2873 = ADVANCED_FACE('',(#2874),#239,.F.);
#2874 = FACE_BOUND('',#2875,.F.);
#2875 = EDGE_LOOP('',(#2876,#2877,#2878,#2879));
#2876 = ORIENTED_EDGE('',*,*,#223,.F.);
#2877 = ORIENTED_EDGE('',*,*,#2824,.T.);
#2878 = ORIENTED_EDGE('',*,*,#1680,.T.);
#2879 = ORIENTED_EDGE('',*,*,#2880,.F.);
#2880 = EDGE_CURVE('',#224,#1681,#2881,.T.);
#2881 = SURFACE_CURVE('',#2882,(#2886,#2893),.PCURVE_S1.);
#2882 = LINE('',#2883,#2884);
#2883 = CARTESIAN_POINT('',(-123.,-74.,0.));
#2884 = VECTOR('',#2885,1.);
#2885 = DIRECTION('',(0.,0.,1.));
#2886 = PCURVE('',#239,#2887);
#2887 = DEFINITIONAL_REPRESENTATION('',(#2888),#2892);
#2888 = LINE('',#2889,#2890);
#2889 = CARTESIAN_POINT('',(74.,0.));
#2890 = VECTOR('',#2891,1.);
#2891 = DIRECTION('',(0.,-1.));
#2892 = ( GEOMETRIC_REPRESENTATION_CONTEXT(2) 
PARAMETRIC_REPRESENTATION_CONTEXT() REPRESENTATION_CONTEXT('2D SPACE',''
  ) );
#2893 = PCURVE('',#268,#2894);
#2894 = DEFINITIONAL_REPRESENTATION('',(#2895),#2899);
#2895 = LINE('',#2896,#2897);
#2896 = CARTESIAN_POINT('',(0.,0.));
#2897 = VECTOR('',#2898,1.);
#2898 = DIRECTION('',(0.,1.));
#2899 = ( GEOMETRIC_REPRESENTATION_CONTEXT(2) 
PARAMETRIC_REPRESENTATION_CONTEXT() REPRESENTATION_CONTEXT('2D SPACE',''
  ) );
#2900 = ADVANCED_FACE('',(#2901),#325,.F.);
#2901 = FACE_BOUND('',#2902,.F.);
#2902 = EDGE_LOOP('',(#2903,#2904,#2925,#2926));
#2903 = ORIENTED_EDGE('',*,*,#308,.T.);
#2904 = ORIENTED_EDGE('',*,*,#2905,.T.);
#2905 = EDGE_CURVE('',#281,#1728,#2906,.T.);
#2906 = SURFACE_CURVE('',#2907,(#2911,#2918),.PCURVE_S1.);
#2907 = LINE('',#2908,#2909);
#2908 = CARTESIAN_POINT('',(-110.,-74.5,0.));
#2909 = VECTOR('',#2910,1.);
#2910 = DIRECTION('',(0.,0.,1.));
#2911 = PCURVE('',#325,#2912);
#2912 = DEFINITIONAL_REPRESENTATION('',(#2913),#2917);
#2913 = LINE('',#2914,#2915);
#2914 = CARTESIAN_POINT('',(1.570796326795,0.));
#2915 = VECTOR('',#2916,1.);
#2916 = DIRECTION('',(0.,1.));
#2917 = ( GEOMETRIC_REPRESENTATION_CONTEXT(2) 
PARAMETRIC_REPRESENTATION_CONTEXT() REPRESENTATION_CONTEXT('2D SPACE',''
  ) );
#2918 = PCURVE('',#296,#2919);
#2919 = DEFINITIONAL_REPRESENTATION('',(#2920),#2924);
#2920 = LINE('',#2921,#2922);
#2921 = CARTESIAN_POINT('',(13.,0.));
#2922 = VECTOR('',#2923,1.);
#2923 = DIRECTION('',(0.,-1.));
#2924 = ( GEOMETRIC_REPRESENTATION_CONTEXT(2) 
PARAMETRIC_REPRESENTATION_CONTEXT() REPRESENTATION_CONTEXT('2D SPACE',''
  ) );
#2925 = ORIENTED_EDGE('',*,*,#1750,.F.);
#2926 = ORIENTED_EDGE('',*,*,#2851,.F.);
#2927 = ADVANCED_FACE('',(#2928),#268,.T.);
#2928 = FACE_BOUND('',#2929,.T.);
#2929 = EDGE_LOOP('',(#2930,#2931,#2952,#2953));
#2930 = ORIENTED_EDGE('',*,*,#251,.T.);
#2931 = ORIENTED_EDGE('',*,*,#2932,.T.);
#2932 = EDGE_CURVE('',#252,#1704,#2933,.T.);
#2933 = SURFACE_CURVE('',#2934,(#2938,#2945),.PCURVE_S1.);
#2934 = LINE('',#2935,#2936);
#2935 = CARTESIAN_POINT('',(-122.5,-74.5,0.));
#2936 = VECTOR('',#2937,1.);
#2937 = DIRECTION('',(0.,0.,1.));
#2938 = PCURVE('',#268,#2939);
#2939 = DEFINITIONAL_REPRESENTATION('',(#2940),#2944);
#2940 = LINE('',#2941,#2942);
#2941 = CARTESIAN_POINT('',(1.570796326795,0.));
#2942 = VECTOR('',#2943,1.);
#2943 = DIRECTION('',(0.,1.));
#2944 = ( GEOMETRIC_REPRESENTATION_CONTEXT(2) 
PARAMETRIC_REPRESENTATION_CONTEXT() REPRESENTATION_CONTEXT('2D SPACE',''
  ) );
#2945 = PCURVE('',#296,#2946);
#2946 = DEFINITIONAL_REPRESENTATION('',(#2947),#2951);
#2947 = LINE('',#2948,#2949);
#2948 = CARTESIAN_POINT('',(0.5,0.));
#2949 = VECTOR('',#2950,1.);
#2950 = DIRECTION('',(0.,-1.));
#2951 = ( GEOMETRIC_REPRESENTATION_CONTEXT(2) 
PARAMETRIC_REPRESENTATION_CONTEXT() REPRESENTATION_CONTEXT('2D SPACE',''
  ) );
#2952 = ORIENTED_EDGE('',*,*,#1703,.F.);
#2953 = ORIENTED_EDGE('',*,*,#2880,.F.);
#2954 = ADVANCED_FACE('',(#2955),#296,.F.);
#2955 = FACE_BOUND('',#2956,.F.);
#2956 = EDGE_LOOP('',(#2957,#2958,#2959,#2960));
#2957 = ORIENTED_EDGE('',*,*,#280,.F.);
#2958 = ORIENTED_EDGE('',*,*,#2932,.T.);
#2959 = ORIENTED_EDGE('',*,*,#1727,.T.);
#2960 = ORIENTED_EDGE('',*,*,#2905,.F.);
#2961 = ADVANCED_FACE('',(#2962),#471,.F.);
#2962 = FACE_BOUND('',#2963,.T.);
#2963 = EDGE_LOOP('',(#2964,#2985,#2986,#2987));
#2964 = ORIENTED_EDGE('',*,*,#2965,.T.);
#2965 = EDGE_CURVE('',#455,#1850,#2966,.T.);
#2966 = SEAM_CURVE('',#2967,(#2971,#2978),.PCURVE_S1.);
#2967 = LINE('',#2968,#2969);
#2968 = CARTESIAN_POINT('',(-95.73,-77.53,0.));
#2969 = VECTOR('',#2970,1.);
#2970 = DIRECTION('',(0.,0.,1.));
#2971 = PCURVE('',#471,#2972);
#2972 = DEFINITIONAL_REPRESENTATION('',(#2973),#2977);
#2973 = LINE('',#2974,#2975);
#2974 = CARTESIAN_POINT('',(-0.,0.));
#2975 = VECTOR('',#2976,1.);
#2976 = DIRECTION('',(-0.,-1.));
#2977 = ( GEOMETRIC_REPRESENTATION_CONTEXT(2) 
PARAMETRIC_REPRESENTATION_CONTEXT() REPRESENTATION_CONTEXT('2D SPACE',''
  ) );
#2978 = PCURVE('',#471,#2979);
#2979 = DEFINITIONAL_REPRESENTATION('',(#2980),#2984);
#2980 = LINE('',#2981,#2982);
#2981 = CARTESIAN_POINT('',(-6.28318530718,0.));
#2982 = VECTOR('',#2983,1.);
#2983 = DIRECTION('',(-0.,-1.));
#2984 = ( GEOMETRIC_REPRESENTATION_CONTEXT(2) 
PARAMETRIC_REPRESENTATION_CONTEXT() REPRESENTATION_CONTEXT('2D SPACE',''
  ) );
#2985 = ORIENTED_EDGE('',*,*,#1849,.T.);
#2986 = ORIENTED_EDGE('',*,*,#2965,.F.);
#2987 = ORIENTED_EDGE('',*,*,#454,.F.);
#2988 = ADVANCED_FACE('',(#2989),#502,.F.);
#2989 = FACE_BOUND('',#2990,.T.);
#2990 = EDGE_LOOP('',(#2991,#3012,#3013,#3014));
#2991 = ORIENTED_EDGE('',*,*,#2992,.T.);
#2992 = EDGE_CURVE('',#486,#1876,#2993,.T.);
#2993 = SEAM_CURVE('',#2994,(#2998,#3005),.PCURVE_S1.);
#2994 = LINE('',#2995,#2996);
#2995 = CARTESIAN_POINT('',(-8.23,-71.4,0.));
#2996 = VECTOR('',#2997,1.);
#2997 = DIRECTION('',(0.,0.,1.));
#2998 = PCURVE('',#502,#2999);
#2999 = DEFINITIONAL_REPRESENTATION('',(#3000),#3004);
#3000 = LINE('',#3001,#3002);
#3001 = CARTESIAN_POINT('',(-0.,0.));
#3002 = VECTOR('',#3003,1.);
#3003 = DIRECTION('',(-0.,-1.));
#3004 = ( GEOMETRIC_REPRESENTATION_CONTEXT(2) 
PARAMETRIC_REPRESENTATION_CONTEXT() REPRESENTATION_CONTEXT('2D SPACE',''
  ) );
#3005 = PCURVE('',#502,#3006);
#3006 = DEFINITIONAL_REPRESENTATION('',(#3007),#3011);
#3007 = LINE('',#3008,#3009);
#3008 = CARTESIAN_POINT('',(-6.28318530718,0.));
#3009 = VECTOR('',#3010,1.);
#3010 = DIRECTION('',(-0.,-1.));
#3011 = ( GEOMETRIC_REPRESENTATION_CONTEXT(2) 
PARAMETRIC_REPRESENTATION_CONTEXT() REPRESENTATION_CONTEXT('2D SPACE',''
  ) );
#3012 = ORIENTED_EDGE('',*,*,#1875,.T.);
#3013 = ORIENTED_EDGE('',*,*,#2992,.F.);
#3014 = ORIENTED_EDGE('',*,*,#485,.F.);
#3015 = ADVANCED_FACE('',(#3016),#533,.F.);
#3016 = FACE_BOUND('',#3017,.T.);
#3017 = EDGE_LOOP('',(#3018,#3039,#3040,#3041));
#3018 = ORIENTED_EDGE('',*,*,#3019,.T.);
#3019 = EDGE_CURVE('',#517,#1902,#3020,.T.);
#3020 = SEAM_CURVE('',#3021,(#3025,#3032),.PCURVE_S1.);
#3021 = LINE('',#3022,#3023);
#3022 = CARTESIAN_POINT('',(-114.93,-39.53,0.));
#3023 = VECTOR('',#3024,1.);
#3024 = DIRECTION('',(0.,0.,1.));
#3025 = PCURVE('',#533,#3026);
#3026 = DEFINITIONAL_REPRESENTATION('',(#3027),#3031);
#3027 = LINE('',#3028,#3029);
#3028 = CARTESIAN_POINT('',(-0.,0.));
#3029 = VECTOR('',#3030,1.);
#3030 = DIRECTION('',(-0.,-1.));
#3031 = ( GEOMETRIC_REPRESENTATION_CONTEXT(2) 
PARAMETRIC_REPRESENTATION_CONTEXT() REPRESENTATION_CONTEXT('2D SPACE',''
  ) );
#3032 = PCURVE('',#533,#3033);
#3033 = DEFINITIONAL_REPRESENTATION('',(#3034),#3038);
#3034 = LINE('',#3035,#3036);
#3035 = CARTESIAN_POINT('',(-6.28318530718,0.));
#3036 = VECTOR('',#3037,1.);
#3037 = DIRECTION('',(-0.,-1.));
#3038 = ( GEOMETRIC_REPRESENTATION_CONTEXT(2) 
PARAMETRIC_REPRESENTATION_CONTEXT() REPRESENTATION_CONTEXT('2D SPACE',''
  ) );
#3039 = ORIENTED_EDGE('',*,*,#1901,.T.);
#3040 = ORIENTED_EDGE('',*,*,#3019,.F.);
#3041 = ORIENTED_EDGE('',*,*,#516,.F.);
#3042 = ADVANCED_FACE('',(#3043),#564,.F.);
#3043 = FACE_BOUND('',#3044,.T.);
#3044 = EDGE_LOOP('',(#3045,#3066,#3067,#3068));
#3045 = ORIENTED_EDGE('',*,*,#3046,.T.);
#3046 = EDGE_CURVE('',#548,#1928,#3047,.T.);
#3047 = SEAM_CURVE('',#3048,(#3052,#3059),.PCURVE_S1.);
#3048 = LINE('',#3049,#3050);
#3049 = CARTESIAN_POINT('',(-8.25,-28.1,0.));
#3050 = VECTOR('',#3051,1.);
#3051 = DIRECTION('',(0.,0.,1.));
#3052 = PCURVE('',#564,#3053);
#3053 = DEFINITIONAL_REPRESENTATION('',(#3054),#3058);
#3054 = LINE('',#3055,#3056);
#3055 = CARTESIAN_POINT('',(-0.,0.));
#3056 = VECTOR('',#3057,1.);
#3057 = DIRECTION('',(-0.,-1.));
#3058 = ( GEOMETRIC_REPRESENTATION_CONTEXT(2) 
PARAMETRIC_REPRESENTATION_CONTEXT() REPRESENTATION_CONTEXT('2D SPACE',''
  ) );
#3059 = PCURVE('',#564,#3060);
#3060 = DEFINITIONAL_REPRESENTATION('',(#3061),#3065);
#3061 = LINE('',#3062,#3063);
#3062 = CARTESIAN_POINT('',(-6.28318530718,0.));
#3063 = VECTOR('',#3064,1.);
#3064 = DIRECTION('',(-0.,-1.));
#3065 = ( GEOMETRIC_REPRESENTATION_CONTEXT(2) 
PARAMETRIC_REPRESENTATION_CONTEXT() REPRESENTATION_CONTEXT('2D SPACE',''
  ) );
#3066 = ORIENTED_EDGE('',*,*,#1927,.T.);
#3067 = ORIENTED_EDGE('',*,*,#3046,.F.);
#3068 = ORIENTED_EDGE('',*,*,#547,.F.);
#3069 = ADVANCED_FACE('',(#3070),#596,.T.);
#3070 = FACE_BOUND('',#3071,.T.);
#3071 = EDGE_LOOP('',(#3072,#3073,#3094,#3095));
#3072 = ORIENTED_EDGE('',*,*,#578,.F.);
#3073 = ORIENTED_EDGE('',*,*,#3074,.T.);
#3074 = EDGE_CURVE('',#579,#1954,#3075,.T.);
#3075 = SURFACE_CURVE('',#3076,(#3080,#3087),.PCURVE_S1.);
#3076 = LINE('',#3077,#3078);
#3077 = CARTESIAN_POINT('',(-108.52,-25.53,0.));
#3078 = VECTOR('',#3079,1.);
#3079 = DIRECTION('',(0.,0.,1.));
#3080 = PCURVE('',#596,#3081);
#3081 = DEFINITIONAL_REPRESENTATION('',(#3082),#3086);
#3082 = LINE('',#3083,#3084);
#3083 = CARTESIAN_POINT('',(0.5,0.));
#3084 = VECTOR('',#3085,1.);
#3085 = DIRECTION('',(0.,-1.));
#3086 = ( GEOMETRIC_REPRESENTATION_CONTEXT(2) 
PARAMETRIC_REPRESENTATION_CONTEXT() REPRESENTATION_CONTEXT('2D SPACE',''
  ) );
#3087 = PCURVE('',#629,#3088);
#3088 = DEFINITIONAL_REPRESENTATION('',(#3089),#3093);
#3089 = LINE('',#3090,#3091);
#3090 = CARTESIAN_POINT('',(-0.,0.));
#3091 = VECTOR('',#3092,1.);
#3092 = DIRECTION('',(-0.,1.));
#3093 = ( GEOMETRIC_REPRESENTATION_CONTEXT(2) 
PARAMETRIC_REPRESENTATION_CONTEXT() REPRESENTATION_CONTEXT('2D SPACE',''
  ) );
#3094 = ORIENTED_EDGE('',*,*,#1953,.T.);
#3095 = ORIENTED_EDGE('',*,*,#3096,.F.);
#3096 = EDGE_CURVE('',#581,#1956,#3097,.T.);
#3097 = SURFACE_CURVE('',#3098,(#3102,#3109),.PCURVE_S1.);
#3098 = LINE('',#3099,#3100);
#3099 = CARTESIAN_POINT('',(-107.93,-25.53,0.));
#3100 = VECTOR('',#3101,1.);
#3101 = DIRECTION('',(0.,0.,1.));
#3102 = PCURVE('',#596,#3103);
#3103 = DEFINITIONAL_REPRESENTATION('',(#3104),#3108);
#3104 = LINE('',#3105,#3106);
#3105 = CARTESIAN_POINT('',(1.09,0.));
#3106 = VECTOR('',#3107,1.);
#3107 = DIRECTION('',(0.,-1.));
#3108 = ( GEOMETRIC_REPRESENTATION_CONTEXT(2) 
PARAMETRIC_REPRESENTATION_CONTEXT() REPRESENTATION_CONTEXT('2D SPACE',''
  ) );
#3109 = PCURVE('',#1046,#3110);
#3110 = DEFINITIONAL_REPRESENTATION('',(#3111),#3115);
#3111 = LINE('',#3112,#3113);
#3112 = CARTESIAN_POINT('',(0.,0.));
#3113 = VECTOR('',#3114,1.);
#3114 = DIRECTION('',(0.,1.));
#3115 = ( GEOMETRIC_REPRESENTATION_CONTEXT(2) 
PARAMETRIC_REPRESENTATION_CONTEXT() REPRESENTATION_CONTEXT('2D SPACE',''
  ) );
#3116 = ADVANCED_FACE('',(#3117),#629,.F.);
#3117 = FACE_BOUND('',#3118,.T.);
#3118 = EDGE_LOOP('',(#3119,#3120,#3141,#3142));
#3119 = ORIENTED_EDGE('',*,*,#608,.T.);
#3120 = ORIENTED_EDGE('',*,*,#3121,.T.);
#3121 = EDGE_CURVE('',#609,#1979,#3122,.T.);
#3122 = SURFACE_CURVE('',#3123,(#3127,#3134),.PCURVE_S1.);
#3123 = LINE('',#3124,#3125);
#3124 = CARTESIAN_POINT('',(-109.02,-25.03,0.));
#3125 = VECTOR('',#3126,1.);
#3126 = DIRECTION('',(0.,0.,1.));
#3127 = PCURVE('',#629,#3128);
#3128 = DEFINITIONAL_REPRESENTATION('',(#3129),#3133);
#3129 = LINE('',#3130,#3131);
#3130 = CARTESIAN_POINT('',(-1.570796326795,0.));
#3131 = VECTOR('',#3132,1.);
#3132 = DIRECTION('',(-0.,1.));
#3133 = ( GEOMETRIC_REPRESENTATION_CONTEXT(2) 
PARAMETRIC_REPRESENTATION_CONTEXT() REPRESENTATION_CONTEXT('2D SPACE',''
  ) );
#3134 = PCURVE('',#657,#3135);
#3135 = DEFINITIONAL_REPRESENTATION('',(#3136),#3140);
#3136 = LINE('',#3137,#3138);
#3137 = CARTESIAN_POINT('',(12.,0.));
#3138 = VECTOR('',#3139,1.);
#3139 = DIRECTION('',(0.,-1.));
#3140 = ( GEOMETRIC_REPRESENTATION_CONTEXT(2) 
PARAMETRIC_REPRESENTATION_CONTEXT() REPRESENTATION_CONTEXT('2D SPACE',''
  ) );
#3141 = ORIENTED_EDGE('',*,*,#1978,.F.);
#3142 = ORIENTED_EDGE('',*,*,#3074,.F.);
#3143 = ADVANCED_FACE('',(#3144),#1046,.F.);
#3144 = FACE_BOUND('',#3145,.F.);
#3145 = EDGE_LOOP('',(#3146,#3147,#3168,#3169));
#3146 = ORIENTED_EDGE('',*,*,#1031,.T.);
#3147 = ORIENTED_EDGE('',*,*,#3148,.T.);
#3148 = EDGE_CURVE('',#1004,#2309,#3149,.T.);
#3149 = SURFACE_CURVE('',#3150,(#3154,#3161),.PCURVE_S1.);
#3150 = LINE('',#3151,#3152);
#3151 = CARTESIAN_POINT('',(-107.43,-25.03,0.));
#3152 = VECTOR('',#3153,1.);
#3153 = DIRECTION('',(0.,0.,1.));
#3154 = PCURVE('',#1046,#3155);
#3155 = DEFINITIONAL_REPRESENTATION('',(#3156),#3160);
#3156 = LINE('',#3157,#3158);
#3157 = CARTESIAN_POINT('',(1.570796326795,0.));
#3158 = VECTOR('',#3159,1.);
#3159 = DIRECTION('',(0.,1.));
#3160 = ( GEOMETRIC_REPRESENTATION_CONTEXT(2) 
PARAMETRIC_REPRESENTATION_CONTEXT() REPRESENTATION_CONTEXT('2D SPACE',''
  ) );
#3161 = PCURVE('',#1019,#3162);
#3162 = DEFINITIONAL_REPRESENTATION('',(#3163),#3167);
#3163 = LINE('',#3164,#3165);
#3164 = CARTESIAN_POINT('',(0.5,0.));
#3165 = VECTOR('',#3166,1.);
#3166 = DIRECTION('',(0.,-1.));
#3167 = ( GEOMETRIC_REPRESENTATION_CONTEXT(2) 
PARAMETRIC_REPRESENTATION_CONTEXT() REPRESENTATION_CONTEXT('2D SPACE',''
  ) );
#3168 = ORIENTED_EDGE('',*,*,#2331,.F.);
#3169 = ORIENTED_EDGE('',*,*,#3096,.F.);
#3170 = ADVANCED_FACE('',(#3171),#657,.T.);
#3171 = FACE_BOUND('',#3172,.T.);
#3172 = EDGE_LOOP('',(#3173,#3174,#3195,#3196));
#3173 = ORIENTED_EDGE('',*,*,#641,.F.);
#3174 = ORIENTED_EDGE('',*,*,#3175,.T.);
#3175 = EDGE_CURVE('',#642,#2007,#3176,.T.);
#3176 = SURFACE_CURVE('',#3177,(#3181,#3188),.PCURVE_S1.);
#3177 = LINE('',#3178,#3179);
#3178 = CARTESIAN_POINT('',(-109.02,-13.53,0.));
#3179 = VECTOR('',#3180,1.);
#3180 = DIRECTION('',(0.,0.,1.));
#3181 = PCURVE('',#657,#3182);
#3182 = DEFINITIONAL_REPRESENTATION('',(#3183),#3187);
#3183 = LINE('',#3184,#3185);
#3184 = CARTESIAN_POINT('',(0.5,0.));
#3185 = VECTOR('',#3186,1.);
#3186 = DIRECTION('',(0.,-1.));
#3187 = ( GEOMETRIC_REPRESENTATION_CONTEXT(2) 
PARAMETRIC_REPRESENTATION_CONTEXT() REPRESENTATION_CONTEXT('2D SPACE',''
  ) );
#3188 = PCURVE('',#690,#3189);
#3189 = DEFINITIONAL_REPRESENTATION('',(#3190),#3194);
#3190 = LINE('',#3191,#3192);
#3191 = CARTESIAN_POINT('',(-0.,0.));
#3192 = VECTOR('',#3193,1.);
#3193 = DIRECTION('',(-0.,1.));
#3194 = ( GEOMETRIC_REPRESENTATION_CONTEXT(2) 
PARAMETRIC_REPRESENTATION_CONTEXT() REPRESENTATION_CONTEXT('2D SPACE',''
  ) );
#3195 = ORIENTED_EDGE('',*,*,#2006,.T.);
#3196 = ORIENTED_EDGE('',*,*,#3121,.F.);
#3197 = ADVANCED_FACE('',(#3198),#1019,.T.);
#3198 = FACE_BOUND('',#3199,.T.);
#3199 = EDGE_LOOP('',(#3200,#3201,#3202,#3203));
#3200 = ORIENTED_EDGE('',*,*,#1003,.F.);
#3201 = ORIENTED_EDGE('',*,*,#3148,.T.);
#3202 = ORIENTED_EDGE('',*,*,#2308,.T.);
#3203 = ORIENTED_EDGE('',*,*,#3204,.F.);
#3204 = EDGE_CURVE('',#971,#2281,#3205,.T.);
#3205 = SURFACE_CURVE('',#3206,(#3210,#3217),.PCURVE_S1.);
#3206 = LINE('',#3207,#3208);
#3207 = CARTESIAN_POINT('',(-107.43,-22.03,0.));
#3208 = VECTOR('',#3209,1.);
#3209 = DIRECTION('',(0.,0.,1.));
#3210 = PCURVE('',#1019,#3211);
#3211 = DEFINITIONAL_REPRESENTATION('',(#3212),#3216);
#3212 = LINE('',#3213,#3214);
#3213 = CARTESIAN_POINT('',(3.5,0.));
#3214 = VECTOR('',#3215,1.);
#3215 = DIRECTION('',(0.,-1.));
#3216 = ( GEOMETRIC_REPRESENTATION_CONTEXT(2) 
PARAMETRIC_REPRESENTATION_CONTEXT() REPRESENTATION_CONTEXT('2D SPACE',''
  ) );
#3217 = PCURVE('',#991,#3218);
#3218 = DEFINITIONAL_REPRESENTATION('',(#3219),#3223);
#3219 = LINE('',#3220,#3221);
#3220 = CARTESIAN_POINT('',(-0.,0.));
#3221 = VECTOR('',#3222,1.);
#3222 = DIRECTION('',(-0.,1.));
#3223 = ( GEOMETRIC_REPRESENTATION_CONTEXT(2) 
PARAMETRIC_REPRESENTATION_CONTEXT() REPRESENTATION_CONTEXT('2D SPACE',''
  ) );
#3224 = ADVANCED_FACE('',(#3225),#690,.F.);
#3225 = FACE_BOUND('',#3226,.T.);
#3226 = EDGE_LOOP('',(#3227,#3228,#3249,#3250));
#3227 = ORIENTED_EDGE('',*,*,#669,.T.);
#3228 = ORIENTED_EDGE('',*,*,#3229,.T.);
#3229 = EDGE_CURVE('',#670,#2030,#3230,.T.);
#3230 = SURFACE_CURVE('',#3231,(#3235,#3242),.PCURVE_S1.);
#3231 = LINE('',#3232,#3233);
#3232 = CARTESIAN_POINT('',(-108.52,-13.03,0.));
#3233 = VECTOR('',#3234,1.);
#3234 = DIRECTION('',(0.,0.,1.));
#3235 = PCURVE('',#690,#3236);
#3236 = DEFINITIONAL_REPRESENTATION('',(#3237),#3241);
#3237 = LINE('',#3238,#3239);
#3238 = CARTESIAN_POINT('',(-1.570796326795,0.));
#3239 = VECTOR('',#3240,1.);
#3240 = DIRECTION('',(-0.,1.));
#3241 = ( GEOMETRIC_REPRESENTATION_CONTEXT(2) 
PARAMETRIC_REPRESENTATION_CONTEXT() REPRESENTATION_CONTEXT('2D SPACE',''
  ) );
#3242 = PCURVE('',#718,#3243);
#3243 = DEFINITIONAL_REPRESENTATION('',(#3244),#3248);
#3244 = LINE('',#3245,#3246);
#3245 = CARTESIAN_POINT('',(22.55,0.));
#3246 = VECTOR('',#3247,1.);
#3247 = DIRECTION('',(0.,-1.));
#3248 = ( GEOMETRIC_REPRESENTATION_CONTEXT(2) 
PARAMETRIC_REPRESENTATION_CONTEXT() REPRESENTATION_CONTEXT('2D SPACE',''
  ) );
#3249 = ORIENTED_EDGE('',*,*,#2029,.F.);
#3250 = ORIENTED_EDGE('',*,*,#3175,.F.);
#3251 = ADVANCED_FACE('',(#3252),#991,.T.);
#3252 = FACE_BOUND('',#3253,.F.);
#3253 = EDGE_LOOP('',(#3254,#3255,#3276,#3277));
#3254 = ORIENTED_EDGE('',*,*,#970,.T.);
#3255 = ORIENTED_EDGE('',*,*,#3256,.T.);
#3256 = EDGE_CURVE('',#943,#2258,#3257,.T.);
#3257 = SURFACE_CURVE('',#3258,(#3262,#3269),.PCURVE_S1.);
#3258 = LINE('',#3259,#3260);
#3259 = CARTESIAN_POINT('',(-106.93,-21.53,0.));
#3260 = VECTOR('',#3261,1.);
#3261 = DIRECTION('',(0.,0.,1.));
#3262 = PCURVE('',#991,#3263);
#3263 = DEFINITIONAL_REPRESENTATION('',(#3264),#3268);
#3264 = LINE('',#3265,#3266);
#3265 = CARTESIAN_POINT('',(-1.570796326795,0.));
#3266 = VECTOR('',#3267,1.);
#3267 = DIRECTION('',(-0.,1.));
#3268 = ( GEOMETRIC_REPRESENTATION_CONTEXT(2) 
PARAMETRIC_REPRESENTATION_CONTEXT() REPRESENTATION_CONTEXT('2D SPACE',''
  ) );
#3269 = PCURVE('',#958,#3270);
#3270 = DEFINITIONAL_REPRESENTATION('',(#3271),#3275);
#3271 = LINE('',#3272,#3273);
#3272 = CARTESIAN_POINT('',(0.5,0.));
#3273 = VECTOR('',#3274,1.);
#3274 = DIRECTION('',(0.,-1.));
#3275 = ( GEOMETRIC_REPRESENTATION_CONTEXT(2) 
PARAMETRIC_REPRESENTATION_CONTEXT() REPRESENTATION_CONTEXT('2D SPACE',''
  ) );
#3276 = ORIENTED_EDGE('',*,*,#2280,.F.);
#3277 = ORIENTED_EDGE('',*,*,#3204,.F.);
#3278 = ADVANCED_FACE('',(#3279),#718,.T.);
#3279 = FACE_BOUND('',#3280,.T.);
#3280 = EDGE_LOOP('',(#3281,#3282,#3303,#3304));
#3281 = ORIENTED_EDGE('',*,*,#702,.F.);
#3282 = ORIENTED_EDGE('',*,*,#3283,.T.);
#3283 = EDGE_CURVE('',#703,#2058,#3284,.T.);
#3284 = SURFACE_CURVE('',#3285,(#3289,#3296),.PCURVE_S1.);
#3285 = LINE('',#3286,#3287);
#3286 = CARTESIAN_POINT('',(-86.47,-13.03,0.));
#3287 = VECTOR('',#3288,1.);
#3288 = DIRECTION('',(0.,0.,1.));
#3289 = PCURVE('',#718,#3290);
#3290 = DEFINITIONAL_REPRESENTATION('',(#3291),#3295);
#3291 = LINE('',#3292,#3293);
#3292 = CARTESIAN_POINT('',(0.5,0.));
#3293 = VECTOR('',#3294,1.);
#3294 = DIRECTION('',(0.,-1.));
#3295 = ( GEOMETRIC_REPRESENTATION_CONTEXT(2) 
PARAMETRIC_REPRESENTATION_CONTEXT() REPRESENTATION_CONTEXT('2D SPACE',''
  ) );
#3296 = PCURVE('',#751,#3297);
#3297 = DEFINITIONAL_REPRESENTATION('',(#3298),#3302);
#3298 = LINE('',#3299,#3300);
#3299 = CARTESIAN_POINT('',(-0.,0.));
#3300 = VECTOR('',#3301,1.);
#3301 = DIRECTION('',(-0.,1.));
#3302 = ( GEOMETRIC_REPRESENTATION_CONTEXT(2) 
PARAMETRIC_REPRESENTATION_CONTEXT() REPRESENTATION_CONTEXT('2D SPACE',''
  ) );
#3303 = ORIENTED_EDGE('',*,*,#2057,.T.);
#3304 = ORIENTED_EDGE('',*,*,#3229,.F.);
#3305 = ADVANCED_FACE('',(#3306),#958,.T.);
#3306 = FACE_BOUND('',#3307,.T.);
#3307 = EDGE_LOOP('',(#3308,#3309,#3310,#3311));
#3308 = ORIENTED_EDGE('',*,*,#942,.F.);
#3309 = ORIENTED_EDGE('',*,*,#3256,.T.);
#3310 = ORIENTED_EDGE('',*,*,#2257,.T.);
#3311 = ORIENTED_EDGE('',*,*,#3312,.F.);
#3312 = EDGE_CURVE('',#910,#2230,#3313,.T.);
#3313 = SURFACE_CURVE('',#3314,(#3318,#3325),.PCURVE_S1.);
#3314 = LINE('',#3315,#3316);
#3315 = CARTESIAN_POINT('',(-88.03,-21.53,0.));
#3316 = VECTOR('',#3317,1.);
#3317 = DIRECTION('',(0.,0.,1.));
#3318 = PCURVE('',#958,#3319);
#3319 = DEFINITIONAL_REPRESENTATION('',(#3320),#3324);
#3320 = LINE('',#3321,#3322);
#3321 = CARTESIAN_POINT('',(19.4,0.));
#3322 = VECTOR('',#3323,1.);
#3323 = DIRECTION('',(0.,-1.));
#3324 = ( GEOMETRIC_REPRESENTATION_CONTEXT(2) 
PARAMETRIC_REPRESENTATION_CONTEXT() REPRESENTATION_CONTEXT('2D SPACE',''
  ) );
#3325 = PCURVE('',#930,#3326);
#3326 = DEFINITIONAL_REPRESENTATION('',(#3327),#3331);
#3327 = LINE('',#3328,#3329);
#3328 = CARTESIAN_POINT('',(-0.,0.));
#3329 = VECTOR('',#3330,1.);
#3330 = DIRECTION('',(-0.,1.));
#3331 = ( GEOMETRIC_REPRESENTATION_CONTEXT(2) 
PARAMETRIC_REPRESENTATION_CONTEXT() REPRESENTATION_CONTEXT('2D SPACE',''
  ) );
#3332 = ADVANCED_FACE('',(#3333),#751,.F.);
#3333 = FACE_BOUND('',#3334,.T.);
#3334 = EDGE_LOOP('',(#3335,#3336,#3357,#3358));
#3335 = ORIENTED_EDGE('',*,*,#730,.T.);
#3336 = ORIENTED_EDGE('',*,*,#3337,.T.);
#3337 = EDGE_CURVE('',#731,#2081,#3338,.T.);
#3338 = SURFACE_CURVE('',#3339,(#3343,#3350),.PCURVE_S1.);
#3339 = LINE('',#3340,#3341);
#3340 = CARTESIAN_POINT('',(-85.97,-13.53,0.));
#3341 = VECTOR('',#3342,1.);
#3342 = DIRECTION('',(0.,0.,1.));
#3343 = PCURVE('',#751,#3344);
#3344 = DEFINITIONAL_REPRESENTATION('',(#3345),#3349);
#3345 = LINE('',#3346,#3347);
#3346 = CARTESIAN_POINT('',(-1.570796326795,0.));
#3347 = VECTOR('',#3348,1.);
#3348 = DIRECTION('',(-0.,1.));
#3349 = ( GEOMETRIC_REPRESENTATION_CONTEXT(2) 
PARAMETRIC_REPRESENTATION_CONTEXT() REPRESENTATION_CONTEXT('2D SPACE',''
  ) );
#3350 = PCURVE('',#779,#3351);
#3351 = DEFINITIONAL_REPRESENTATION('',(#3352),#3356);
#3352 = LINE('',#3353,#3354);
#3353 = CARTESIAN_POINT('',(12.,0.));
#3354 = VECTOR('',#3355,1.);
#3355 = DIRECTION('',(0.,-1.));
#3356 = ( GEOMETRIC_REPRESENTATION_CONTEXT(2) 
PARAMETRIC_REPRESENTATION_CONTEXT() REPRESENTATION_CONTEXT('2D SPACE',''
  ) );
#3357 = ORIENTED_EDGE('',*,*,#2080,.F.);
#3358 = ORIENTED_EDGE('',*,*,#3283,.F.);
#3359 = ADVANCED_FACE('',(#3360),#930,.T.);
#3360 = FACE_BOUND('',#3361,.F.);
#3361 = EDGE_LOOP('',(#3362,#3363,#3384,#3385));
#3362 = ORIENTED_EDGE('',*,*,#909,.T.);
#3363 = ORIENTED_EDGE('',*,*,#3364,.T.);
#3364 = EDGE_CURVE('',#882,#2207,#3365,.T.);
#3365 = SURFACE_CURVE('',#3366,(#3370,#3377),.PCURVE_S1.);
#3366 = LINE('',#3367,#3368);
#3367 = CARTESIAN_POINT('',(-87.53,-22.03,0.));
#3368 = VECTOR('',#3369,1.);
#3369 = DIRECTION('',(0.,0.,1.));
#3370 = PCURVE('',#930,#3371);
#3371 = DEFINITIONAL_REPRESENTATION('',(#3372),#3376);
#3372 = LINE('',#3373,#3374);
#3373 = CARTESIAN_POINT('',(-1.570796326795,0.));
#3374 = VECTOR('',#3375,1.);
#3375 = DIRECTION('',(-0.,1.));
#3376 = ( GEOMETRIC_REPRESENTATION_CONTEXT(2) 
PARAMETRIC_REPRESENTATION_CONTEXT() REPRESENTATION_CONTEXT('2D SPACE',''
  ) );
#3377 = PCURVE('',#897,#3378);
#3378 = DEFINITIONAL_REPRESENTATION('',(#3379),#3383);
#3379 = LINE('',#3380,#3381);
#3380 = CARTESIAN_POINT('',(0.5,0.));
#3381 = VECTOR('',#3382,1.);
#3382 = DIRECTION('',(0.,-1.));
#3383 = ( GEOMETRIC_REPRESENTATION_CONTEXT(2) 
PARAMETRIC_REPRESENTATION_CONTEXT() REPRESENTATION_CONTEXT('2D SPACE',''
  ) );
#3384 = ORIENTED_EDGE('',*,*,#2229,.F.);
#3385 = ORIENTED_EDGE('',*,*,#3312,.F.);
#3386 = ADVANCED_FACE('',(#3387),#779,.T.);
#3387 = FACE_BOUND('',#3388,.T.);
#3388 = EDGE_LOOP('',(#3389,#3390,#3411,#3412));
#3389 = ORIENTED_EDGE('',*,*,#763,.F.);
#3390 = ORIENTED_EDGE('',*,*,#3391,.T.);
#3391 = EDGE_CURVE('',#764,#2109,#3392,.T.);
#3392 = SURFACE_CURVE('',#3393,(#3397,#3404),.PCURVE_S1.);
#3393 = LINE('',#3394,#3395);
#3394 = CARTESIAN_POINT('',(-85.97,-25.03,0.));
#3395 = VECTOR('',#3396,1.);
#3396 = DIRECTION('',(0.,0.,1.));
#3397 = PCURVE('',#779,#3398);
#3398 = DEFINITIONAL_REPRESENTATION('',(#3399),#3403);
#3399 = LINE('',#3400,#3401);
#3400 = CARTESIAN_POINT('',(0.5,0.));
#3401 = VECTOR('',#3402,1.);
#3402 = DIRECTION('',(0.,-1.));
#3403 = ( GEOMETRIC_REPRESENTATION_CONTEXT(2) 
PARAMETRIC_REPRESENTATION_CONTEXT() REPRESENTATION_CONTEXT('2D SPACE',''
  ) );
#3404 = PCURVE('',#812,#3405);
#3405 = DEFINITIONAL_REPRESENTATION('',(#3406),#3410);
#3406 = LINE('',#3407,#3408);
#3407 = CARTESIAN_POINT('',(-0.,0.));
#3408 = VECTOR('',#3409,1.);
#3409 = DIRECTION('',(-0.,1.));
#3410 = ( GEOMETRIC_REPRESENTATION_CONTEXT(2) 
PARAMETRIC_REPRESENTATION_CONTEXT() REPRESENTATION_CONTEXT('2D SPACE',''
  ) );
#3411 = ORIENTED_EDGE('',*,*,#2108,.T.);
#3412 = ORIENTED_EDGE('',*,*,#3337,.F.);
#3413 = ADVANCED_FACE('',(#3414),#897,.T.);
#3414 = FACE_BOUND('',#3415,.T.);
#3415 = EDGE_LOOP('',(#3416,#3417,#3418,#3419));
#3416 = ORIENTED_EDGE('',*,*,#881,.F.);
#3417 = ORIENTED_EDGE('',*,*,#3364,.T.);
#3418 = ORIENTED_EDGE('',*,*,#2206,.T.);
#3419 = ORIENTED_EDGE('',*,*,#3420,.F.);
#3420 = EDGE_CURVE('',#853,#2183,#3421,.T.);
#3421 = SURFACE_CURVE('',#3422,(#3426,#3433),.PCURVE_S1.);
#3422 = LINE('',#3423,#3424);
#3423 = CARTESIAN_POINT('',(-87.53,-25.03,0.));
#3424 = VECTOR('',#3425,1.);
#3425 = DIRECTION('',(0.,0.,1.));
#3426 = PCURVE('',#897,#3427);
#3427 = DEFINITIONAL_REPRESENTATION('',(#3428),#3432);
#3428 = LINE('',#3429,#3430);
#3429 = CARTESIAN_POINT('',(3.5,0.));
#3430 = VECTOR('',#3431,1.);
#3431 = DIRECTION('',(0.,-1.));
#3432 = ( GEOMETRIC_REPRESENTATION_CONTEXT(2) 
PARAMETRIC_REPRESENTATION_CONTEXT() REPRESENTATION_CONTEXT('2D SPACE',''
  ) );
#3433 = PCURVE('',#869,#3434);
#3434 = DEFINITIONAL_REPRESENTATION('',(#3435),#3439);
#3435 = LINE('',#3436,#3437);
#3436 = CARTESIAN_POINT('',(0.,0.));
#3437 = VECTOR('',#3438,1.);
#3438 = DIRECTION('',(0.,1.));
#3439 = ( GEOMETRIC_REPRESENTATION_CONTEXT(2) 
PARAMETRIC_REPRESENTATION_CONTEXT() REPRESENTATION_CONTEXT('2D SPACE',''
  ) );
#3440 = ADVANCED_FACE('',(#3441),#812,.F.);
#3441 = FACE_BOUND('',#3442,.T.);
#3442 = EDGE_LOOP('',(#3443,#3444,#3465,#3466));
#3443 = ORIENTED_EDGE('',*,*,#791,.T.);
#3444 = ORIENTED_EDGE('',*,*,#3445,.T.);
#3445 = EDGE_CURVE('',#792,#2132,#3446,.T.);
#3446 = SURFACE_CURVE('',#3447,(#3451,#3458),.PCURVE_S1.);
#3447 = LINE('',#3448,#3449);
#3448 = CARTESIAN_POINT('',(-86.47,-25.53,0.));
#3449 = VECTOR('',#3450,1.);
#3450 = DIRECTION('',(0.,0.,1.));
#3451 = PCURVE('',#812,#3452);
#3452 = DEFINITIONAL_REPRESENTATION('',(#3453),#3457);
#3453 = LINE('',#3454,#3455);
#3454 = CARTESIAN_POINT('',(-1.570796326795,0.));
#3455 = VECTOR('',#3456,1.);
#3456 = DIRECTION('',(-0.,1.));
#3457 = ( GEOMETRIC_REPRESENTATION_CONTEXT(2) 
PARAMETRIC_REPRESENTATION_CONTEXT() REPRESENTATION_CONTEXT('2D SPACE',''
  ) );
#3458 = PCURVE('',#840,#3459);
#3459 = DEFINITIONAL_REPRESENTATION('',(#3460),#3464);
#3460 = LINE('',#3461,#3462);
#3461 = CARTESIAN_POINT('',(1.06,0.));
#3462 = VECTOR('',#3463,1.);
#3463 = DIRECTION('',(0.,-1.));
#3464 = ( GEOMETRIC_REPRESENTATION_CONTEXT(2) 
PARAMETRIC_REPRESENTATION_CONTEXT() REPRESENTATION_CONTEXT('2D SPACE',''
  ) );
#3465 = ORIENTED_EDGE('',*,*,#2131,.F.);
#3466 = ORIENTED_EDGE('',*,*,#3391,.F.);
#3467 = ADVANCED_FACE('',(#3468),#869,.F.);
#3468 = FACE_BOUND('',#3469,.F.);
#3469 = EDGE_LOOP('',(#3470,#3471,#3492,#3493));
#3470 = ORIENTED_EDGE('',*,*,#852,.T.);
#3471 = ORIENTED_EDGE('',*,*,#3472,.T.);
#3472 = EDGE_CURVE('',#825,#2160,#3473,.T.);
#3473 = SURFACE_CURVE('',#3474,(#3478,#3485),.PCURVE_S1.);
#3474 = LINE('',#3475,#3476);
#3475 = CARTESIAN_POINT('',(-87.03,-25.53,0.));
#3476 = VECTOR('',#3477,1.);
#3477 = DIRECTION('',(0.,0.,1.));
#3478 = PCURVE('',#869,#3479);
#3479 = DEFINITIONAL_REPRESENTATION('',(#3480),#3484);
#3480 = LINE('',#3481,#3482);
#3481 = CARTESIAN_POINT('',(1.570796326795,0.));
#3482 = VECTOR('',#3483,1.);
#3483 = DIRECTION('',(0.,1.));
#3484 = ( GEOMETRIC_REPRESENTATION_CONTEXT(2) 
PARAMETRIC_REPRESENTATION_CONTEXT() REPRESENTATION_CONTEXT('2D SPACE',''
  ) );
#3485 = PCURVE('',#840,#3486);
#3486 = DEFINITIONAL_REPRESENTATION('',(#3487),#3491);
#3487 = LINE('',#3488,#3489);
#3488 = CARTESIAN_POINT('',(0.5,0.));
#3489 = VECTOR('',#3490,1.);
#3490 = DIRECTION('',(0.,-1.));
#3491 = ( GEOMETRIC_REPRESENTATION_CONTEXT(2) 
PARAMETRIC_REPRESENTATION_CONTEXT() REPRESENTATION_CONTEXT('2D SPACE',''
  ) );
#3492 = ORIENTED_EDGE('',*,*,#2182,.F.);
#3493 = ORIENTED_EDGE('',*,*,#3420,.F.);
#3494 = ADVANCED_FACE('',(#3495),#840,.T.);
#3495 = FACE_BOUND('',#3496,.T.);
#3496 = EDGE_LOOP('',(#3497,#3498,#3499,#3500));
#3497 = ORIENTED_EDGE('',*,*,#824,.F.);
#3498 = ORIENTED_EDGE('',*,*,#3472,.T.);
#3499 = ORIENTED_EDGE('',*,*,#2159,.T.);
#3500 = ORIENTED_EDGE('',*,*,#3445,.F.);
#3501 = ADVANCED_FACE('',(#3502),#1078,.T.);
#3502 = FACE_BOUND('',#3503,.T.);
#3503 = EDGE_LOOP('',(#3504,#3505,#3526,#3527));
#3504 = ORIENTED_EDGE('',*,*,#1060,.F.);
#3505 = ORIENTED_EDGE('',*,*,#3506,.T.);
#3506 = EDGE_CURVE('',#1061,#2356,#3507,.T.);
#3507 = SURFACE_CURVE('',#3508,(#3512,#3519),.PCURVE_S1.);
#3508 = LINE('',#3509,#3510);
#3509 = CARTESIAN_POINT('',(-40.18,-51.03,0.));
#3510 = VECTOR('',#3511,1.);
#3511 = DIRECTION('',(0.,0.,1.));
#3512 = PCURVE('',#1078,#3513);
#3513 = DEFINITIONAL_REPRESENTATION('',(#3514),#3518);
#3514 = LINE('',#3515,#3516);
#3515 = CARTESIAN_POINT('',(0.5,0.));
#3516 = VECTOR('',#3517,1.);
#3517 = DIRECTION('',(0.,-1.));
#3518 = ( GEOMETRIC_REPRESENTATION_CONTEXT(2) 
PARAMETRIC_REPRESENTATION_CONTEXT() REPRESENTATION_CONTEXT('2D SPACE',''
  ) );
#3519 = PCURVE('',#1111,#3520);
#3520 = DEFINITIONAL_REPRESENTATION('',(#3521),#3525);
#3521 = LINE('',#3522,#3523);
#3522 = CARTESIAN_POINT('',(-0.,0.));
#3523 = VECTOR('',#3524,1.);
#3524 = DIRECTION('',(-0.,1.));
#3525 = ( GEOMETRIC_REPRESENTATION_CONTEXT(2) 
PARAMETRIC_REPRESENTATION_CONTEXT() REPRESENTATION_CONTEXT('2D SPACE',''
  ) );
#3526 = ORIENTED_EDGE('',*,*,#2355,.T.);
#3527 = ORIENTED_EDGE('',*,*,#3528,.F.);
#3528 = EDGE_CURVE('',#1063,#2358,#3529,.T.);
#3529 = SURFACE_CURVE('',#3530,(#3534,#3541),.PCURVE_S1.);
#3530 = LINE('',#3531,#3532);
#3531 = CARTESIAN_POINT('',(-28.68,-51.03,0.));
#3532 = VECTOR('',#3533,1.);
#3533 = DIRECTION('',(0.,0.,1.));
#3534 = PCURVE('',#1078,#3535);
#3535 = DEFINITIONAL_REPRESENTATION('',(#3536),#3540);
#3536 = LINE('',#3537,#3538);
#3537 = CARTESIAN_POINT('',(12.,0.));
#3538 = VECTOR('',#3539,1.);
#3539 = DIRECTION('',(0.,-1.));
#3540 = ( GEOMETRIC_REPRESENTATION_CONTEXT(2) 
PARAMETRIC_REPRESENTATION_CONTEXT() REPRESENTATION_CONTEXT('2D SPACE',''
  ) );
#3541 = PCURVE('',#1512,#3542);
#3542 = DEFINITIONAL_REPRESENTATION('',(#3543),#3547);
#3543 = LINE('',#3544,#3545);
#3544 = CARTESIAN_POINT('',(0.,0.));
#3545 = VECTOR('',#3546,1.);
#3546 = DIRECTION('',(0.,1.));
#3547 = ( GEOMETRIC_REPRESENTATION_CONTEXT(2) 
PARAMETRIC_REPRESENTATION_CONTEXT() REPRESENTATION_CONTEXT('2D SPACE',''
  ) );
#3548 = ADVANCED_FACE('',(#3549),#1111,.F.);
#3549 = FACE_BOUND('',#3550,.T.);
#3550 = EDGE_LOOP('',(#3551,#3552,#3573,#3574));
#3551 = ORIENTED_EDGE('',*,*,#1090,.T.);
#3552 = ORIENTED_EDGE('',*,*,#3553,.T.);
#3553 = EDGE_CURVE('',#1091,#2381,#3554,.T.);
#3554 = SURFACE_CURVE('',#3555,(#3559,#3566),.PCURVE_S1.);
#3555 = LINE('',#3556,#3557);
#3556 = CARTESIAN_POINT('',(-40.68,-50.53,0.));
#3557 = VECTOR('',#3558,1.);
#3558 = DIRECTION('',(0.,0.,1.));
#3559 = PCURVE('',#1111,#3560);
#3560 = DEFINITIONAL_REPRESENTATION('',(#3561),#3565);
#3561 = LINE('',#3562,#3563);
#3562 = CARTESIAN_POINT('',(-1.570796326795,0.));
#3563 = VECTOR('',#3564,1.);
#3564 = DIRECTION('',(-0.,1.));
#3565 = ( GEOMETRIC_REPRESENTATION_CONTEXT(2) 
PARAMETRIC_REPRESENTATION_CONTEXT() REPRESENTATION_CONTEXT('2D SPACE',''
  ) );
#3566 = PCURVE('',#1139,#3567);
#3567 = DEFINITIONAL_REPRESENTATION('',(#3568),#3572);
#3568 = LINE('',#3569,#3570);
#3569 = CARTESIAN_POINT('',(1.11,0.));
#3570 = VECTOR('',#3571,1.);
#3571 = DIRECTION('',(0.,-1.));
#3572 = ( GEOMETRIC_REPRESENTATION_CONTEXT(2) 
PARAMETRIC_REPRESENTATION_CONTEXT() REPRESENTATION_CONTEXT('2D SPACE',''
  ) );
#3573 = ORIENTED_EDGE('',*,*,#2380,.F.);
#3574 = ORIENTED_EDGE('',*,*,#3506,.F.);
#3575 = ADVANCED_FACE('',(#3576),#1512,.F.);
#3576 = FACE_BOUND('',#3577,.F.);
#3577 = EDGE_LOOP('',(#3578,#3579,#3600,#3601));
#3578 = ORIENTED_EDGE('',*,*,#1497,.T.);
#3579 = ORIENTED_EDGE('',*,*,#3580,.T.);
#3580 = EDGE_CURVE('',#1470,#2695,#3581,.T.);
#3581 = SURFACE_CURVE('',#3582,(#3586,#3593),.PCURVE_S1.);
#3582 = LINE('',#3583,#3584);
#3583 = CARTESIAN_POINT('',(-28.18,-50.53,0.));
#3584 = VECTOR('',#3585,1.);
#3585 = DIRECTION('',(0.,0.,1.));
#3586 = PCURVE('',#1512,#3587);
#3587 = DEFINITIONAL_REPRESENTATION('',(#3588),#3592);
#3588 = LINE('',#3589,#3590);
#3589 = CARTESIAN_POINT('',(1.570796326795,0.));
#3590 = VECTOR('',#3591,1.);
#3591 = DIRECTION('',(0.,1.));
#3592 = ( GEOMETRIC_REPRESENTATION_CONTEXT(2) 
PARAMETRIC_REPRESENTATION_CONTEXT() REPRESENTATION_CONTEXT('2D SPACE',''
  ) );
#3593 = PCURVE('',#1485,#3594);
#3594 = DEFINITIONAL_REPRESENTATION('',(#3595),#3599);
#3595 = LINE('',#3596,#3597);
#3596 = CARTESIAN_POINT('',(0.5,0.));
#3597 = VECTOR('',#3598,1.);
#3598 = DIRECTION('',(0.,-1.));
#3599 = ( GEOMETRIC_REPRESENTATION_CONTEXT(2) 
PARAMETRIC_REPRESENTATION_CONTEXT() REPRESENTATION_CONTEXT('2D SPACE',''
  ) );
#3600 = ORIENTED_EDGE('',*,*,#2717,.F.);
#3601 = ORIENTED_EDGE('',*,*,#3528,.F.);
#3602 = ADVANCED_FACE('',(#3603),#1139,.T.);
#3603 = FACE_BOUND('',#3604,.T.);
#3604 = EDGE_LOOP('',(#3605,#3606,#3627,#3628));
#3605 = ORIENTED_EDGE('',*,*,#1123,.F.);
#3606 = ORIENTED_EDGE('',*,*,#3607,.T.);
#3607 = EDGE_CURVE('',#1124,#2409,#3608,.T.);
#3608 = SURFACE_CURVE('',#3609,(#3613,#3620),.PCURVE_S1.);
#3609 = LINE('',#3610,#3611);
#3610 = CARTESIAN_POINT('',(-40.68,-49.92,0.));
#3611 = VECTOR('',#3612,1.);
#3612 = DIRECTION('',(0.,0.,1.));
#3613 = PCURVE('',#1139,#3614);
#3614 = DEFINITIONAL_REPRESENTATION('',(#3615),#3619);
#3615 = LINE('',#3616,#3617);
#3616 = CARTESIAN_POINT('',(0.5,0.));
#3617 = VECTOR('',#3618,1.);
#3618 = DIRECTION('',(0.,-1.));
#3619 = ( GEOMETRIC_REPRESENTATION_CONTEXT(2) 
PARAMETRIC_REPRESENTATION_CONTEXT() REPRESENTATION_CONTEXT('2D SPACE',''
  ) );
#3620 = PCURVE('',#1172,#3621);
#3621 = DEFINITIONAL_REPRESENTATION('',(#3622),#3626);
#3622 = LINE('',#3623,#3624);
#3623 = CARTESIAN_POINT('',(-0.,0.));
#3624 = VECTOR('',#3625,1.);
#3625 = DIRECTION('',(-0.,1.));
#3626 = ( GEOMETRIC_REPRESENTATION_CONTEXT(2) 
PARAMETRIC_REPRESENTATION_CONTEXT() REPRESENTATION_CONTEXT('2D SPACE',''
  ) );
#3627 = ORIENTED_EDGE('',*,*,#2408,.T.);
#3628 = ORIENTED_EDGE('',*,*,#3553,.F.);
#3629 = ADVANCED_FACE('',(#3630),#1485,.T.);
#3630 = FACE_BOUND('',#3631,.T.);
#3631 = EDGE_LOOP('',(#3632,#3633,#3634,#3635));
#3632 = ORIENTED_EDGE('',*,*,#1469,.F.);
#3633 = ORIENTED_EDGE('',*,*,#3580,.T.);
#3634 = ORIENTED_EDGE('',*,*,#2694,.T.);
#3635 = ORIENTED_EDGE('',*,*,#3636,.F.);
#3636 = EDGE_CURVE('',#1441,#2671,#3637,.T.);
#3637 = SURFACE_CURVE('',#3638,(#3642,#3649),.PCURVE_S1.);
#3638 = LINE('',#3639,#3640);
#3639 = CARTESIAN_POINT('',(-28.18,-28.47,0.));
#3640 = VECTOR('',#3641,1.);
#3641 = DIRECTION('',(0.,0.,1.));
#3642 = PCURVE('',#1485,#3643);
#3643 = DEFINITIONAL_REPRESENTATION('',(#3644),#3648);
#3644 = LINE('',#3645,#3646);
#3645 = CARTESIAN_POINT('',(22.56,0.));
#3646 = VECTOR('',#3647,1.);
#3647 = DIRECTION('',(0.,-1.));
#3648 = ( GEOMETRIC_REPRESENTATION_CONTEXT(2) 
PARAMETRIC_REPRESENTATION_CONTEXT() REPRESENTATION_CONTEXT('2D SPACE',''
  ) );
#3649 = PCURVE('',#1457,#3650);
#3650 = DEFINITIONAL_REPRESENTATION('',(#3651),#3655);
#3651 = LINE('',#3652,#3653);
#3652 = CARTESIAN_POINT('',(0.,0.));
#3653 = VECTOR('',#3654,1.);
#3654 = DIRECTION('',(0.,1.));
#3655 = ( GEOMETRIC_REPRESENTATION_CONTEXT(2) 
PARAMETRIC_REPRESENTATION_CONTEXT() REPRESENTATION_CONTEXT('2D SPACE',''
  ) );
#3656 = ADVANCED_FACE('',(#3657),#1172,.F.);
#3657 = FACE_BOUND('',#3658,.T.);
#3658 = EDGE_LOOP('',(#3659,#3660,#3681,#3682));
#3659 = ORIENTED_EDGE('',*,*,#1151,.T.);
#3660 = ORIENTED_EDGE('',*,*,#3661,.T.);
#3661 = EDGE_CURVE('',#1152,#2432,#3662,.T.);
#3662 = SURFACE_CURVE('',#3663,(#3667,#3674),.PCURVE_S1.);
#3663 = LINE('',#3664,#3665);
#3664 = CARTESIAN_POINT('',(-40.18,-49.42,0.));
#3665 = VECTOR('',#3666,1.);
#3666 = DIRECTION('',(0.,0.,1.));
#3667 = PCURVE('',#1172,#3668);
#3668 = DEFINITIONAL_REPRESENTATION('',(#3669),#3673);
#3669 = LINE('',#3670,#3671);
#3670 = CARTESIAN_POINT('',(-1.570796326795,0.));
#3671 = VECTOR('',#3672,1.);
#3672 = DIRECTION('',(-0.,1.));
#3673 = ( GEOMETRIC_REPRESENTATION_CONTEXT(2) 
PARAMETRIC_REPRESENTATION_CONTEXT() REPRESENTATION_CONTEXT('2D SPACE',''
  ) );
#3674 = PCURVE('',#1200,#3675);
#3675 = DEFINITIONAL_REPRESENTATION('',(#3676),#3680);
#3676 = LINE('',#3677,#3678);
#3677 = CARTESIAN_POINT('',(3.51,0.));
#3678 = VECTOR('',#3679,1.);
#3679 = DIRECTION('',(0.,-1.));
#3680 = ( GEOMETRIC_REPRESENTATION_CONTEXT(2) 
PARAMETRIC_REPRESENTATION_CONTEXT() REPRESENTATION_CONTEXT('2D SPACE',''
  ) );
#3681 = ORIENTED_EDGE('',*,*,#2431,.F.);
#3682 = ORIENTED_EDGE('',*,*,#3607,.F.);
#3683 = ADVANCED_FACE('',(#3684),#1457,.F.);
#3684 = FACE_BOUND('',#3685,.F.);
#3685 = EDGE_LOOP('',(#3686,#3687,#3708,#3709));
#3686 = ORIENTED_EDGE('',*,*,#1440,.T.);
#3687 = ORIENTED_EDGE('',*,*,#3688,.T.);
#3688 = EDGE_CURVE('',#1413,#2648,#3689,.T.);
#3689 = SURFACE_CURVE('',#3690,(#3694,#3701),.PCURVE_S1.);
#3690 = LINE('',#3691,#3692);
#3691 = CARTESIAN_POINT('',(-28.68,-27.97,0.));
#3692 = VECTOR('',#3693,1.);
#3693 = DIRECTION('',(0.,0.,1.));
#3694 = PCURVE('',#1457,#3695);
#3695 = DEFINITIONAL_REPRESENTATION('',(#3696),#3700);
#3696 = LINE('',#3697,#3698);
#3697 = CARTESIAN_POINT('',(1.570796326795,0.));
#3698 = VECTOR('',#3699,1.);
#3699 = DIRECTION('',(0.,1.));
#3700 = ( GEOMETRIC_REPRESENTATION_CONTEXT(2) 
PARAMETRIC_REPRESENTATION_CONTEXT() REPRESENTATION_CONTEXT('2D SPACE',''
  ) );
#3701 = PCURVE('',#1428,#3702);
#3702 = DEFINITIONAL_REPRESENTATION('',(#3703),#3707);
#3703 = LINE('',#3704,#3705);
#3704 = CARTESIAN_POINT('',(0.5,0.));
#3705 = VECTOR('',#3706,1.);
#3706 = DIRECTION('',(0.,-1.));
#3707 = ( GEOMETRIC_REPRESENTATION_CONTEXT(2) 
PARAMETRIC_REPRESENTATION_CONTEXT() REPRESENTATION_CONTEXT('2D SPACE',''
  ) );
#3708 = ORIENTED_EDGE('',*,*,#2670,.F.);
#3709 = ORIENTED_EDGE('',*,*,#3636,.F.);
#3710 = ADVANCED_FACE('',(#3711),#1200,.T.);
#3711 = FACE_BOUND('',#3712,.T.);
#3712 = EDGE_LOOP('',(#3713,#3714,#3735,#3736));
#3713 = ORIENTED_EDGE('',*,*,#1184,.F.);
#3714 = ORIENTED_EDGE('',*,*,#3715,.T.);
#3715 = EDGE_CURVE('',#1185,#2460,#3716,.T.);
#3716 = SURFACE_CURVE('',#3717,(#3721,#3728),.PCURVE_S1.);
#3717 = LINE('',#3718,#3719);
#3718 = CARTESIAN_POINT('',(-37.17,-49.42,0.));
#3719 = VECTOR('',#3720,1.);
#3720 = DIRECTION('',(0.,0.,1.));
#3721 = PCURVE('',#1200,#3722);
#3722 = DEFINITIONAL_REPRESENTATION('',(#3723),#3727);
#3723 = LINE('',#3724,#3725);
#3724 = CARTESIAN_POINT('',(0.5,0.));
#3725 = VECTOR('',#3726,1.);
#3726 = DIRECTION('',(0.,-1.));
#3727 = ( GEOMETRIC_REPRESENTATION_CONTEXT(2) 
PARAMETRIC_REPRESENTATION_CONTEXT() REPRESENTATION_CONTEXT('2D SPACE',''
  ) );
#3728 = PCURVE('',#1229,#3729);
#3729 = DEFINITIONAL_REPRESENTATION('',(#3730),#3734);
#3730 = LINE('',#3731,#3732);
#3731 = CARTESIAN_POINT('',(0.,0.));
#3732 = VECTOR('',#3733,1.);
#3733 = DIRECTION('',(0.,1.));
#3734 = ( GEOMETRIC_REPRESENTATION_CONTEXT(2) 
PARAMETRIC_REPRESENTATION_CONTEXT() REPRESENTATION_CONTEXT('2D SPACE',''
  ) );
#3735 = ORIENTED_EDGE('',*,*,#2459,.T.);
#3736 = ORIENTED_EDGE('',*,*,#3661,.F.);
#3737 = ADVANCED_FACE('',(#3738),#1428,.T.);
#3738 = FACE_BOUND('',#3739,.T.);
#3739 = EDGE_LOOP('',(#3740,#3741,#3742,#3743));
#3740 = ORIENTED_EDGE('',*,*,#1412,.F.);
#3741 = ORIENTED_EDGE('',*,*,#3688,.T.);
#3742 = ORIENTED_EDGE('',*,*,#2647,.T.);
#3743 = ORIENTED_EDGE('',*,*,#3744,.F.);
#3744 = EDGE_CURVE('',#1384,#2624,#3745,.T.);
#3745 = SURFACE_CURVE('',#3746,(#3750,#3757),.PCURVE_S1.);
#3746 = LINE('',#3747,#3748);
#3747 = CARTESIAN_POINT('',(-40.17,-27.97,0.));
#3748 = VECTOR('',#3749,1.);
#3749 = DIRECTION('',(0.,0.,1.));
#3750 = PCURVE('',#1428,#3751);
#3751 = DEFINITIONAL_REPRESENTATION('',(#3752),#3756);
#3752 = LINE('',#3753,#3754);
#3753 = CARTESIAN_POINT('',(11.99,0.));
#3754 = VECTOR('',#3755,1.);
#3755 = DIRECTION('',(0.,-1.));
#3756 = ( GEOMETRIC_REPRESENTATION_CONTEXT(2) 
PARAMETRIC_REPRESENTATION_CONTEXT() REPRESENTATION_CONTEXT('2D SPACE',''
  ) );
#3757 = PCURVE('',#1400,#3758);
#3758 = DEFINITIONAL_REPRESENTATION('',(#3759),#3763);
#3759 = LINE('',#3760,#3761);
#3760 = CARTESIAN_POINT('',(0.,0.));
#3761 = VECTOR('',#3762,1.);
#3762 = DIRECTION('',(0.,1.));
#3763 = ( GEOMETRIC_REPRESENTATION_CONTEXT(2) 
PARAMETRIC_REPRESENTATION_CONTEXT() REPRESENTATION_CONTEXT('2D SPACE',''
  ) );
#3764 = ADVANCED_FACE('',(#3765),#1229,.T.);
#3765 = FACE_BOUND('',#3766,.T.);
#3766 = EDGE_LOOP('',(#3767,#3768,#3789,#3790));
#3767 = ORIENTED_EDGE('',*,*,#1212,.T.);
#3768 = ORIENTED_EDGE('',*,*,#3769,.T.);
#3769 = EDGE_CURVE('',#1213,#2483,#3770,.T.);
#3770 = SURFACE_CURVE('',#3771,(#3775,#3782),.PCURVE_S1.);
#3771 = LINE('',#3772,#3773);
#3772 = CARTESIAN_POINT('',(-36.67,-48.92,0.));
#3773 = VECTOR('',#3774,1.);
#3774 = DIRECTION('',(0.,0.,1.));
#3775 = PCURVE('',#1229,#3776);
#3776 = DEFINITIONAL_REPRESENTATION('',(#3777),#3781);
#3777 = LINE('',#3778,#3779);
#3778 = CARTESIAN_POINT('',(1.570796326795,0.));
#3779 = VECTOR('',#3780,1.);
#3780 = DIRECTION('',(0.,1.));
#3781 = ( GEOMETRIC_REPRESENTATION_CONTEXT(2) 
PARAMETRIC_REPRESENTATION_CONTEXT() REPRESENTATION_CONTEXT('2D SPACE',''
  ) );
#3782 = PCURVE('',#1257,#3783);
#3783 = DEFINITIONAL_REPRESENTATION('',(#3784),#3788);
#3784 = LINE('',#3785,#3786);
#3785 = CARTESIAN_POINT('',(19.39,0.));
#3786 = VECTOR('',#3787,1.);
#3787 = DIRECTION('',(0.,-1.));
#3788 = ( GEOMETRIC_REPRESENTATION_CONTEXT(2) 
PARAMETRIC_REPRESENTATION_CONTEXT() REPRESENTATION_CONTEXT('2D SPACE',''
  ) );
#3789 = ORIENTED_EDGE('',*,*,#2482,.F.);
#3790 = ORIENTED_EDGE('',*,*,#3715,.F.);
#3791 = ADVANCED_FACE('',(#3792),#1400,.F.);
#3792 = FACE_BOUND('',#3793,.F.);
#3793 = EDGE_LOOP('',(#3794,#3795,#3816,#3817));
#3794 = ORIENTED_EDGE('',*,*,#1383,.T.);
#3795 = ORIENTED_EDGE('',*,*,#3796,.T.);
#3796 = EDGE_CURVE('',#1356,#2601,#3797,.T.);
#3797 = SURFACE_CURVE('',#3798,(#3802,#3809),.PCURVE_S1.);
#3798 = LINE('',#3799,#3800);
#3799 = CARTESIAN_POINT('',(-40.67,-28.47,0.));
#3800 = VECTOR('',#3801,1.);
#3801 = DIRECTION('',(0.,0.,1.));
#3802 = PCURVE('',#1400,#3803);
#3803 = DEFINITIONAL_REPRESENTATION('',(#3804),#3808);
#3804 = LINE('',#3805,#3806);
#3805 = CARTESIAN_POINT('',(1.570796326795,0.));
#3806 = VECTOR('',#3807,1.);
#3807 = DIRECTION('',(0.,1.));
#3808 = ( GEOMETRIC_REPRESENTATION_CONTEXT(2) 
PARAMETRIC_REPRESENTATION_CONTEXT() REPRESENTATION_CONTEXT('2D SPACE',''
  ) );
#3809 = PCURVE('',#1371,#3810);
#3810 = DEFINITIONAL_REPRESENTATION('',(#3811),#3815);
#3811 = LINE('',#3812,#3813);
#3812 = CARTESIAN_POINT('',(0.5,0.));
#3813 = VECTOR('',#3814,1.);
#3814 = DIRECTION('',(0.,-1.));
#3815 = ( GEOMETRIC_REPRESENTATION_CONTEXT(2) 
PARAMETRIC_REPRESENTATION_CONTEXT() REPRESENTATION_CONTEXT('2D SPACE',''
  ) );
#3816 = ORIENTED_EDGE('',*,*,#2623,.F.);
#3817 = ORIENTED_EDGE('',*,*,#3744,.F.);
#3818 = ADVANCED_FACE('',(#3819),#1257,.T.);
#3819 = FACE_BOUND('',#3820,.T.);
#3820 = EDGE_LOOP('',(#3821,#3822,#3843,#3844));
#3821 = ORIENTED_EDGE('',*,*,#1241,.F.);
#3822 = ORIENTED_EDGE('',*,*,#3823,.T.);
#3823 = EDGE_CURVE('',#1242,#2507,#3824,.T.);
#3824 = SURFACE_CURVE('',#3825,(#3829,#3836),.PCURVE_S1.);
#3825 = LINE('',#3826,#3827);
#3826 = CARTESIAN_POINT('',(-36.67,-30.03,0.));
#3827 = VECTOR('',#3828,1.);
#3828 = DIRECTION('',(0.,0.,1.));
#3829 = PCURVE('',#1257,#3830);
#3830 = DEFINITIONAL_REPRESENTATION('',(#3831),#3835);
#3831 = LINE('',#3832,#3833);
#3832 = CARTESIAN_POINT('',(0.5,0.));
#3833 = VECTOR('',#3834,1.);
#3834 = DIRECTION('',(0.,-1.));
#3835 = ( GEOMETRIC_REPRESENTATION_CONTEXT(2) 
PARAMETRIC_REPRESENTATION_CONTEXT() REPRESENTATION_CONTEXT('2D SPACE',''
  ) );
#3836 = PCURVE('',#1286,#3837);
#3837 = DEFINITIONAL_REPRESENTATION('',(#3838),#3842);
#3838 = LINE('',#3839,#3840);
#3839 = CARTESIAN_POINT('',(0.,0.));
#3840 = VECTOR('',#3841,1.);
#3841 = DIRECTION('',(0.,1.));
#3842 = ( GEOMETRIC_REPRESENTATION_CONTEXT(2) 
PARAMETRIC_REPRESENTATION_CONTEXT() REPRESENTATION_CONTEXT('2D SPACE',''
  ) );
#3843 = ORIENTED_EDGE('',*,*,#2506,.T.);
#3844 = ORIENTED_EDGE('',*,*,#3769,.F.);
#3845 = ADVANCED_FACE('',(#3846),#1371,.T.);
#3846 = FACE_BOUND('',#3847,.T.);
#3847 = EDGE_LOOP('',(#3848,#3849,#3850,#3851));
#3848 = ORIENTED_EDGE('',*,*,#1355,.F.);
#3849 = ORIENTED_EDGE('',*,*,#3796,.T.);
#3850 = ORIENTED_EDGE('',*,*,#2600,.T.);
#3851 = ORIENTED_EDGE('',*,*,#3852,.F.);
#3852 = EDGE_CURVE('',#1327,#2577,#3853,.T.);
#3853 = SURFACE_CURVE('',#3854,(#3858,#3865),.PCURVE_S1.);
#3854 = LINE('',#3855,#3856);
#3855 = CARTESIAN_POINT('',(-40.67,-29.03,0.));
#3856 = VECTOR('',#3857,1.);
#3857 = DIRECTION('',(0.,0.,1.));
#3858 = PCURVE('',#1371,#3859);
#3859 = DEFINITIONAL_REPRESENTATION('',(#3860),#3864);
#3860 = LINE('',#3861,#3862);
#3861 = CARTESIAN_POINT('',(1.06,0.));
#3862 = VECTOR('',#3863,1.);
#3863 = DIRECTION('',(0.,-1.));
#3864 = ( GEOMETRIC_REPRESENTATION_CONTEXT(2) 
PARAMETRIC_REPRESENTATION_CONTEXT() REPRESENTATION_CONTEXT('2D SPACE',''
  ) );
#3865 = PCURVE('',#1343,#3866);
#3866 = DEFINITIONAL_REPRESENTATION('',(#3867),#3871);
#3867 = LINE('',#3868,#3869);
#3868 = CARTESIAN_POINT('',(0.,0.));
#3869 = VECTOR('',#3870,1.);
#3870 = DIRECTION('',(0.,1.));
#3871 = ( GEOMETRIC_REPRESENTATION_CONTEXT(2) 
PARAMETRIC_REPRESENTATION_CONTEXT() REPRESENTATION_CONTEXT('2D SPACE',''
  ) );
#3872 = ADVANCED_FACE('',(#3873),#1286,.T.);
#3873 = FACE_BOUND('',#3874,.T.);
#3874 = EDGE_LOOP('',(#3875,#3876,#3897,#3898));
#3875 = ORIENTED_EDGE('',*,*,#1269,.T.);
#3876 = ORIENTED_EDGE('',*,*,#3877,.T.);
#3877 = EDGE_CURVE('',#1270,#2530,#3878,.T.);
#3878 = SURFACE_CURVE('',#3879,(#3883,#3890),.PCURVE_S1.);
#3879 = LINE('',#3880,#3881);
#3880 = CARTESIAN_POINT('',(-37.17,-29.53,0.));
#3881 = VECTOR('',#3882,1.);
#3882 = DIRECTION('',(0.,0.,1.));
#3883 = PCURVE('',#1286,#3884);
#3884 = DEFINITIONAL_REPRESENTATION('',(#3885),#3889);
#3885 = LINE('',#3886,#3887);
#3886 = CARTESIAN_POINT('',(1.570796326795,0.));
#3887 = VECTOR('',#3888,1.);
#3888 = DIRECTION('',(0.,1.));
#3889 = ( GEOMETRIC_REPRESENTATION_CONTEXT(2) 
PARAMETRIC_REPRESENTATION_CONTEXT() REPRESENTATION_CONTEXT('2D SPACE',''
  ) );
#3890 = PCURVE('',#1314,#3891);
#3891 = DEFINITIONAL_REPRESENTATION('',(#3892),#3896);
#3892 = LINE('',#3893,#3894);
#3893 = CARTESIAN_POINT('',(3.5,0.));
#3894 = VECTOR('',#3895,1.);
#3895 = DIRECTION('',(0.,-1.));
#3896 = ( GEOMETRIC_REPRESENTATION_CONTEXT(2) 
PARAMETRIC_REPRESENTATION_CONTEXT() REPRESENTATION_CONTEXT('2D SPACE',''
  ) );
#3897 = ORIENTED_EDGE('',*,*,#2529,.F.);
#3898 = ORIENTED_EDGE('',*,*,#3823,.F.);
#3899 = ADVANCED_FACE('',(#3900),#1343,.F.);
#3900 = FACE_BOUND('',#3901,.F.);
#3901 = EDGE_LOOP('',(#3902,#3903,#3924,#3925));
#3902 = ORIENTED_EDGE('',*,*,#1326,.T.);
#3903 = ORIENTED_EDGE('',*,*,#3904,.T.);
#3904 = EDGE_CURVE('',#1299,#2554,#3905,.T.);
#3905 = SURFACE_CURVE('',#3906,(#3910,#3917),.PCURVE_S1.);
#3906 = LINE('',#3907,#3908);
#3907 = CARTESIAN_POINT('',(-40.17,-29.53,0.));
#3908 = VECTOR('',#3909,1.);
#3909 = DIRECTION('',(0.,0.,1.));
#3910 = PCURVE('',#1343,#3911);
#3911 = DEFINITIONAL_REPRESENTATION('',(#3912),#3916);
#3912 = LINE('',#3913,#3914);
#3913 = CARTESIAN_POINT('',(1.570796326795,0.));
#3914 = VECTOR('',#3915,1.);
#3915 = DIRECTION('',(0.,1.));
#3916 = ( GEOMETRIC_REPRESENTATION_CONTEXT(2) 
PARAMETRIC_REPRESENTATION_CONTEXT() REPRESENTATION_CONTEXT('2D SPACE',''
  ) );
#3917 = PCURVE('',#1314,#3918);
#3918 = DEFINITIONAL_REPRESENTATION('',(#3919),#3923);
#3919 = LINE('',#3920,#3921);
#3920 = CARTESIAN_POINT('',(0.5,0.));
#3921 = VECTOR('',#3922,1.);
#3922 = DIRECTION('',(0.,-1.));
#3923 = ( GEOMETRIC_REPRESENTATION_CONTEXT(2) 
PARAMETRIC_REPRESENTATION_CONTEXT() REPRESENTATION_CONTEXT('2D SPACE',''
  ) );
#3924 = ORIENTED_EDGE('',*,*,#2576,.F.);
#3925 = ORIENTED_EDGE('',*,*,#3852,.F.);
#3926 = ADVANCED_FACE('',(#3927),#1314,.T.);
#3927 = FACE_BOUND('',#3928,.T.);
#3928 = EDGE_LOOP('',(#3929,#3930,#3931,#3932));
#3929 = ORIENTED_EDGE('',*,*,#1298,.F.);
#3930 = ORIENTED_EDGE('',*,*,#3904,.T.);
#3931 = ORIENTED_EDGE('',*,*,#2553,.T.);
#3932 = ORIENTED_EDGE('',*,*,#3877,.F.);
#3933 = ( GEOMETRIC_REPRESENTATION_CONTEXT(3) 
GLOBAL_UNCERTAINTY_ASSIGNED_CONTEXT((#3937)) 
GLOBAL_UNIT_ASSIGNED_CONTEXT((#3934,#3935,#3936)) REPRESENTATION_CONTEXT
('Context #1','3D Context with UNIT and UNCERTAINTY') );
#3934 = ( LENGTH_UNIT() NAMED_UNIT(*) SI_UNIT(.MILLI.,.METRE.) );
#3935 = ( NAMED_UNIT(*) PLANE_ANGLE_UNIT() SI_UNIT($,.RADIAN.) );
#3936 = ( NAMED_UNIT(*) SI_UNIT($,.STERADIAN.) SOLID_ANGLE_UNIT() );
#3937 = UNCERTAINTY_MEASURE_WITH_UNIT(LENGTH_MEASURE(1.E-07),#3934,
  'distance_accuracy_value','confusion accuracy');
#3938 = PRODUCT_RELATED_PRODUCT_CATEGORY('part',$,(#7));
ENDSEC;
END-ISO-10303-21;
