ISO-10303-21;
HEADER;
/* Generated by software containing ST-Developer
 * from STEP Tools, Inc. (www.steptools.com) 
 */

FILE_DESCRIPTION(
/* description */ (''),
/* implementation_level */ '2;1');

FILE_NAME(
/* name */ 'L Extrusion.step',
/* time_stamp */ '2026-05-01T15:53:17+05:30',
/* author */ (''),
/* organization */ (''),
/* preprocessor_version */ 'ST-DEVELOPER v20.1',
/* originating_system */ 'Autodesk Translation Framework v15.8.0.0',
/* authorisation */ '');

FILE_SCHEMA (('AUTOMOTIVE_DESIGN { 1 0 10303 214 3 1 1 }'));
ENDSEC;

DATA;
#10=MECHANICAL_DESIGN_GEOMETRIC_PRESENTATION_REPRESENTATION('',(#17),#7341);
#11=ITEM_DEFINED_TRANSFORMATION($,$,#4213,#4708);
#12=(
REPRESENTATION_RELATIONSHIP($,$,#7352,#7351)
REPRESENTATION_RELATIONSHIP_WITH_TRANSFORMATION(#11)
SHAPE_REPRESENTATION_RELATIONSHIP()
);
#13=CONTEXT_DEPENDENT_SHAPE_REPRESENTATION(#12,#7350);
#14=NEXT_ASSEMBLY_USAGE_OCCURRENCE('L Extrusion 120mm:1',
'L Extrusion 120mm:1','L Extrusion 120mm:1',#7354,#7355,
'L Extrusion 120mm:1');
#15=SHAPE_REPRESENTATION_RELATIONSHIP('SRR','None',#7352,#16);
#16=ADVANCED_BREP_SHAPE_REPRESENTATION('',(#18),#7340);
#17=STYLED_ITEM('',(#7366),#18);
#18=MANIFOLD_SOLID_BREP('Body1',#4199);
#19=PLANE('',#4217);
#20=PLANE('',#4363);
#21=PLANE('',#4366);
#22=PLANE('',#4369);
#23=PLANE('',#4370);
#24=PLANE('',#4506);
#25=PLANE('',#4509);
#26=PLANE('',#4511);
#27=PLANE('',#4513);
#28=PLANE('',#4515);
#29=PLANE('',#4517);
#30=PLANE('',#4520);
#31=PLANE('',#4524);
#32=PLANE('',#4528);
#33=PLANE('',#4532);
#34=PLANE('',#4536);
#35=PLANE('',#4543);
#36=PLANE('',#4545);
#37=PLANE('',#4559);
#38=PLANE('',#4561);
#39=PLANE('',#4563);
#40=PLANE('',#4564);
#41=PLANE('',#4565);
#42=PLANE('',#4566);
#43=PLANE('',#4567);
#44=PLANE('',#4568);
#45=PLANE('',#4569);
#46=PLANE('',#4570);
#47=PLANE('',#4571);
#48=PLANE('',#4574);
#49=PLANE('',#4576);
#50=PLANE('',#4578);
#51=PLANE('',#4593);
#52=PLANE('',#4595);
#53=PLANE('',#4596);
#54=PLANE('',#4598);
#55=PLANE('',#4599);
#56=PLANE('',#4604);
#57=PLANE('',#4606);
#58=PLANE('',#4608);
#59=PLANE('',#4610);
#60=PLANE('',#4612);
#61=PLANE('',#4614);
#62=PLANE('',#4616);
#63=PLANE('',#4618);
#64=PLANE('',#4620);
#65=PLANE('',#4622);
#66=PLANE('',#4624);
#67=PLANE('',#4626);
#68=PLANE('',#4628);
#69=PLANE('',#4632);
#70=PLANE('',#4636);
#71=PLANE('',#4640);
#72=PLANE('',#4644);
#73=PLANE('',#4648);
#74=PLANE('',#4649);
#75=PLANE('',#4653);
#76=PLANE('',#4655);
#77=PLANE('',#4669);
#78=PLANE('',#4671);
#79=PLANE('',#4673);
#80=PLANE('',#4674);
#81=PLANE('',#4675);
#82=PLANE('',#4676);
#83=PLANE('',#4677);
#84=PLANE('',#4678);
#85=PLANE('',#4679);
#86=PLANE('',#4682);
#87=PLANE('',#4684);
#88=PLANE('',#4686);
#89=PLANE('',#4701);
#90=PLANE('',#4703);
#91=PLANE('',#4705);
#92=PLANE('',#4707);
#93=FACE_OUTER_BOUND('',#307,.T.);
#94=FACE_OUTER_BOUND('',#308,.T.);
#95=FACE_OUTER_BOUND('',#309,.T.);
#96=FACE_OUTER_BOUND('',#310,.T.);
#97=FACE_OUTER_BOUND('',#311,.T.);
#98=FACE_OUTER_BOUND('',#312,.T.);
#99=FACE_OUTER_BOUND('',#313,.T.);
#100=FACE_OUTER_BOUND('',#314,.T.);
#101=FACE_OUTER_BOUND('',#315,.T.);
#102=FACE_OUTER_BOUND('',#316,.T.);
#103=FACE_OUTER_BOUND('',#317,.T.);
#104=FACE_OUTER_BOUND('',#318,.T.);
#105=FACE_OUTER_BOUND('',#319,.T.);
#106=FACE_OUTER_BOUND('',#320,.T.);
#107=FACE_OUTER_BOUND('',#321,.T.);
#108=FACE_OUTER_BOUND('',#322,.T.);
#109=FACE_OUTER_BOUND('',#323,.T.);
#110=FACE_OUTER_BOUND('',#324,.T.);
#111=FACE_OUTER_BOUND('',#325,.T.);
#112=FACE_OUTER_BOUND('',#326,.T.);
#113=FACE_OUTER_BOUND('',#327,.T.);
#114=FACE_OUTER_BOUND('',#328,.T.);
#115=FACE_OUTER_BOUND('',#329,.T.);
#116=FACE_OUTER_BOUND('',#330,.T.);
#117=FACE_OUTER_BOUND('',#331,.T.);
#118=FACE_OUTER_BOUND('',#332,.T.);
#119=FACE_OUTER_BOUND('',#333,.T.);
#120=FACE_OUTER_BOUND('',#334,.T.);
#121=FACE_OUTER_BOUND('',#335,.T.);
#122=FACE_OUTER_BOUND('',#336,.T.);
#123=FACE_OUTER_BOUND('',#337,.T.);
#124=FACE_OUTER_BOUND('',#338,.T.);
#125=FACE_OUTER_BOUND('',#339,.T.);
#126=FACE_OUTER_BOUND('',#340,.T.);
#127=FACE_OUTER_BOUND('',#341,.T.);
#128=FACE_OUTER_BOUND('',#342,.T.);
#129=FACE_OUTER_BOUND('',#343,.T.);
#130=FACE_OUTER_BOUND('',#344,.T.);
#131=FACE_OUTER_BOUND('',#345,.T.);
#132=FACE_OUTER_BOUND('',#346,.T.);
#133=FACE_OUTER_BOUND('',#347,.T.);
#134=FACE_OUTER_BOUND('',#348,.T.);
#135=FACE_OUTER_BOUND('',#349,.T.);
#136=FACE_OUTER_BOUND('',#350,.T.);
#137=FACE_OUTER_BOUND('',#351,.T.);
#138=FACE_OUTER_BOUND('',#352,.T.);
#139=FACE_OUTER_BOUND('',#353,.T.);
#140=FACE_OUTER_BOUND('',#354,.T.);
#141=FACE_OUTER_BOUND('',#355,.T.);
#142=FACE_OUTER_BOUND('',#356,.T.);
#143=FACE_OUTER_BOUND('',#357,.T.);
#144=FACE_OUTER_BOUND('',#358,.T.);
#145=FACE_OUTER_BOUND('',#359,.T.);
#146=FACE_OUTER_BOUND('',#360,.T.);
#147=FACE_OUTER_BOUND('',#361,.T.);
#148=FACE_OUTER_BOUND('',#362,.T.);
#149=FACE_OUTER_BOUND('',#363,.T.);
#150=FACE_OUTER_BOUND('',#364,.T.);
#151=FACE_OUTER_BOUND('',#365,.T.);
#152=FACE_OUTER_BOUND('',#366,.T.);
#153=FACE_OUTER_BOUND('',#367,.T.);
#154=FACE_OUTER_BOUND('',#368,.T.);
#155=FACE_OUTER_BOUND('',#369,.T.);
#156=FACE_OUTER_BOUND('',#370,.T.);
#157=FACE_OUTER_BOUND('',#371,.T.);
#158=FACE_OUTER_BOUND('',#372,.T.);
#159=FACE_OUTER_BOUND('',#373,.T.);
#160=FACE_OUTER_BOUND('',#374,.T.);
#161=FACE_OUTER_BOUND('',#375,.T.);
#162=FACE_OUTER_BOUND('',#376,.T.);
#163=FACE_OUTER_BOUND('',#377,.T.);
#164=FACE_OUTER_BOUND('',#378,.T.);
#165=FACE_OUTER_BOUND('',#379,.T.);
#166=FACE_OUTER_BOUND('',#380,.T.);
#167=FACE_OUTER_BOUND('',#381,.T.);
#168=FACE_OUTER_BOUND('',#382,.T.);
#169=FACE_OUTER_BOUND('',#383,.T.);
#170=FACE_OUTER_BOUND('',#384,.T.);
#171=FACE_OUTER_BOUND('',#385,.T.);
#172=FACE_OUTER_BOUND('',#386,.T.);
#173=FACE_OUTER_BOUND('',#387,.T.);
#174=FACE_OUTER_BOUND('',#388,.T.);
#175=FACE_OUTER_BOUND('',#389,.T.);
#176=FACE_OUTER_BOUND('',#390,.T.);
#177=FACE_OUTER_BOUND('',#391,.T.);
#178=FACE_OUTER_BOUND('',#392,.T.);
#179=FACE_OUTER_BOUND('',#393,.T.);
#180=FACE_OUTER_BOUND('',#394,.T.);
#181=FACE_OUTER_BOUND('',#395,.T.);
#182=FACE_OUTER_BOUND('',#396,.T.);
#183=FACE_OUTER_BOUND('',#397,.T.);
#184=FACE_OUTER_BOUND('',#398,.T.);
#185=FACE_OUTER_BOUND('',#399,.T.);
#186=FACE_OUTER_BOUND('',#400,.T.);
#187=FACE_OUTER_BOUND('',#401,.T.);
#188=FACE_OUTER_BOUND('',#402,.T.);
#189=FACE_OUTER_BOUND('',#403,.T.);
#190=FACE_OUTER_BOUND('',#404,.T.);
#191=FACE_OUTER_BOUND('',#405,.T.);
#192=FACE_OUTER_BOUND('',#406,.T.);
#193=FACE_OUTER_BOUND('',#407,.T.);
#194=FACE_OUTER_BOUND('',#408,.T.);
#195=FACE_OUTER_BOUND('',#409,.T.);
#196=FACE_OUTER_BOUND('',#410,.T.);
#197=FACE_OUTER_BOUND('',#411,.T.);
#198=FACE_OUTER_BOUND('',#412,.T.);
#199=FACE_OUTER_BOUND('',#413,.T.);
#200=FACE_OUTER_BOUND('',#414,.T.);
#201=FACE_OUTER_BOUND('',#415,.T.);
#202=FACE_OUTER_BOUND('',#416,.T.);
#203=FACE_OUTER_BOUND('',#417,.T.);
#204=FACE_OUTER_BOUND('',#418,.T.);
#205=FACE_OUTER_BOUND('',#419,.T.);
#206=FACE_OUTER_BOUND('',#420,.T.);
#207=FACE_OUTER_BOUND('',#421,.T.);
#208=FACE_OUTER_BOUND('',#422,.T.);
#209=FACE_OUTER_BOUND('',#423,.T.);
#210=FACE_OUTER_BOUND('',#424,.T.);
#211=FACE_OUTER_BOUND('',#425,.T.);
#212=FACE_OUTER_BOUND('',#426,.T.);
#213=FACE_OUTER_BOUND('',#427,.T.);
#214=FACE_OUTER_BOUND('',#428,.T.);
#215=FACE_OUTER_BOUND('',#429,.T.);
#216=FACE_OUTER_BOUND('',#430,.T.);
#217=FACE_OUTER_BOUND('',#431,.T.);
#218=FACE_OUTER_BOUND('',#432,.T.);
#219=FACE_OUTER_BOUND('',#433,.T.);
#220=FACE_OUTER_BOUND('',#434,.T.);
#221=FACE_OUTER_BOUND('',#435,.T.);
#222=FACE_OUTER_BOUND('',#436,.T.);
#223=FACE_OUTER_BOUND('',#437,.T.);
#224=FACE_OUTER_BOUND('',#438,.T.);
#225=FACE_OUTER_BOUND('',#439,.T.);
#226=FACE_OUTER_BOUND('',#440,.T.);
#227=FACE_OUTER_BOUND('',#441,.T.);
#228=FACE_OUTER_BOUND('',#442,.T.);
#229=FACE_OUTER_BOUND('',#443,.T.);
#230=FACE_OUTER_BOUND('',#444,.T.);
#231=FACE_OUTER_BOUND('',#445,.T.);
#232=FACE_OUTER_BOUND('',#446,.T.);
#233=FACE_OUTER_BOUND('',#447,.T.);
#234=FACE_OUTER_BOUND('',#448,.T.);
#235=FACE_OUTER_BOUND('',#449,.T.);
#236=FACE_OUTER_BOUND('',#450,.T.);
#237=FACE_OUTER_BOUND('',#451,.T.);
#238=FACE_OUTER_BOUND('',#452,.T.);
#239=FACE_OUTER_BOUND('',#453,.T.);
#240=FACE_OUTER_BOUND('',#454,.T.);
#241=FACE_OUTER_BOUND('',#455,.T.);
#242=FACE_OUTER_BOUND('',#456,.T.);
#243=FACE_OUTER_BOUND('',#457,.T.);
#244=FACE_OUTER_BOUND('',#458,.T.);
#245=FACE_OUTER_BOUND('',#459,.T.);
#246=FACE_OUTER_BOUND('',#460,.T.);
#247=FACE_OUTER_BOUND('',#461,.T.);
#248=FACE_OUTER_BOUND('',#462,.T.);
#249=FACE_OUTER_BOUND('',#463,.T.);
#250=FACE_OUTER_BOUND('',#464,.T.);
#251=FACE_OUTER_BOUND('',#465,.T.);
#252=FACE_OUTER_BOUND('',#466,.T.);
#253=FACE_OUTER_BOUND('',#467,.T.);
#254=FACE_OUTER_BOUND('',#468,.T.);
#255=FACE_OUTER_BOUND('',#469,.T.);
#256=FACE_OUTER_BOUND('',#470,.T.);
#257=FACE_OUTER_BOUND('',#471,.T.);
#258=FACE_OUTER_BOUND('',#472,.T.);
#259=FACE_OUTER_BOUND('',#473,.T.);
#260=FACE_OUTER_BOUND('',#474,.T.);
#261=FACE_OUTER_BOUND('',#475,.T.);
#262=FACE_OUTER_BOUND('',#476,.T.);
#263=FACE_OUTER_BOUND('',#477,.T.);
#264=FACE_OUTER_BOUND('',#478,.T.);
#265=FACE_OUTER_BOUND('',#479,.T.);
#266=FACE_OUTER_BOUND('',#480,.T.);
#267=FACE_OUTER_BOUND('',#481,.T.);
#268=FACE_OUTER_BOUND('',#482,.T.);
#269=FACE_OUTER_BOUND('',#483,.T.);
#270=FACE_OUTER_BOUND('',#484,.T.);
#271=FACE_OUTER_BOUND('',#485,.T.);
#272=FACE_OUTER_BOUND('',#486,.T.);
#273=FACE_OUTER_BOUND('',#487,.T.);
#274=FACE_OUTER_BOUND('',#488,.T.);
#275=FACE_OUTER_BOUND('',#489,.T.);
#276=FACE_OUTER_BOUND('',#490,.T.);
#277=FACE_OUTER_BOUND('',#491,.T.);
#278=FACE_OUTER_BOUND('',#492,.T.);
#279=FACE_OUTER_BOUND('',#493,.T.);
#280=FACE_OUTER_BOUND('',#494,.T.);
#281=FACE_OUTER_BOUND('',#495,.T.);
#282=FACE_OUTER_BOUND('',#496,.T.);
#283=FACE_OUTER_BOUND('',#497,.T.);
#284=FACE_OUTER_BOUND('',#498,.T.);
#285=FACE_OUTER_BOUND('',#499,.T.);
#286=FACE_OUTER_BOUND('',#500,.T.);
#287=FACE_OUTER_BOUND('',#501,.T.);
#288=FACE_OUTER_BOUND('',#502,.T.);
#289=FACE_OUTER_BOUND('',#503,.T.);
#290=FACE_OUTER_BOUND('',#504,.T.);
#291=FACE_OUTER_BOUND('',#505,.T.);
#292=FACE_OUTER_BOUND('',#506,.T.);
#293=FACE_OUTER_BOUND('',#507,.T.);
#294=FACE_OUTER_BOUND('',#508,.T.);
#295=FACE_OUTER_BOUND('',#509,.T.);
#296=FACE_OUTER_BOUND('',#510,.T.);
#297=FACE_OUTER_BOUND('',#511,.T.);
#298=FACE_OUTER_BOUND('',#512,.T.);
#299=FACE_OUTER_BOUND('',#513,.T.);
#300=FACE_OUTER_BOUND('',#514,.T.);
#301=FACE_OUTER_BOUND('',#515,.T.);
#302=FACE_OUTER_BOUND('',#516,.T.);
#303=FACE_OUTER_BOUND('',#517,.T.);
#304=FACE_OUTER_BOUND('',#518,.T.);
#305=FACE_OUTER_BOUND('',#519,.T.);
#306=FACE_OUTER_BOUND('',#520,.T.);
#307=EDGE_LOOP('',(#2573,#2574,#2575,#2576));
#308=EDGE_LOOP('',(#2577,#2578,#2579,#2580,#2581,#2582,#2583,#2584,#2585,
#2586,#2587,#2588,#2589,#2590,#2591,#2592,#2593,#2594,#2595,#2596,#2597,
#2598,#2599,#2600,#2601,#2602,#2603,#2604,#2605,#2606,#2607,#2608,#2609,
#2610,#2611,#2612,#2613,#2614,#2615,#2616,#2617,#2618,#2619,#2620,#2621,
#2622,#2623,#2624,#2625,#2626,#2627,#2628,#2629,#2630,#2631,#2632,#2633,
#2634,#2635,#2636,#2637,#2638,#2639,#2640,#2641,#2642,#2643,#2644,#2645,
#2646,#2647,#2648,#2649,#2650,#2651,#2652,#2653,#2654,#2655,#2656,#2657,
#2658,#2659,#2660,#2661,#2662,#2663,#2664,#2665,#2666,#2667,#2668,#2669,
#2670,#2671,#2672,#2673,#2674,#2675,#2676,#2677,#2678,#2679,#2680,#2681,
#2682,#2683,#2684,#2685,#2686,#2687,#2688,#2689,#2690,#2691,#2692,#2693,
#2694,#2695,#2696,#2697,#2698,#2699,#2700,#2701,#2702,#2703,#2704,#2705,
#2706,#2707,#2708,#2709,#2710,#2711,#2712,#2713,#2714,#2715,#2716,#2717,
#2718,#2719,#2720,#2721,#2722,#2723,#2724,#2725,#2726,#2727,#2728,#2729,
#2730,#2731,#2732,#2733,#2734,#2735,#2736,#2737,#2738,#2739,#2740,#2741,
#2742,#2743,#2744,#2745,#2746,#2747,#2748,#2749,#2750,#2751,#2752,#2753,
#2754,#2755,#2756,#2757,#2758,#2759,#2760,#2761,#2762,#2763,#2764,#2765,
#2766,#2767,#2768,#2769,#2770,#2771,#2772,#2773,#2774,#2775,#2776,#2777,
#2778,#2779,#2780,#2781,#2782,#2783,#2784,#2785,#2786,#2787,#2788));
#309=EDGE_LOOP('',(#2789,#2790,#2791,#2792));
#310=EDGE_LOOP('',(#2793,#2794,#2795,#2796));
#311=EDGE_LOOP('',(#2797,#2798,#2799,#2800));
#312=EDGE_LOOP('',(#2801,#2802,#2803,#2804));
#313=EDGE_LOOP('',(#2805,#2806,#2807,#2808));
#314=EDGE_LOOP('',(#2809,#2810,#2811,#2812));
#315=EDGE_LOOP('',(#2813,#2814,#2815,#2816));
#316=EDGE_LOOP('',(#2817,#2818,#2819,#2820));
#317=EDGE_LOOP('',(#2821,#2822,#2823,#2824,#2825,#2826,#2827,#2828,#2829,
#2830,#2831,#2832,#2833,#2834,#2835,#2836,#2837,#2838,#2839,#2840,#2841,
#2842,#2843,#2844,#2845,#2846,#2847,#2848,#2849,#2850,#2851,#2852,#2853,
#2854,#2855,#2856,#2857,#2858,#2859,#2860,#2861,#2862,#2863,#2864,#2865,
#2866,#2867,#2868,#2869,#2870,#2871,#2872,#2873,#2874,#2875,#2876,#2877,
#2878,#2879,#2880,#2881,#2882,#2883,#2884,#2885,#2886,#2887,#2888,#2889,
#2890,#2891,#2892,#2893,#2894,#2895,#2896,#2897,#2898,#2899,#2900,#2901,
#2902,#2903,#2904,#2905,#2906,#2907,#2908,#2909,#2910,#2911,#2912,#2913,
#2914,#2915,#2916,#2917,#2918,#2919,#2920,#2921,#2922,#2923,#2924,#2925,
#2926,#2927,#2928,#2929,#2930,#2931,#2932,#2933,#2934,#2935,#2936,#2937,
#2938,#2939,#2940,#2941,#2942,#2943,#2944,#2945,#2946,#2947,#2948,#2949,
#2950,#2951,#2952,#2953,#2954,#2955,#2956,#2957,#2958,#2959,#2960,#2961,
#2962,#2963,#2964,#2965,#2966,#2967,#2968,#2969,#2970,#2971,#2972,#2973,
#2974,#2975,#2976,#2977,#2978,#2979,#2980,#2981,#2982,#2983,#2984,#2985,
#2986,#2987,#2988,#2989,#2990,#2991,#2992,#2993,#2994,#2995,#2996,#2997,
#2998,#2999,#3000,#3001,#3002,#3003,#3004,#3005,#3006,#3007,#3008,#3009,
#3010,#3011,#3012,#3013,#3014,#3015,#3016,#3017,#3018,#3019,#3020,#3021,
#3022,#3023,#3024,#3025,#3026,#3027,#3028,#3029,#3030,#3031,#3032));
#318=EDGE_LOOP('',(#3033,#3034,#3035,#3036));
#319=EDGE_LOOP('',(#3037,#3038,#3039,#3040));
#320=EDGE_LOOP('',(#3041,#3042,#3043,#3044));
#321=EDGE_LOOP('',(#3045,#3046,#3047,#3048));
#322=EDGE_LOOP('',(#3049,#3050,#3051,#3052));
#323=EDGE_LOOP('',(#3053,#3054,#3055,#3056));
#324=EDGE_LOOP('',(#3057,#3058,#3059,#3060));
#325=EDGE_LOOP('',(#3061,#3062,#3063,#3064));
#326=EDGE_LOOP('',(#3065,#3066,#3067,#3068));
#327=EDGE_LOOP('',(#3069,#3070,#3071,#3072));
#328=EDGE_LOOP('',(#3073,#3074,#3075,#3076));
#329=EDGE_LOOP('',(#3077,#3078,#3079,#3080));
#330=EDGE_LOOP('',(#3081,#3082,#3083,#3084));
#331=EDGE_LOOP('',(#3085,#3086,#3087,#3088));
#332=EDGE_LOOP('',(#3089,#3090,#3091,#3092));
#333=EDGE_LOOP('',(#3093,#3094,#3095,#3096));
#334=EDGE_LOOP('',(#3097,#3098,#3099,#3100));
#335=EDGE_LOOP('',(#3101,#3102,#3103,#3104));
#336=EDGE_LOOP('',(#3105,#3106,#3107,#3108));
#337=EDGE_LOOP('',(#3109,#3110,#3111,#3112));
#338=EDGE_LOOP('',(#3113,#3114,#3115,#3116));
#339=EDGE_LOOP('',(#3117,#3118,#3119,#3120));
#340=EDGE_LOOP('',(#3121,#3122,#3123,#3124));
#341=EDGE_LOOP('',(#3125,#3126,#3127,#3128));
#342=EDGE_LOOP('',(#3129,#3130,#3131,#3132));
#343=EDGE_LOOP('',(#3133,#3134,#3135,#3136));
#344=EDGE_LOOP('',(#3137,#3138,#3139,#3140));
#345=EDGE_LOOP('',(#3141,#3142,#3143,#3144));
#346=EDGE_LOOP('',(#3145,#3146,#3147,#3148));
#347=EDGE_LOOP('',(#3149,#3150,#3151,#3152));
#348=EDGE_LOOP('',(#3153,#3154,#3155,#3156));
#349=EDGE_LOOP('',(#3157,#3158,#3159,#3160));
#350=EDGE_LOOP('',(#3161,#3162,#3163,#3164));
#351=EDGE_LOOP('',(#3165,#3166,#3167,#3168));
#352=EDGE_LOOP('',(#3169,#3170,#3171,#3172));
#353=EDGE_LOOP('',(#3173,#3174,#3175,#3176));
#354=EDGE_LOOP('',(#3177,#3178,#3179,#3180));
#355=EDGE_LOOP('',(#3181,#3182,#3183,#3184));
#356=EDGE_LOOP('',(#3185,#3186,#3187,#3188));
#357=EDGE_LOOP('',(#3189,#3190,#3191,#3192));
#358=EDGE_LOOP('',(#3193,#3194,#3195,#3196));
#359=EDGE_LOOP('',(#3197,#3198,#3199,#3200));
#360=EDGE_LOOP('',(#3201,#3202,#3203,#3204));
#361=EDGE_LOOP('',(#3205,#3206,#3207,#3208));
#362=EDGE_LOOP('',(#3209,#3210,#3211,#3212));
#363=EDGE_LOOP('',(#3213,#3214,#3215,#3216));
#364=EDGE_LOOP('',(#3217,#3218,#3219,#3220));
#365=EDGE_LOOP('',(#3221,#3222,#3223,#3224));
#366=EDGE_LOOP('',(#3225,#3226,#3227,#3228));
#367=EDGE_LOOP('',(#3229,#3230,#3231,#3232));
#368=EDGE_LOOP('',(#3233,#3234,#3235,#3236));
#369=EDGE_LOOP('',(#3237,#3238,#3239,#3240));
#370=EDGE_LOOP('',(#3241,#3242,#3243,#3244));
#371=EDGE_LOOP('',(#3245,#3246,#3247,#3248));
#372=EDGE_LOOP('',(#3249,#3250,#3251,#3252));
#373=EDGE_LOOP('',(#3253,#3254,#3255,#3256));
#374=EDGE_LOOP('',(#3257,#3258,#3259,#3260));
#375=EDGE_LOOP('',(#3261,#3262,#3263,#3264));
#376=EDGE_LOOP('',(#3265,#3266,#3267,#3268));
#377=EDGE_LOOP('',(#3269,#3270,#3271,#3272));
#378=EDGE_LOOP('',(#3273,#3274,#3275,#3276));
#379=EDGE_LOOP('',(#3277,#3278,#3279,#3280));
#380=EDGE_LOOP('',(#3281,#3282,#3283,#3284));
#381=EDGE_LOOP('',(#3285,#3286,#3287,#3288));
#382=EDGE_LOOP('',(#3289,#3290,#3291,#3292));
#383=EDGE_LOOP('',(#3293,#3294,#3295,#3296));
#384=EDGE_LOOP('',(#3297,#3298,#3299,#3300));
#385=EDGE_LOOP('',(#3301,#3302,#3303,#3304));
#386=EDGE_LOOP('',(#3305,#3306,#3307,#3308));
#387=EDGE_LOOP('',(#3309,#3310,#3311,#3312));
#388=EDGE_LOOP('',(#3313,#3314,#3315,#3316));
#389=EDGE_LOOP('',(#3317,#3318,#3319,#3320));
#390=EDGE_LOOP('',(#3321,#3322,#3323,#3324));
#391=EDGE_LOOP('',(#3325,#3326,#3327,#3328));
#392=EDGE_LOOP('',(#3329,#3330,#3331,#3332));
#393=EDGE_LOOP('',(#3333,#3334,#3335,#3336));
#394=EDGE_LOOP('',(#3337,#3338,#3339,#3340));
#395=EDGE_LOOP('',(#3341,#3342,#3343,#3344));
#396=EDGE_LOOP('',(#3345,#3346,#3347,#3348));
#397=EDGE_LOOP('',(#3349,#3350,#3351,#3352));
#398=EDGE_LOOP('',(#3353,#3354,#3355,#3356));
#399=EDGE_LOOP('',(#3357,#3358,#3359,#3360));
#400=EDGE_LOOP('',(#3361,#3362,#3363,#3364));
#401=EDGE_LOOP('',(#3365,#3366,#3367,#3368));
#402=EDGE_LOOP('',(#3369,#3370,#3371,#3372));
#403=EDGE_LOOP('',(#3373,#3374,#3375,#3376));
#404=EDGE_LOOP('',(#3377,#3378,#3379,#3380));
#405=EDGE_LOOP('',(#3381,#3382,#3383,#3384));
#406=EDGE_LOOP('',(#3385,#3386,#3387,#3388));
#407=EDGE_LOOP('',(#3389,#3390,#3391,#3392));
#408=EDGE_LOOP('',(#3393,#3394,#3395,#3396));
#409=EDGE_LOOP('',(#3397,#3398,#3399,#3400));
#410=EDGE_LOOP('',(#3401,#3402,#3403,#3404));
#411=EDGE_LOOP('',(#3405,#3406,#3407,#3408));
#412=EDGE_LOOP('',(#3409,#3410,#3411,#3412));
#413=EDGE_LOOP('',(#3413,#3414,#3415,#3416));
#414=EDGE_LOOP('',(#3417,#3418,#3419,#3420));
#415=EDGE_LOOP('',(#3421,#3422,#3423,#3424));
#416=EDGE_LOOP('',(#3425,#3426,#3427,#3428));
#417=EDGE_LOOP('',(#3429,#3430,#3431,#3432));
#418=EDGE_LOOP('',(#3433,#3434,#3435,#3436));
#419=EDGE_LOOP('',(#3437,#3438,#3439,#3440));
#420=EDGE_LOOP('',(#3441,#3442,#3443,#3444));
#421=EDGE_LOOP('',(#3445,#3446,#3447,#3448));
#422=EDGE_LOOP('',(#3449,#3450,#3451,#3452));
#423=EDGE_LOOP('',(#3453,#3454,#3455,#3456));
#424=EDGE_LOOP('',(#3457,#3458,#3459,#3460));
#425=EDGE_LOOP('',(#3461,#3462,#3463,#3464));
#426=EDGE_LOOP('',(#3465,#3466,#3467,#3468));
#427=EDGE_LOOP('',(#3469,#3470,#3471,#3472));
#428=EDGE_LOOP('',(#3473,#3474,#3475,#3476));
#429=EDGE_LOOP('',(#3477,#3478,#3479,#3480));
#430=EDGE_LOOP('',(#3481,#3482,#3483,#3484));
#431=EDGE_LOOP('',(#3485,#3486,#3487,#3488));
#432=EDGE_LOOP('',(#3489,#3490,#3491,#3492));
#433=EDGE_LOOP('',(#3493,#3494,#3495,#3496));
#434=EDGE_LOOP('',(#3497,#3498,#3499,#3500));
#435=EDGE_LOOP('',(#3501,#3502,#3503,#3504));
#436=EDGE_LOOP('',(#3505,#3506,#3507,#3508));
#437=EDGE_LOOP('',(#3509,#3510,#3511,#3512));
#438=EDGE_LOOP('',(#3513,#3514,#3515,#3516));
#439=EDGE_LOOP('',(#3517,#3518,#3519,#3520));
#440=EDGE_LOOP('',(#3521,#3522,#3523,#3524));
#441=EDGE_LOOP('',(#3525,#3526,#3527,#3528));
#442=EDGE_LOOP('',(#3529,#3530,#3531,#3532));
#443=EDGE_LOOP('',(#3533,#3534,#3535,#3536));
#444=EDGE_LOOP('',(#3537,#3538,#3539,#3540));
#445=EDGE_LOOP('',(#3541,#3542,#3543,#3544));
#446=EDGE_LOOP('',(#3545,#3546,#3547,#3548));
#447=EDGE_LOOP('',(#3549,#3550,#3551,#3552));
#448=EDGE_LOOP('',(#3553,#3554,#3555,#3556));
#449=EDGE_LOOP('',(#3557,#3558,#3559,#3560));
#450=EDGE_LOOP('',(#3561,#3562,#3563,#3564));
#451=EDGE_LOOP('',(#3565,#3566,#3567,#3568));
#452=EDGE_LOOP('',(#3569,#3570,#3571,#3572));
#453=EDGE_LOOP('',(#3573,#3574,#3575,#3576));
#454=EDGE_LOOP('',(#3577,#3578,#3579,#3580));
#455=EDGE_LOOP('',(#3581,#3582,#3583,#3584));
#456=EDGE_LOOP('',(#3585,#3586,#3587,#3588));
#457=EDGE_LOOP('',(#3589,#3590,#3591,#3592));
#458=EDGE_LOOP('',(#3593,#3594,#3595,#3596));
#459=EDGE_LOOP('',(#3597,#3598,#3599,#3600));
#460=EDGE_LOOP('',(#3601,#3602,#3603,#3604));
#461=EDGE_LOOP('',(#3605,#3606,#3607,#3608));
#462=EDGE_LOOP('',(#3609,#3610,#3611,#3612));
#463=EDGE_LOOP('',(#3613,#3614,#3615,#3616));
#464=EDGE_LOOP('',(#3617,#3618,#3619,#3620));
#465=EDGE_LOOP('',(#3621,#3622,#3623,#3624));
#466=EDGE_LOOP('',(#3625,#3626,#3627,#3628));
#467=EDGE_LOOP('',(#3629,#3630,#3631,#3632));
#468=EDGE_LOOP('',(#3633,#3634,#3635,#3636));
#469=EDGE_LOOP('',(#3637,#3638,#3639,#3640));
#470=EDGE_LOOP('',(#3641,#3642,#3643,#3644));
#471=EDGE_LOOP('',(#3645,#3646,#3647,#3648));
#472=EDGE_LOOP('',(#3649,#3650,#3651,#3652));
#473=EDGE_LOOP('',(#3653,#3654,#3655,#3656));
#474=EDGE_LOOP('',(#3657,#3658,#3659,#3660));
#475=EDGE_LOOP('',(#3661,#3662,#3663,#3664));
#476=EDGE_LOOP('',(#3665,#3666,#3667,#3668));
#477=EDGE_LOOP('',(#3669,#3670,#3671,#3672));
#478=EDGE_LOOP('',(#3673,#3674,#3675,#3676));
#479=EDGE_LOOP('',(#3677,#3678,#3679,#3680));
#480=EDGE_LOOP('',(#3681,#3682,#3683,#3684));
#481=EDGE_LOOP('',(#3685,#3686,#3687,#3688));
#482=EDGE_LOOP('',(#3689,#3690,#3691,#3692));
#483=EDGE_LOOP('',(#3693,#3694,#3695,#3696));
#484=EDGE_LOOP('',(#3697,#3698,#3699,#3700));
#485=EDGE_LOOP('',(#3701,#3702,#3703,#3704));
#486=EDGE_LOOP('',(#3705,#3706,#3707,#3708));
#487=EDGE_LOOP('',(#3709,#3710,#3711,#3712));
#488=EDGE_LOOP('',(#3713,#3714,#3715,#3716));
#489=EDGE_LOOP('',(#3717,#3718,#3719,#3720));
#490=EDGE_LOOP('',(#3721,#3722,#3723,#3724));
#491=EDGE_LOOP('',(#3725,#3726,#3727,#3728));
#492=EDGE_LOOP('',(#3729,#3730,#3731,#3732));
#493=EDGE_LOOP('',(#3733,#3734,#3735,#3736));
#494=EDGE_LOOP('',(#3737,#3738,#3739,#3740));
#495=EDGE_LOOP('',(#3741,#3742,#3743,#3744));
#496=EDGE_LOOP('',(#3745,#3746,#3747,#3748));
#497=EDGE_LOOP('',(#3749,#3750,#3751,#3752));
#498=EDGE_LOOP('',(#3753,#3754,#3755,#3756));
#499=EDGE_LOOP('',(#3757,#3758,#3759,#3760));
#500=EDGE_LOOP('',(#3761,#3762,#3763,#3764));
#501=EDGE_LOOP('',(#3765,#3766,#3767,#3768));
#502=EDGE_LOOP('',(#3769,#3770,#3771,#3772));
#503=EDGE_LOOP('',(#3773,#3774,#3775,#3776));
#504=EDGE_LOOP('',(#3777,#3778,#3779,#3780));
#505=EDGE_LOOP('',(#3781,#3782,#3783,#3784));
#506=EDGE_LOOP('',(#3785,#3786,#3787,#3788));
#507=EDGE_LOOP('',(#3789,#3790,#3791,#3792));
#508=EDGE_LOOP('',(#3793,#3794,#3795,#3796));
#509=EDGE_LOOP('',(#3797,#3798,#3799,#3800));
#510=EDGE_LOOP('',(#3801,#3802,#3803,#3804));
#511=EDGE_LOOP('',(#3805,#3806,#3807,#3808));
#512=EDGE_LOOP('',(#3809,#3810,#3811,#3812));
#513=EDGE_LOOP('',(#3813,#3814,#3815,#3816));
#514=EDGE_LOOP('',(#3817,#3818,#3819,#3820));
#515=EDGE_LOOP('',(#3821,#3822,#3823,#3824));
#516=EDGE_LOOP('',(#3825,#3826,#3827,#3828));
#517=EDGE_LOOP('',(#3829,#3830,#3831,#3832));
#518=EDGE_LOOP('',(#3833,#3834,#3835,#3836));
#519=EDGE_LOOP('',(#3837,#3838,#3839,#3840));
#520=EDGE_LOOP('',(#3841,#3842,#3843,#3844));
#521=LINE('',#6066,#877);
#522=LINE('',#6069,#878);
#523=LINE('',#6076,#879);
#524=LINE('',#6080,#880);
#525=LINE('',#6110,#881);
#526=LINE('',#6114,#882);
#527=LINE('',#6118,#883);
#528=LINE('',#6124,#884);
#529=LINE('',#6128,#885);
#530=LINE('',#6132,#886);
#531=LINE('',#6136,#887);
#532=LINE('',#6140,#888);
#533=LINE('',#6144,#889);
#534=LINE('',#6148,#890);
#535=LINE('',#6150,#891);
#536=LINE('',#6152,#892);
#537=LINE('',#6154,#893);
#538=LINE('',#6156,#894);
#539=LINE('',#6158,#895);
#540=LINE('',#6160,#896);
#541=LINE('',#6164,#897);
#542=LINE('',#6168,#898);
#543=LINE('',#6172,#899);
#544=LINE('',#6176,#900);
#545=LINE('',#6180,#901);
#546=LINE('',#6184,#902);
#547=LINE('',#6188,#903);
#548=LINE('',#6192,#904);
#549=LINE('',#6220,#905);
#550=LINE('',#6224,#906);
#551=LINE('',#6232,#907);
#552=LINE('',#6240,#908);
#553=LINE('',#6244,#909);
#554=LINE('',#6272,#910);
#555=LINE('',#6276,#911);
#556=LINE('',#6280,#912);
#557=LINE('',#6284,#913);
#558=LINE('',#6288,#914);
#559=LINE('',#6292,#915);
#560=LINE('',#6296,#916);
#561=LINE('',#6300,#917);
#562=LINE('',#6304,#918);
#563=LINE('',#6306,#919);
#564=LINE('',#6308,#920);
#565=LINE('',#6310,#921);
#566=LINE('',#6312,#922);
#567=LINE('',#6314,#923);
#568=LINE('',#6316,#924);
#569=LINE('',#6320,#925);
#570=LINE('',#6324,#926);
#571=LINE('',#6328,#927);
#572=LINE('',#6332,#928);
#573=LINE('',#6336,#929);
#574=LINE('',#6340,#930);
#575=LINE('',#6346,#931);
#576=LINE('',#6350,#932);
#577=LINE('',#6354,#933);
#578=LINE('',#6384,#934);
#579=LINE('',#6388,#935);
#580=LINE('',#6396,#936);
#581=LINE('',#6400,#937);
#582=LINE('',#6408,#938);
#583=LINE('',#6416,#939);
#584=LINE('',#6424,#940);
#585=LINE('',#6432,#941);
#586=LINE('',#6436,#942);
#587=LINE('',#6444,#943);
#588=LINE('',#6452,#944);
#589=LINE('',#6456,#945);
#590=LINE('',#6464,#946);
#591=LINE('',#6472,#947);
#592=LINE('',#6480,#948);
#593=LINE('',#6488,#949);
#594=LINE('',#6491,#950);
#595=LINE('',#6495,#951);
#596=LINE('',#6499,#952);
#597=LINE('',#6502,#953);
#598=LINE('',#6505,#954);
#599=LINE('',#6508,#955);
#600=LINE('',#6509,#956);
#601=LINE('',#6512,#957);
#602=LINE('',#6515,#958);
#603=LINE('',#6517,#959);
#604=LINE('',#6522,#960);
#605=LINE('',#6523,#961);
#606=LINE('',#6526,#962);
#607=LINE('',#6527,#963);
#608=LINE('',#6530,#964);
#609=LINE('',#6534,#965);
#610=LINE('',#6542,#966);
#611=LINE('',#6550,#967);
#612=LINE('',#6558,#968);
#613=LINE('',#6566,#969);
#614=LINE('',#6570,#970);
#615=LINE('',#6578,#971);
#616=LINE('',#6586,#972);
#617=LINE('',#6590,#973);
#618=LINE('',#6598,#974);
#619=LINE('',#6606,#975);
#620=LINE('',#6614,#976);
#621=LINE('',#6622,#977);
#622=LINE('',#6626,#978);
#623=LINE('',#6634,#979);
#624=LINE('',#6638,#980);
#625=LINE('',#6668,#981);
#626=LINE('',#6672,#982);
#627=LINE('',#6676,#983);
#628=LINE('',#6682,#984);
#629=LINE('',#6686,#985);
#630=LINE('',#6690,#986);
#631=LINE('',#6694,#987);
#632=LINE('',#6698,#988);
#633=LINE('',#6702,#989);
#634=LINE('',#6706,#990);
#635=LINE('',#6708,#991);
#636=LINE('',#6710,#992);
#637=LINE('',#6712,#993);
#638=LINE('',#6714,#994);
#639=LINE('',#6716,#995);
#640=LINE('',#6718,#996);
#641=LINE('',#6722,#997);
#642=LINE('',#6726,#998);
#643=LINE('',#6730,#999);
#644=LINE('',#6734,#1000);
#645=LINE('',#6738,#1001);
#646=LINE('',#6742,#1002);
#647=LINE('',#6746,#1003);
#648=LINE('',#6750,#1004);
#649=LINE('',#6778,#1005);
#650=LINE('',#6782,#1006);
#651=LINE('',#6790,#1007);
#652=LINE('',#6798,#1008);
#653=LINE('',#6802,#1009);
#654=LINE('',#6830,#1010);
#655=LINE('',#6834,#1011);
#656=LINE('',#6838,#1012);
#657=LINE('',#6842,#1013);
#658=LINE('',#6846,#1014);
#659=LINE('',#6850,#1015);
#660=LINE('',#6854,#1016);
#661=LINE('',#6858,#1017);
#662=LINE('',#6862,#1018);
#663=LINE('',#6864,#1019);
#664=LINE('',#6866,#1020);
#665=LINE('',#6868,#1021);
#666=LINE('',#6870,#1022);
#667=LINE('',#6872,#1023);
#668=LINE('',#6874,#1024);
#669=LINE('',#6878,#1025);
#670=LINE('',#6882,#1026);
#671=LINE('',#6884,#1027);
#672=LINE('',#6890,#1028);
#673=LINE('',#6894,#1029);
#674=LINE('',#6898,#1030);
#675=LINE('',#6928,#1031);
#676=LINE('',#6931,#1032);
#677=LINE('',#6933,#1033);
#678=LINE('',#6935,#1034);
#679=LINE('',#6937,#1035);
#680=LINE('',#6939,#1036);
#681=LINE('',#6940,#1037);
#682=LINE('',#6943,#1038);
#683=LINE('',#6944,#1039);
#684=LINE('',#6946,#1040);
#685=LINE('',#6948,#1041);
#686=LINE('',#6949,#1042);
#687=LINE('',#6952,#1043);
#688=LINE('',#6953,#1044);
#689=LINE('',#6955,#1045);
#690=LINE('',#6957,#1046);
#691=LINE('',#6959,#1047);
#692=LINE('',#6961,#1048);
#693=LINE('',#6963,#1049);
#694=LINE('',#6964,#1050);
#695=LINE('',#6967,#1051);
#696=LINE('',#6968,#1052);
#697=LINE('',#6970,#1053);
#698=LINE('',#6972,#1054);
#699=LINE('',#6974,#1055);
#700=LINE('',#6976,#1056);
#701=LINE('',#6977,#1057);
#702=LINE('',#6979,#1058);
#703=LINE('',#6981,#1059);
#704=LINE('',#6983,#1060);
#705=LINE('',#6985,#1061);
#706=LINE('',#6987,#1062);
#707=LINE('',#6989,#1063);
#708=LINE('',#6991,#1064);
#709=LINE('',#6993,#1065);
#710=LINE('',#6995,#1066);
#711=LINE('',#6997,#1067);
#712=LINE('',#6999,#1068);
#713=LINE('',#7001,#1069);
#714=LINE('',#7003,#1070);
#715=LINE('',#7005,#1071);
#716=LINE('',#7007,#1072);
#717=LINE('',#7008,#1073);
#718=LINE('',#7010,#1074);
#719=LINE('',#7012,#1075);
#720=LINE('',#7014,#1076);
#721=LINE('',#7016,#1077);
#722=LINE('',#7018,#1078);
#723=LINE('',#7020,#1079);
#724=LINE('',#7022,#1080);
#725=LINE('',#7024,#1081);
#726=LINE('',#7026,#1082);
#727=LINE('',#7028,#1083);
#728=LINE('',#7030,#1084);
#729=LINE('',#7032,#1085);
#730=LINE('',#7034,#1086);
#731=LINE('',#7036,#1087);
#732=LINE('',#7038,#1088);
#733=LINE('',#7040,#1089);
#734=LINE('',#7042,#1090);
#735=LINE('',#7044,#1091);
#736=LINE('',#7046,#1092);
#737=LINE('',#7048,#1093);
#738=LINE('',#7050,#1094);
#739=LINE('',#7052,#1095);
#740=LINE('',#7056,#1096);
#741=LINE('',#7058,#1097);
#742=LINE('',#7060,#1098);
#743=LINE('',#7062,#1099);
#744=LINE('',#7064,#1100);
#745=LINE('',#7068,#1101);
#746=LINE('',#7070,#1102);
#747=LINE('',#7072,#1103);
#748=LINE('',#7074,#1104);
#749=LINE('',#7076,#1105);
#750=LINE('',#7078,#1106);
#751=LINE('',#7080,#1107);
#752=LINE('',#7082,#1108);
#753=LINE('',#7084,#1109);
#754=LINE('',#7086,#1110);
#755=LINE('',#7088,#1111);
#756=LINE('',#7090,#1112);
#757=LINE('',#7092,#1113);
#758=LINE('',#7094,#1114);
#759=LINE('',#7096,#1115);
#760=LINE('',#7098,#1116);
#761=LINE('',#7100,#1117);
#762=LINE('',#7102,#1118);
#763=LINE('',#7104,#1119);
#764=LINE('',#7106,#1120);
#765=LINE('',#7108,#1121);
#766=LINE('',#7110,#1122);
#767=LINE('',#7112,#1123);
#768=LINE('',#7115,#1124);
#769=LINE('',#7117,#1125);
#770=LINE('',#7120,#1126);
#771=LINE('',#7123,#1127);
#772=LINE('',#7124,#1128);
#773=LINE('',#7126,#1129);
#774=LINE('',#7128,#1130);
#775=LINE('',#7130,#1131);
#776=LINE('',#7132,#1132);
#777=LINE('',#7133,#1133);
#778=LINE('',#7135,#1134);
#779=LINE('',#7137,#1135);
#780=LINE('',#7139,#1136);
#781=LINE('',#7141,#1137);
#782=LINE('',#7143,#1138);
#783=LINE('',#7145,#1139);
#784=LINE('',#7147,#1140);
#785=LINE('',#7149,#1141);
#786=LINE('',#7151,#1142);
#787=LINE('',#7153,#1143);
#788=LINE('',#7155,#1144);
#789=LINE('',#7157,#1145);
#790=LINE('',#7158,#1146);
#791=LINE('',#7160,#1147);
#792=LINE('',#7162,#1148);
#793=LINE('',#7164,#1149);
#794=LINE('',#7166,#1150);
#795=LINE('',#7168,#1151);
#796=LINE('',#7170,#1152);
#797=LINE('',#7172,#1153);
#798=LINE('',#7174,#1154);
#799=LINE('',#7176,#1155);
#800=LINE('',#7178,#1156);
#801=LINE('',#7180,#1157);
#802=LINE('',#7182,#1158);
#803=LINE('',#7183,#1159);
#804=LINE('',#7185,#1160);
#805=LINE('',#7187,#1161);
#806=LINE('',#7189,#1162);
#807=LINE('',#7191,#1163);
#808=LINE('',#7192,#1164);
#809=LINE('',#7194,#1165);
#810=LINE('',#7196,#1166);
#811=LINE('',#7198,#1167);
#812=LINE('',#7200,#1168);
#813=LINE('',#7202,#1169);
#814=LINE('',#7204,#1170);
#815=LINE('',#7206,#1171);
#816=LINE('',#7208,#1172);
#817=LINE('',#7210,#1173);
#818=LINE('',#7212,#1174);
#819=LINE('',#7214,#1175);
#820=LINE('',#7216,#1176);
#821=LINE('',#7218,#1177);
#822=LINE('',#7220,#1178);
#823=LINE('',#7222,#1179);
#824=LINE('',#7224,#1180);
#825=LINE('',#7226,#1181);
#826=LINE('',#7228,#1182);
#827=LINE('',#7230,#1183);
#828=LINE('',#7232,#1184);
#829=LINE('',#7234,#1185);
#830=LINE('',#7236,#1186);
#831=LINE('',#7238,#1187);
#832=LINE('',#7240,#1188);
#833=LINE('',#7242,#1189);
#834=LINE('',#7244,#1190);
#835=LINE('',#7246,#1191);
#836=LINE('',#7248,#1192);
#837=LINE('',#7250,#1193);
#838=LINE('',#7252,#1194);
#839=LINE('',#7254,#1195);
#840=LINE('',#7256,#1196);
#841=LINE('',#7258,#1197);
#842=LINE('',#7260,#1198);
#843=LINE('',#7262,#1199);
#844=LINE('',#7264,#1200);
#845=LINE('',#7266,#1201);
#846=LINE('',#7268,#1202);
#847=LINE('',#7271,#1203);
#848=LINE('',#7273,#1204);
#849=LINE('',#7275,#1205);
#850=LINE('',#7277,#1206);
#851=LINE('',#7279,#1207);
#852=LINE('',#7282,#1208);
#853=LINE('',#7284,#1209);
#854=LINE('',#7286,#1210);
#855=LINE('',#7288,#1211);
#856=LINE('',#7290,#1212);
#857=LINE('',#7292,#1213);
#858=LINE('',#7294,#1214);
#859=LINE('',#7296,#1215);
#860=LINE('',#7298,#1216);
#861=LINE('',#7300,#1217);
#862=LINE('',#7302,#1218);
#863=LINE('',#7304,#1219);
#864=LINE('',#7306,#1220);
#865=LINE('',#7308,#1221);
#866=LINE('',#7310,#1222);
#867=LINE('',#7312,#1223);
#868=LINE('',#7314,#1224);
#869=LINE('',#7316,#1225);
#870=LINE('',#7318,#1226);
#871=LINE('',#7320,#1227);
#872=LINE('',#7322,#1228);
#873=LINE('',#7324,#1229);
#874=LINE('',#7326,#1230);
#875=LINE('',#7329,#1231);
#876=LINE('',#7332,#1232);
#877=VECTOR('',#4717,10.);
#878=VECTOR('',#4720,10.);
#879=VECTOR('',#4727,10.);
#880=VECTOR('',#4730,10.);
#881=VECTOR('',#4759,10.);
#882=VECTOR('',#4762,10.);
#883=VECTOR('',#4765,10.);
#884=VECTOR('',#4770,10.);
#885=VECTOR('',#4773,10.);
#886=VECTOR('',#4776,10.);
#887=VECTOR('',#4779,10.);
#888=VECTOR('',#4782,10.);
#889=VECTOR('',#4785,10.);
#890=VECTOR('',#4788,10.);
#891=VECTOR('',#4789,10.);
#892=VECTOR('',#4790,10.);
#893=VECTOR('',#4791,10.);
#894=VECTOR('',#4792,10.);
#895=VECTOR('',#4793,10.);
#896=VECTOR('',#4794,10.);
#897=VECTOR('',#4797,10.);
#898=VECTOR('',#4800,10.);
#899=VECTOR('',#4803,10.);
#900=VECTOR('',#4806,10.);
#901=VECTOR('',#4809,10.);
#902=VECTOR('',#4812,10.);
#903=VECTOR('',#4815,10.);
#904=VECTOR('',#4818,10.);
#905=VECTOR('',#4845,10.);
#906=VECTOR('',#4848,10.);
#907=VECTOR('',#4855,10.);
#908=VECTOR('',#4862,10.);
#909=VECTOR('',#4865,10.);
#910=VECTOR('',#4892,10.);
#911=VECTOR('',#4895,10.);
#912=VECTOR('',#4898,10.);
#913=VECTOR('',#4901,10.);
#914=VECTOR('',#4904,10.);
#915=VECTOR('',#4907,10.);
#916=VECTOR('',#4910,10.);
#917=VECTOR('',#4913,10.);
#918=VECTOR('',#4916,10.);
#919=VECTOR('',#4917,10.);
#920=VECTOR('',#4918,10.);
#921=VECTOR('',#4919,10.);
#922=VECTOR('',#4920,10.);
#923=VECTOR('',#4921,10.);
#924=VECTOR('',#4922,10.);
#925=VECTOR('',#4925,10.);
#926=VECTOR('',#4928,10.);
#927=VECTOR('',#4931,10.);
#928=VECTOR('',#4934,10.);
#929=VECTOR('',#4937,10.);
#930=VECTOR('',#4940,10.);
#931=VECTOR('',#4945,10.);
#932=VECTOR('',#4948,10.);
#933=VECTOR('',#4951,10.);
#934=VECTOR('',#4980,10.);
#935=VECTOR('',#4983,10.);
#936=VECTOR('',#4990,10.);
#937=VECTOR('',#4993,10.);
#938=VECTOR('',#5000,10.);
#939=VECTOR('',#5007,10.);
#940=VECTOR('',#5014,10.);
#941=VECTOR('',#5021,10.);
#942=VECTOR('',#5024,10.);
#943=VECTOR('',#5031,10.);
#944=VECTOR('',#5038,10.);
#945=VECTOR('',#5041,10.);
#946=VECTOR('',#5048,10.);
#947=VECTOR('',#5055,10.);
#948=VECTOR('',#5062,10.);
#949=VECTOR('',#5069,10.);
#950=VECTOR('',#5072,10.);
#951=VECTOR('',#5077,10.);
#952=VECTOR('',#5082,10.);
#953=VECTOR('',#5085,10.);
#954=VECTOR('',#5088,10.);
#955=VECTOR('',#5091,10.);
#956=VECTOR('',#5092,10.);
#957=VECTOR('',#5095,10.);
#958=VECTOR('',#5098,10.);
#959=VECTOR('',#5101,10.);
#960=VECTOR('',#5106,10.);
#961=VECTOR('',#5107,10.);
#962=VECTOR('',#5110,10.);
#963=VECTOR('',#5111,10.);
#964=VECTOR('',#5114,10.);
#965=VECTOR('',#5117,10.);
#966=VECTOR('',#5124,10.);
#967=VECTOR('',#5131,10.);
#968=VECTOR('',#5138,10.);
#969=VECTOR('',#5145,10.);
#970=VECTOR('',#5148,10.);
#971=VECTOR('',#5155,10.);
#972=VECTOR('',#5162,10.);
#973=VECTOR('',#5165,10.);
#974=VECTOR('',#5172,10.);
#975=VECTOR('',#5179,10.);
#976=VECTOR('',#5186,10.);
#977=VECTOR('',#5193,10.);
#978=VECTOR('',#5196,10.);
#979=VECTOR('',#5203,10.);
#980=VECTOR('',#5206,10.);
#981=VECTOR('',#5235,10.);
#982=VECTOR('',#5238,10.);
#983=VECTOR('',#5241,10.);
#984=VECTOR('',#5246,10.);
#985=VECTOR('',#5249,10.);
#986=VECTOR('',#5252,10.);
#987=VECTOR('',#5255,10.);
#988=VECTOR('',#5258,10.);
#989=VECTOR('',#5261,10.);
#990=VECTOR('',#5264,10.);
#991=VECTOR('',#5265,10.);
#992=VECTOR('',#5266,10.);
#993=VECTOR('',#5267,10.);
#994=VECTOR('',#5268,10.);
#995=VECTOR('',#5269,10.);
#996=VECTOR('',#5270,10.);
#997=VECTOR('',#5273,10.);
#998=VECTOR('',#5276,10.);
#999=VECTOR('',#5279,10.);
#1000=VECTOR('',#5282,10.);
#1001=VECTOR('',#5285,10.);
#1002=VECTOR('',#5288,10.);
#1003=VECTOR('',#5291,10.);
#1004=VECTOR('',#5294,10.);
#1005=VECTOR('',#5321,10.);
#1006=VECTOR('',#5324,10.);
#1007=VECTOR('',#5331,10.);
#1008=VECTOR('',#5338,10.);
#1009=VECTOR('',#5341,10.);
#1010=VECTOR('',#5368,10.);
#1011=VECTOR('',#5371,10.);
#1012=VECTOR('',#5374,10.);
#1013=VECTOR('',#5377,10.);
#1014=VECTOR('',#5380,10.);
#1015=VECTOR('',#5383,10.);
#1016=VECTOR('',#5386,10.);
#1017=VECTOR('',#5389,10.);
#1018=VECTOR('',#5392,10.);
#1019=VECTOR('',#5393,10.);
#1020=VECTOR('',#5394,10.);
#1021=VECTOR('',#5395,10.);
#1022=VECTOR('',#5396,10.);
#1023=VECTOR('',#5397,10.);
#1024=VECTOR('',#5398,10.);
#1025=VECTOR('',#5401,10.);
#1026=VECTOR('',#5404,10.);
#1027=VECTOR('',#5407,10.);
#1028=VECTOR('',#5412,10.);
#1029=VECTOR('',#5415,10.);
#1030=VECTOR('',#5418,10.);
#1031=VECTOR('',#5447,10.);
#1032=VECTOR('',#5450,10.);
#1033=VECTOR('',#5453,10.);
#1034=VECTOR('',#5456,10.);
#1035=VECTOR('',#5459,10.);
#1036=VECTOR('',#5462,10.);
#1037=VECTOR('',#5463,10.);
#1038=VECTOR('',#5468,10.);
#1039=VECTOR('',#5469,10.);
#1040=VECTOR('',#5472,10.);
#1041=VECTOR('',#5475,10.);
#1042=VECTOR('',#5476,10.);
#1043=VECTOR('',#5481,10.);
#1044=VECTOR('',#5482,10.);
#1045=VECTOR('',#5485,10.);
#1046=VECTOR('',#5488,10.);
#1047=VECTOR('',#5491,10.);
#1048=VECTOR('',#5494,10.);
#1049=VECTOR('',#5497,10.);
#1050=VECTOR('',#5498,10.);
#1051=VECTOR('',#5503,10.);
#1052=VECTOR('',#5504,10.);
#1053=VECTOR('',#5507,10.);
#1054=VECTOR('',#5510,10.);
#1055=VECTOR('',#5513,10.);
#1056=VECTOR('',#5516,10.);
#1057=VECTOR('',#5517,10.);
#1058=VECTOR('',#5520,10.);
#1059=VECTOR('',#5523,10.);
#1060=VECTOR('',#5526,10.);
#1061=VECTOR('',#5529,10.);
#1062=VECTOR('',#5532,10.);
#1063=VECTOR('',#5535,10.);
#1064=VECTOR('',#5538,10.);
#1065=VECTOR('',#5541,10.);
#1066=VECTOR('',#5544,10.);
#1067=VECTOR('',#5547,10.);
#1068=VECTOR('',#5550,10.);
#1069=VECTOR('',#5553,10.);
#1070=VECTOR('',#5556,10.);
#1071=VECTOR('',#5559,10.);
#1072=VECTOR('',#5562,10.);
#1073=VECTOR('',#5563,10.);
#1074=VECTOR('',#5566,10.);
#1075=VECTOR('',#5569,10.);
#1076=VECTOR('',#5572,10.);
#1077=VECTOR('',#5575,10.);
#1078=VECTOR('',#5578,10.);
#1079=VECTOR('',#5581,10.);
#1080=VECTOR('',#5584,10.);
#1081=VECTOR('',#5587,10.);
#1082=VECTOR('',#5590,10.);
#1083=VECTOR('',#5593,10.);
#1084=VECTOR('',#5596,10.);
#1085=VECTOR('',#5599,10.);
#1086=VECTOR('',#5602,10.);
#1087=VECTOR('',#5605,10.);
#1088=VECTOR('',#5608,10.);
#1089=VECTOR('',#5611,10.);
#1090=VECTOR('',#5614,10.);
#1091=VECTOR('',#5617,10.);
#1092=VECTOR('',#5620,10.);
#1093=VECTOR('',#5623,10.);
#1094=VECTOR('',#5626,10.);
#1095=VECTOR('',#5629,10.);
#1096=VECTOR('',#5636,10.);
#1097=VECTOR('',#5639,10.);
#1098=VECTOR('',#5642,10.);
#1099=VECTOR('',#5645,10.);
#1100=VECTOR('',#5648,10.);
#1101=VECTOR('',#5655,10.);
#1102=VECTOR('',#5658,10.);
#1103=VECTOR('',#5661,10.);
#1104=VECTOR('',#5664,10.);
#1105=VECTOR('',#5667,10.);
#1106=VECTOR('',#5670,10.);
#1107=VECTOR('',#5673,10.);
#1108=VECTOR('',#5676,10.);
#1109=VECTOR('',#5679,10.);
#1110=VECTOR('',#5682,10.);
#1111=VECTOR('',#5685,10.);
#1112=VECTOR('',#5688,10.);
#1113=VECTOR('',#5691,10.);
#1114=VECTOR('',#5694,10.);
#1115=VECTOR('',#5697,10.);
#1116=VECTOR('',#5700,10.);
#1117=VECTOR('',#5703,10.);
#1118=VECTOR('',#5706,10.);
#1119=VECTOR('',#5709,10.);
#1120=VECTOR('',#5712,10.);
#1121=VECTOR('',#5715,10.);
#1122=VECTOR('',#5718,10.);
#1123=VECTOR('',#5721,10.);
#1124=VECTOR('',#5726,10.);
#1125=VECTOR('',#5729,10.);
#1126=VECTOR('',#5734,10.);
#1127=VECTOR('',#5739,10.);
#1128=VECTOR('',#5740,10.);
#1129=VECTOR('',#5743,10.);
#1130=VECTOR('',#5746,10.);
#1131=VECTOR('',#5749,10.);
#1132=VECTOR('',#5752,10.);
#1133=VECTOR('',#5753,10.);
#1134=VECTOR('',#5756,10.);
#1135=VECTOR('',#5759,10.);
#1136=VECTOR('',#5762,10.);
#1137=VECTOR('',#5765,10.);
#1138=VECTOR('',#5768,10.);
#1139=VECTOR('',#5771,10.);
#1140=VECTOR('',#5774,10.);
#1141=VECTOR('',#5777,10.);
#1142=VECTOR('',#5780,10.);
#1143=VECTOR('',#5783,10.);
#1144=VECTOR('',#5786,10.);
#1145=VECTOR('',#5789,10.);
#1146=VECTOR('',#5790,10.);
#1147=VECTOR('',#5793,10.);
#1148=VECTOR('',#5796,10.);
#1149=VECTOR('',#5799,10.);
#1150=VECTOR('',#5802,10.);
#1151=VECTOR('',#5805,10.);
#1152=VECTOR('',#5808,10.);
#1153=VECTOR('',#5811,10.);
#1154=VECTOR('',#5814,10.);
#1155=VECTOR('',#5817,10.);
#1156=VECTOR('',#5820,10.);
#1157=VECTOR('',#5823,10.);
#1158=VECTOR('',#5826,10.);
#1159=VECTOR('',#5827,10.);
#1160=VECTOR('',#5830,10.);
#1161=VECTOR('',#5833,10.);
#1162=VECTOR('',#5836,10.);
#1163=VECTOR('',#5839,10.);
#1164=VECTOR('',#5840,10.);
#1165=VECTOR('',#5843,10.);
#1166=VECTOR('',#5846,10.);
#1167=VECTOR('',#5849,10.);
#1168=VECTOR('',#5852,10.);
#1169=VECTOR('',#5855,10.);
#1170=VECTOR('',#5858,10.);
#1171=VECTOR('',#5861,10.);
#1172=VECTOR('',#5864,10.);
#1173=VECTOR('',#5867,10.);
#1174=VECTOR('',#5870,10.);
#1175=VECTOR('',#5873,10.);
#1176=VECTOR('',#5876,10.);
#1177=VECTOR('',#5879,10.);
#1178=VECTOR('',#5882,10.);
#1179=VECTOR('',#5885,10.);
#1180=VECTOR('',#5888,10.);
#1181=VECTOR('',#5891,10.);
#1182=VECTOR('',#5894,10.);
#1183=VECTOR('',#5897,10.);
#1184=VECTOR('',#5900,10.);
#1185=VECTOR('',#5903,10.);
#1186=VECTOR('',#5906,10.);
#1187=VECTOR('',#5909,10.);
#1188=VECTOR('',#5912,10.);
#1189=VECTOR('',#5915,10.);
#1190=VECTOR('',#5918,10.);
#1191=VECTOR('',#5921,10.);
#1192=VECTOR('',#5924,10.);
#1193=VECTOR('',#5927,10.);
#1194=VECTOR('',#5930,10.);
#1195=VECTOR('',#5933,10.);
#1196=VECTOR('',#5936,10.);
#1197=VECTOR('',#5939,10.);
#1198=VECTOR('',#5942,10.);
#1199=VECTOR('',#5945,10.);
#1200=VECTOR('',#5948,10.);
#1201=VECTOR('',#5951,10.);
#1202=VECTOR('',#5954,10.);
#1203=VECTOR('',#5959,10.);
#1204=VECTOR('',#5962,10.);
#1205=VECTOR('',#5965,10.);
#1206=VECTOR('',#5968,10.);
#1207=VECTOR('',#5971,10.);
#1208=VECTOR('',#5976,10.);
#1209=VECTOR('',#5979,10.);
#1210=VECTOR('',#5982,10.);
#1211=VECTOR('',#5985,10.);
#1212=VECTOR('',#5988,10.);
#1213=VECTOR('',#5991,10.);
#1214=VECTOR('',#5994,10.);
#1215=VECTOR('',#5997,10.);
#1216=VECTOR('',#6000,10.);
#1217=VECTOR('',#6003,10.);
#1218=VECTOR('',#6006,10.);
#1219=VECTOR('',#6009,10.);
#1220=VECTOR('',#6012,10.);
#1221=VECTOR('',#6015,10.);
#1222=VECTOR('',#6018,10.);
#1223=VECTOR('',#6021,10.);
#1224=VECTOR('',#6024,10.);
#1225=VECTOR('',#6027,10.);
#1226=VECTOR('',#6030,10.);
#1227=VECTOR('',#6033,10.);
#1228=VECTOR('',#6036,10.);
#1229=VECTOR('',#6039,10.);
#1230=VECTOR('',#6042,10.);
#1231=VECTOR('',#6047,10.);
#1232=VECTOR('',#6052,10.);
#1233=CIRCLE('',#4215,0.25);
#1234=CIRCLE('',#4216,0.25);
#1235=CIRCLE('',#4218,0.38);
#1236=CIRCLE('',#4219,0.25);
#1237=CIRCLE('',#4220,1.);
#1238=CIRCLE('',#4221,0.32);
#1239=CIRCLE('',#4222,0.64);
#1240=CIRCLE('',#4223,0.32);
#1241=CIRCLE('',#4224,1.77999999999995);
#1242=CIRCLE('',#4225,0.32);
#1243=CIRCLE('',#4226,0.64);
#1244=CIRCLE('',#4227,0.32);
#1245=CIRCLE('',#4228,1.78000000000002);
#1246=CIRCLE('',#4229,0.32);
#1247=CIRCLE('',#4230,0.64);
#1248=CIRCLE('',#4231,0.32);
#1249=CIRCLE('',#4232,1.78);
#1250=CIRCLE('',#4233,0.32);
#1251=CIRCLE('',#4234,0.64);
#1252=CIRCLE('',#4235,1.);
#1253=CIRCLE('',#4236,0.25);
#1254=CIRCLE('',#4237,0.64);
#1255=CIRCLE('',#4238,0.64);
#1256=CIRCLE('',#4239,0.25);
#1257=CIRCLE('',#4240,0.25);
#1258=CIRCLE('',#4241,0.25);
#1259=CIRCLE('',#4242,0.25);
#1260=CIRCLE('',#4243,0.25);
#1261=CIRCLE('',#4244,0.25);
#1262=CIRCLE('',#4245,0.25);
#1263=CIRCLE('',#4246,0.25);
#1264=CIRCLE('',#4247,0.25);
#1265=CIRCLE('',#4248,0.25);
#1266=CIRCLE('',#4249,0.25);
#1267=CIRCLE('',#4250,0.25);
#1268=CIRCLE('',#4251,1.);
#1269=CIRCLE('',#4252,0.64);
#1270=CIRCLE('',#4253,0.64);
#1271=CIRCLE('',#4254,0.32);
#1272=CIRCLE('',#4255,1.77999999999999);
#1273=CIRCLE('',#4256,0.32);
#1274=CIRCLE('',#4257,0.64);
#1275=CIRCLE('',#4258,0.32);
#1276=CIRCLE('',#4259,1.78000000000002);
#1277=CIRCLE('',#4260,0.32);
#1278=CIRCLE('',#4261,0.64);
#1279=CIRCLE('',#4262,0.32);
#1280=CIRCLE('',#4263,1.78);
#1281=CIRCLE('',#4264,0.32);
#1282=CIRCLE('',#4265,0.64);
#1283=CIRCLE('',#4266,0.64);
#1284=CIRCLE('',#4267,1.);
#1285=CIRCLE('',#4268,3.35);
#1286=CIRCLE('',#4269,1.);
#1287=CIRCLE('',#4270,1.);
#1288=CIRCLE('',#4271,3.35);
#1289=CIRCLE('',#4272,1.);
#1290=CIRCLE('',#4273,0.64);
#1291=CIRCLE('',#4274,0.64);
#1292=CIRCLE('',#4275,0.32);
#1293=CIRCLE('',#4276,1.78);
#1294=CIRCLE('',#4277,0.32);
#1295=CIRCLE('',#4278,0.64);
#1296=CIRCLE('',#4279,0.32);
#1297=CIRCLE('',#4280,1.78000000000002);
#1298=CIRCLE('',#4281,0.32);
#1299=CIRCLE('',#4282,0.64);
#1300=CIRCLE('',#4283,0.32);
#1301=CIRCLE('',#4284,1.77999999999999);
#1302=CIRCLE('',#4285,0.32);
#1303=CIRCLE('',#4286,0.64);
#1304=CIRCLE('',#4287,0.64);
#1305=CIRCLE('',#4288,1.);
#1306=CIRCLE('',#4289,0.25);
#1307=CIRCLE('',#4290,0.25);
#1308=CIRCLE('',#4291,0.25);
#1309=CIRCLE('',#4292,0.25);
#1310=CIRCLE('',#4293,0.25);
#1311=CIRCLE('',#4294,0.25);
#1312=CIRCLE('',#4295,0.25);
#1313=CIRCLE('',#4296,0.25);
#1314=CIRCLE('',#4297,0.25);
#1315=CIRCLE('',#4298,0.25);
#1316=CIRCLE('',#4299,0.25);
#1317=CIRCLE('',#4300,0.25);
#1318=CIRCLE('',#4301,0.64);
#1319=CIRCLE('',#4302,0.64);
#1320=CIRCLE('',#4303,0.25);
#1321=CIRCLE('',#4304,1.);
#1322=CIRCLE('',#4305,0.64);
#1323=CIRCLE('',#4306,0.32);
#1324=CIRCLE('',#4307,1.78);
#1325=CIRCLE('',#4308,0.32);
#1326=CIRCLE('',#4309,0.64);
#1327=CIRCLE('',#4310,0.32);
#1328=CIRCLE('',#4311,1.78000000000002);
#1329=CIRCLE('',#4312,0.32);
#1330=CIRCLE('',#4313,0.64);
#1331=CIRCLE('',#4314,0.32);
#1332=CIRCLE('',#4315,1.77999999999995);
#1333=CIRCLE('',#4316,0.32);
#1334=CIRCLE('',#4317,0.64);
#1335=CIRCLE('',#4318,0.32);
#1336=CIRCLE('',#4319,1.);
#1337=CIRCLE('',#4320,0.25);
#1338=CIRCLE('',#4321,0.38);
#1339=CIRCLE('',#4322,0.25);
#1340=CIRCLE('',#4323,4.);
#1341=CIRCLE('',#4324,0.25);
#1342=CIRCLE('',#4325,0.38);
#1343=CIRCLE('',#4326,0.25);
#1344=CIRCLE('',#4327,0.25);
#1345=CIRCLE('',#4328,0.38);
#1346=CIRCLE('',#4329,0.25);
#1347=CIRCLE('',#4330,0.25);
#1348=CIRCLE('',#4331,0.38);
#1349=CIRCLE('',#4332,0.25);
#1350=CIRCLE('',#4333,0.25);
#1351=CIRCLE('',#4334,0.38);
#1352=CIRCLE('',#4335,0.25);
#1353=CIRCLE('',#4336,4.);
#1354=CIRCLE('',#4337,0.25);
#1355=CIRCLE('',#4338,0.38);
#1356=CIRCLE('',#4339,0.25);
#1357=CIRCLE('',#4340,0.25);
#1358=CIRCLE('',#4341,0.38);
#1359=CIRCLE('',#4342,0.25);
#1360=CIRCLE('',#4343,4.);
#1361=CIRCLE('',#4344,0.25);
#1362=CIRCLE('',#4345,0.38);
#1363=CIRCLE('',#4346,0.25);
#1364=CIRCLE('',#4347,0.25);
#1365=CIRCLE('',#4348,0.38);
#1366=CIRCLE('',#4349,0.25);
#1367=CIRCLE('',#4350,0.25);
#1368=CIRCLE('',#4351,0.38);
#1369=CIRCLE('',#4352,0.25);
#1370=CIRCLE('',#4353,0.25);
#1371=CIRCLE('',#4354,0.38);
#1372=CIRCLE('',#4355,0.25);
#1373=CIRCLE('',#4356,4.);
#1374=CIRCLE('',#4358,0.38);
#1375=CIRCLE('',#4360,0.25);
#1376=CIRCLE('',#4362,0.25);
#1377=CIRCLE('',#4365,0.25);
#1378=CIRCLE('',#4368,0.25);
#1379=CIRCLE('',#4371,4.);
#1380=CIRCLE('',#4372,0.25);
#1381=CIRCLE('',#4373,0.38);
#1382=CIRCLE('',#4374,0.25);
#1383=CIRCLE('',#4375,0.25);
#1384=CIRCLE('',#4376,0.38);
#1385=CIRCLE('',#4377,0.25);
#1386=CIRCLE('',#4378,0.25);
#1387=CIRCLE('',#4379,0.38);
#1388=CIRCLE('',#4380,0.25);
#1389=CIRCLE('',#4381,0.25);
#1390=CIRCLE('',#4382,0.38);
#1391=CIRCLE('',#4383,0.25);
#1392=CIRCLE('',#4384,4.);
#1393=CIRCLE('',#4385,0.25);
#1394=CIRCLE('',#4386,0.38);
#1395=CIRCLE('',#4387,0.25);
#1396=CIRCLE('',#4388,0.25);
#1397=CIRCLE('',#4389,0.38);
#1398=CIRCLE('',#4390,0.25);
#1399=CIRCLE('',#4391,4.);
#1400=CIRCLE('',#4392,0.25);
#1401=CIRCLE('',#4393,0.38);
#1402=CIRCLE('',#4394,0.25);
#1403=CIRCLE('',#4395,0.25);
#1404=CIRCLE('',#4396,0.38);
#1405=CIRCLE('',#4397,0.25);
#1406=CIRCLE('',#4398,0.25);
#1407=CIRCLE('',#4399,0.38);
#1408=CIRCLE('',#4400,0.25);
#1409=CIRCLE('',#4401,0.25);
#1410=CIRCLE('',#4402,0.38);
#1411=CIRCLE('',#4403,0.25);
#1412=CIRCLE('',#4404,4.);
#1413=CIRCLE('',#4405,0.25);
#1414=CIRCLE('',#4406,0.38);
#1415=CIRCLE('',#4407,0.25);
#1416=CIRCLE('',#4408,1.);
#1417=CIRCLE('',#4409,0.32);
#1418=CIRCLE('',#4410,0.64);
#1419=CIRCLE('',#4411,0.32);
#1420=CIRCLE('',#4412,1.77999999999995);
#1421=CIRCLE('',#4413,0.32);
#1422=CIRCLE('',#4414,0.64);
#1423=CIRCLE('',#4415,0.32);
#1424=CIRCLE('',#4416,1.78000000000002);
#1425=CIRCLE('',#4417,0.32);
#1426=CIRCLE('',#4418,0.64);
#1427=CIRCLE('',#4419,0.32);
#1428=CIRCLE('',#4420,1.78);
#1429=CIRCLE('',#4421,0.32);
#1430=CIRCLE('',#4422,0.64);
#1431=CIRCLE('',#4423,1.);
#1432=CIRCLE('',#4424,0.25);
#1433=CIRCLE('',#4425,0.64);
#1434=CIRCLE('',#4426,0.64);
#1435=CIRCLE('',#4427,0.25);
#1436=CIRCLE('',#4428,0.25);
#1437=CIRCLE('',#4429,0.25);
#1438=CIRCLE('',#4430,0.25);
#1439=CIRCLE('',#4431,0.25);
#1440=CIRCLE('',#4432,0.25);
#1441=CIRCLE('',#4433,0.25);
#1442=CIRCLE('',#4434,0.25);
#1443=CIRCLE('',#4435,0.25);
#1444=CIRCLE('',#4436,0.25);
#1445=CIRCLE('',#4437,0.25);
#1446=CIRCLE('',#4438,0.25);
#1447=CIRCLE('',#4439,1.);
#1448=CIRCLE('',#4440,0.64);
#1449=CIRCLE('',#4441,0.64);
#1450=CIRCLE('',#4442,0.32);
#1451=CIRCLE('',#4443,1.77999999999999);
#1452=CIRCLE('',#4444,0.32);
#1453=CIRCLE('',#4445,0.64);
#1454=CIRCLE('',#4446,0.32);
#1455=CIRCLE('',#4447,1.78000000000002);
#1456=CIRCLE('',#4448,0.32);
#1457=CIRCLE('',#4449,0.64);
#1458=CIRCLE('',#4450,0.32);
#1459=CIRCLE('',#4451,1.78);
#1460=CIRCLE('',#4452,0.32);
#1461=CIRCLE('',#4453,0.64);
#1462=CIRCLE('',#4454,0.64);
#1463=CIRCLE('',#4455,1.);
#1464=CIRCLE('',#4456,3.35);
#1465=CIRCLE('',#4457,1.);
#1466=CIRCLE('',#4458,1.);
#1467=CIRCLE('',#4459,3.35);
#1468=CIRCLE('',#4460,1.);
#1469=CIRCLE('',#4461,0.64);
#1470=CIRCLE('',#4462,0.64);
#1471=CIRCLE('',#4463,0.32);
#1472=CIRCLE('',#4464,1.78);
#1473=CIRCLE('',#4465,0.32);
#1474=CIRCLE('',#4466,0.64);
#1475=CIRCLE('',#4467,0.32);
#1476=CIRCLE('',#4468,1.78000000000002);
#1477=CIRCLE('',#4469,0.32);
#1478=CIRCLE('',#4470,0.64);
#1479=CIRCLE('',#4471,0.32);
#1480=CIRCLE('',#4472,1.77999999999999);
#1481=CIRCLE('',#4473,0.32);
#1482=CIRCLE('',#4474,0.64);
#1483=CIRCLE('',#4475,0.64);
#1484=CIRCLE('',#4476,1.);
#1485=CIRCLE('',#4477,0.25);
#1486=CIRCLE('',#4478,0.25);
#1487=CIRCLE('',#4479,0.25);
#1488=CIRCLE('',#4480,0.25);
#1489=CIRCLE('',#4481,0.25);
#1490=CIRCLE('',#4482,0.25);
#1491=CIRCLE('',#4483,0.25);
#1492=CIRCLE('',#4484,0.25);
#1493=CIRCLE('',#4485,0.25);
#1494=CIRCLE('',#4486,0.64);
#1495=CIRCLE('',#4487,0.64);
#1496=CIRCLE('',#4488,0.25);
#1497=CIRCLE('',#4489,1.);
#1498=CIRCLE('',#4490,0.64);
#1499=CIRCLE('',#4491,0.32);
#1500=CIRCLE('',#4492,1.78);
#1501=CIRCLE('',#4493,0.32);
#1502=CIRCLE('',#4494,0.64);
#1503=CIRCLE('',#4495,0.32);
#1504=CIRCLE('',#4496,1.78000000000002);
#1505=CIRCLE('',#4497,0.32);
#1506=CIRCLE('',#4498,0.64);
#1507=CIRCLE('',#4499,0.32);
#1508=CIRCLE('',#4500,1.77999999999995);
#1509=CIRCLE('',#4501,0.32);
#1510=CIRCLE('',#4502,0.64);
#1511=CIRCLE('',#4503,0.32);
#1512=CIRCLE('',#4504,1.);
#1513=VERTEX_POINT('',#6062);
#1514=VERTEX_POINT('',#6063);
#1515=VERTEX_POINT('',#6065);
#1516=VERTEX_POINT('',#6067);
#1517=VERTEX_POINT('',#6071);
#1518=VERTEX_POINT('',#6073);
#1519=VERTEX_POINT('',#6075);
#1520=VERTEX_POINT('',#6077);
#1521=VERTEX_POINT('',#6079);
#1522=VERTEX_POINT('',#6081);
#1523=VERTEX_POINT('',#6083);
#1524=VERTEX_POINT('',#6085);
#1525=VERTEX_POINT('',#6087);
#1526=VERTEX_POINT('',#6089);
#1527=VERTEX_POINT('',#6091);
#1528=VERTEX_POINT('',#6093);
#1529=VERTEX_POINT('',#6095);
#1530=VERTEX_POINT('',#6097);
#1531=VERTEX_POINT('',#6099);
#1532=VERTEX_POINT('',#6101);
#1533=VERTEX_POINT('',#6103);
#1534=VERTEX_POINT('',#6105);
#1535=VERTEX_POINT('',#6107);
#1536=VERTEX_POINT('',#6109);
#1537=VERTEX_POINT('',#6111);
#1538=VERTEX_POINT('',#6113);
#1539=VERTEX_POINT('',#6115);
#1540=VERTEX_POINT('',#6117);
#1541=VERTEX_POINT('',#6119);
#1542=VERTEX_POINT('',#6121);
#1543=VERTEX_POINT('',#6123);
#1544=VERTEX_POINT('',#6125);
#1545=VERTEX_POINT('',#6127);
#1546=VERTEX_POINT('',#6129);
#1547=VERTEX_POINT('',#6131);
#1548=VERTEX_POINT('',#6133);
#1549=VERTEX_POINT('',#6135);
#1550=VERTEX_POINT('',#6137);
#1551=VERTEX_POINT('',#6139);
#1552=VERTEX_POINT('',#6141);
#1553=VERTEX_POINT('',#6143);
#1554=VERTEX_POINT('',#6145);
#1555=VERTEX_POINT('',#6147);
#1556=VERTEX_POINT('',#6149);
#1557=VERTEX_POINT('',#6151);
#1558=VERTEX_POINT('',#6153);
#1559=VERTEX_POINT('',#6155);
#1560=VERTEX_POINT('',#6157);
#1561=VERTEX_POINT('',#6159);
#1562=VERTEX_POINT('',#6161);
#1563=VERTEX_POINT('',#6163);
#1564=VERTEX_POINT('',#6165);
#1565=VERTEX_POINT('',#6167);
#1566=VERTEX_POINT('',#6169);
#1567=VERTEX_POINT('',#6171);
#1568=VERTEX_POINT('',#6173);
#1569=VERTEX_POINT('',#6175);
#1570=VERTEX_POINT('',#6177);
#1571=VERTEX_POINT('',#6179);
#1572=VERTEX_POINT('',#6181);
#1573=VERTEX_POINT('',#6183);
#1574=VERTEX_POINT('',#6185);
#1575=VERTEX_POINT('',#6187);
#1576=VERTEX_POINT('',#6189);
#1577=VERTEX_POINT('',#6191);
#1578=VERTEX_POINT('',#6193);
#1579=VERTEX_POINT('',#6195);
#1580=VERTEX_POINT('',#6197);
#1581=VERTEX_POINT('',#6199);
#1582=VERTEX_POINT('',#6201);
#1583=VERTEX_POINT('',#6203);
#1584=VERTEX_POINT('',#6205);
#1585=VERTEX_POINT('',#6207);
#1586=VERTEX_POINT('',#6209);
#1587=VERTEX_POINT('',#6211);
#1588=VERTEX_POINT('',#6213);
#1589=VERTEX_POINT('',#6215);
#1590=VERTEX_POINT('',#6217);
#1591=VERTEX_POINT('',#6219);
#1592=VERTEX_POINT('',#6221);
#1593=VERTEX_POINT('',#6223);
#1594=VERTEX_POINT('',#6225);
#1595=VERTEX_POINT('',#6227);
#1596=VERTEX_POINT('',#6229);
#1597=VERTEX_POINT('',#6231);
#1598=VERTEX_POINT('',#6233);
#1599=VERTEX_POINT('',#6235);
#1600=VERTEX_POINT('',#6237);
#1601=VERTEX_POINT('',#6239);
#1602=VERTEX_POINT('',#6241);
#1603=VERTEX_POINT('',#6243);
#1604=VERTEX_POINT('',#6245);
#1605=VERTEX_POINT('',#6247);
#1606=VERTEX_POINT('',#6249);
#1607=VERTEX_POINT('',#6251);
#1608=VERTEX_POINT('',#6253);
#1609=VERTEX_POINT('',#6255);
#1610=VERTEX_POINT('',#6257);
#1611=VERTEX_POINT('',#6259);
#1612=VERTEX_POINT('',#6261);
#1613=VERTEX_POINT('',#6263);
#1614=VERTEX_POINT('',#6265);
#1615=VERTEX_POINT('',#6267);
#1616=VERTEX_POINT('',#6269);
#1617=VERTEX_POINT('',#6271);
#1618=VERTEX_POINT('',#6273);
#1619=VERTEX_POINT('',#6275);
#1620=VERTEX_POINT('',#6277);
#1621=VERTEX_POINT('',#6279);
#1622=VERTEX_POINT('',#6281);
#1623=VERTEX_POINT('',#6283);
#1624=VERTEX_POINT('',#6285);
#1625=VERTEX_POINT('',#6287);
#1626=VERTEX_POINT('',#6289);
#1627=VERTEX_POINT('',#6291);
#1628=VERTEX_POINT('',#6293);
#1629=VERTEX_POINT('',#6295);
#1630=VERTEX_POINT('',#6297);
#1631=VERTEX_POINT('',#6299);
#1632=VERTEX_POINT('',#6301);
#1633=VERTEX_POINT('',#6303);
#1634=VERTEX_POINT('',#6305);
#1635=VERTEX_POINT('',#6307);
#1636=VERTEX_POINT('',#6309);
#1637=VERTEX_POINT('',#6311);
#1638=VERTEX_POINT('',#6313);
#1639=VERTEX_POINT('',#6315);
#1640=VERTEX_POINT('',#6317);
#1641=VERTEX_POINT('',#6319);
#1642=VERTEX_POINT('',#6321);
#1643=VERTEX_POINT('',#6323);
#1644=VERTEX_POINT('',#6325);
#1645=VERTEX_POINT('',#6327);
#1646=VERTEX_POINT('',#6329);
#1647=VERTEX_POINT('',#6331);
#1648=VERTEX_POINT('',#6333);
#1649=VERTEX_POINT('',#6335);
#1650=VERTEX_POINT('',#6337);
#1651=VERTEX_POINT('',#6339);
#1652=VERTEX_POINT('',#6341);
#1653=VERTEX_POINT('',#6343);
#1654=VERTEX_POINT('',#6345);
#1655=VERTEX_POINT('',#6347);
#1656=VERTEX_POINT('',#6349);
#1657=VERTEX_POINT('',#6351);
#1658=VERTEX_POINT('',#6353);
#1659=VERTEX_POINT('',#6355);
#1660=VERTEX_POINT('',#6357);
#1661=VERTEX_POINT('',#6359);
#1662=VERTEX_POINT('',#6361);
#1663=VERTEX_POINT('',#6363);
#1664=VERTEX_POINT('',#6365);
#1665=VERTEX_POINT('',#6367);
#1666=VERTEX_POINT('',#6369);
#1667=VERTEX_POINT('',#6371);
#1668=VERTEX_POINT('',#6373);
#1669=VERTEX_POINT('',#6375);
#1670=VERTEX_POINT('',#6377);
#1671=VERTEX_POINT('',#6379);
#1672=VERTEX_POINT('',#6381);
#1673=VERTEX_POINT('',#6383);
#1674=VERTEX_POINT('',#6385);
#1675=VERTEX_POINT('',#6387);
#1676=VERTEX_POINT('',#6389);
#1677=VERTEX_POINT('',#6391);
#1678=VERTEX_POINT('',#6393);
#1679=VERTEX_POINT('',#6395);
#1680=VERTEX_POINT('',#6397);
#1681=VERTEX_POINT('',#6399);
#1682=VERTEX_POINT('',#6401);
#1683=VERTEX_POINT('',#6403);
#1684=VERTEX_POINT('',#6405);
#1685=VERTEX_POINT('',#6407);
#1686=VERTEX_POINT('',#6409);
#1687=VERTEX_POINT('',#6411);
#1688=VERTEX_POINT('',#6413);
#1689=VERTEX_POINT('',#6415);
#1690=VERTEX_POINT('',#6417);
#1691=VERTEX_POINT('',#6419);
#1692=VERTEX_POINT('',#6421);
#1693=VERTEX_POINT('',#6423);
#1694=VERTEX_POINT('',#6425);
#1695=VERTEX_POINT('',#6427);
#1696=VERTEX_POINT('',#6429);
#1697=VERTEX_POINT('',#6431);
#1698=VERTEX_POINT('',#6433);
#1699=VERTEX_POINT('',#6435);
#1700=VERTEX_POINT('',#6437);
#1701=VERTEX_POINT('',#6439);
#1702=VERTEX_POINT('',#6441);
#1703=VERTEX_POINT('',#6443);
#1704=VERTEX_POINT('',#6445);
#1705=VERTEX_POINT('',#6447);
#1706=VERTEX_POINT('',#6449);
#1707=VERTEX_POINT('',#6451);
#1708=VERTEX_POINT('',#6453);
#1709=VERTEX_POINT('',#6455);
#1710=VERTEX_POINT('',#6457);
#1711=VERTEX_POINT('',#6459);
#1712=VERTEX_POINT('',#6461);
#1713=VERTEX_POINT('',#6463);
#1714=VERTEX_POINT('',#6465);
#1715=VERTEX_POINT('',#6467);
#1716=VERTEX_POINT('',#6469);
#1717=VERTEX_POINT('',#6471);
#1718=VERTEX_POINT('',#6473);
#1719=VERTEX_POINT('',#6475);
#1720=VERTEX_POINT('',#6477);
#1721=VERTEX_POINT('',#6479);
#1722=VERTEX_POINT('',#6481);
#1723=VERTEX_POINT('',#6483);
#1724=VERTEX_POINT('',#6485);
#1725=VERTEX_POINT('',#6487);
#1726=VERTEX_POINT('',#6489);
#1727=VERTEX_POINT('',#6493);
#1728=VERTEX_POINT('',#6497);
#1729=VERTEX_POINT('',#6501);
#1730=VERTEX_POINT('',#6503);
#1731=VERTEX_POINT('',#6507);
#1732=VERTEX_POINT('',#6511);
#1733=VERTEX_POINT('',#6513);
#1734=VERTEX_POINT('',#6519);
#1735=VERTEX_POINT('',#6520);
#1736=VERTEX_POINT('',#6525);
#1737=VERTEX_POINT('',#6529);
#1738=VERTEX_POINT('',#6531);
#1739=VERTEX_POINT('',#6533);
#1740=VERTEX_POINT('',#6535);
#1741=VERTEX_POINT('',#6537);
#1742=VERTEX_POINT('',#6539);
#1743=VERTEX_POINT('',#6541);
#1744=VERTEX_POINT('',#6543);
#1745=VERTEX_POINT('',#6545);
#1746=VERTEX_POINT('',#6547);
#1747=VERTEX_POINT('',#6549);
#1748=VERTEX_POINT('',#6551);
#1749=VERTEX_POINT('',#6553);
#1750=VERTEX_POINT('',#6555);
#1751=VERTEX_POINT('',#6557);
#1752=VERTEX_POINT('',#6559);
#1753=VERTEX_POINT('',#6561);
#1754=VERTEX_POINT('',#6563);
#1755=VERTEX_POINT('',#6565);
#1756=VERTEX_POINT('',#6567);
#1757=VERTEX_POINT('',#6569);
#1758=VERTEX_POINT('',#6571);
#1759=VERTEX_POINT('',#6573);
#1760=VERTEX_POINT('',#6575);
#1761=VERTEX_POINT('',#6577);
#1762=VERTEX_POINT('',#6579);
#1763=VERTEX_POINT('',#6581);
#1764=VERTEX_POINT('',#6583);
#1765=VERTEX_POINT('',#6585);
#1766=VERTEX_POINT('',#6587);
#1767=VERTEX_POINT('',#6589);
#1768=VERTEX_POINT('',#6591);
#1769=VERTEX_POINT('',#6593);
#1770=VERTEX_POINT('',#6595);
#1771=VERTEX_POINT('',#6597);
#1772=VERTEX_POINT('',#6599);
#1773=VERTEX_POINT('',#6601);
#1774=VERTEX_POINT('',#6603);
#1775=VERTEX_POINT('',#6605);
#1776=VERTEX_POINT('',#6607);
#1777=VERTEX_POINT('',#6609);
#1778=VERTEX_POINT('',#6611);
#1779=VERTEX_POINT('',#6613);
#1780=VERTEX_POINT('',#6615);
#1781=VERTEX_POINT('',#6617);
#1782=VERTEX_POINT('',#6619);
#1783=VERTEX_POINT('',#6621);
#1784=VERTEX_POINT('',#6623);
#1785=VERTEX_POINT('',#6625);
#1786=VERTEX_POINT('',#6627);
#1787=VERTEX_POINT('',#6629);
#1788=VERTEX_POINT('',#6631);
#1789=VERTEX_POINT('',#6633);
#1790=VERTEX_POINT('',#6635);
#1791=VERTEX_POINT('',#6637);
#1792=VERTEX_POINT('',#6639);
#1793=VERTEX_POINT('',#6641);
#1794=VERTEX_POINT('',#6643);
#1795=VERTEX_POINT('',#6645);
#1796=VERTEX_POINT('',#6647);
#1797=VERTEX_POINT('',#6649);
#1798=VERTEX_POINT('',#6651);
#1799=VERTEX_POINT('',#6653);
#1800=VERTEX_POINT('',#6655);
#1801=VERTEX_POINT('',#6657);
#1802=VERTEX_POINT('',#6659);
#1803=VERTEX_POINT('',#6661);
#1804=VERTEX_POINT('',#6663);
#1805=VERTEX_POINT('',#6665);
#1806=VERTEX_POINT('',#6667);
#1807=VERTEX_POINT('',#6669);
#1808=VERTEX_POINT('',#6671);
#1809=VERTEX_POINT('',#6673);
#1810=VERTEX_POINT('',#6675);
#1811=VERTEX_POINT('',#6677);
#1812=VERTEX_POINT('',#6679);
#1813=VERTEX_POINT('',#6681);
#1814=VERTEX_POINT('',#6683);
#1815=VERTEX_POINT('',#6685);
#1816=VERTEX_POINT('',#6687);
#1817=VERTEX_POINT('',#6689);
#1818=VERTEX_POINT('',#6691);
#1819=VERTEX_POINT('',#6693);
#1820=VERTEX_POINT('',#6695);
#1821=VERTEX_POINT('',#6697);
#1822=VERTEX_POINT('',#6699);
#1823=VERTEX_POINT('',#6701);
#1824=VERTEX_POINT('',#6703);
#1825=VERTEX_POINT('',#6705);
#1826=VERTEX_POINT('',#6707);
#1827=VERTEX_POINT('',#6709);
#1828=VERTEX_POINT('',#6711);
#1829=VERTEX_POINT('',#6713);
#1830=VERTEX_POINT('',#6715);
#1831=VERTEX_POINT('',#6717);
#1832=VERTEX_POINT('',#6719);
#1833=VERTEX_POINT('',#6721);
#1834=VERTEX_POINT('',#6723);
#1835=VERTEX_POINT('',#6725);
#1836=VERTEX_POINT('',#6727);
#1837=VERTEX_POINT('',#6729);
#1838=VERTEX_POINT('',#6731);
#1839=VERTEX_POINT('',#6733);
#1840=VERTEX_POINT('',#6735);
#1841=VERTEX_POINT('',#6737);
#1842=VERTEX_POINT('',#6739);
#1843=VERTEX_POINT('',#6741);
#1844=VERTEX_POINT('',#6743);
#1845=VERTEX_POINT('',#6745);
#1846=VERTEX_POINT('',#6747);
#1847=VERTEX_POINT('',#6749);
#1848=VERTEX_POINT('',#6751);
#1849=VERTEX_POINT('',#6753);
#1850=VERTEX_POINT('',#6755);
#1851=VERTEX_POINT('',#6757);
#1852=VERTEX_POINT('',#6759);
#1853=VERTEX_POINT('',#6761);
#1854=VERTEX_POINT('',#6763);
#1855=VERTEX_POINT('',#6765);
#1856=VERTEX_POINT('',#6767);
#1857=VERTEX_POINT('',#6769);
#1858=VERTEX_POINT('',#6771);
#1859=VERTEX_POINT('',#6773);
#1860=VERTEX_POINT('',#6775);
#1861=VERTEX_POINT('',#6777);
#1862=VERTEX_POINT('',#6779);
#1863=VERTEX_POINT('',#6781);
#1864=VERTEX_POINT('',#6783);
#1865=VERTEX_POINT('',#6785);
#1866=VERTEX_POINT('',#6787);
#1867=VERTEX_POINT('',#6789);
#1868=VERTEX_POINT('',#6791);
#1869=VERTEX_POINT('',#6793);
#1870=VERTEX_POINT('',#6795);
#1871=VERTEX_POINT('',#6797);
#1872=VERTEX_POINT('',#6799);
#1873=VERTEX_POINT('',#6801);
#1874=VERTEX_POINT('',#6803);
#1875=VERTEX_POINT('',#6805);
#1876=VERTEX_POINT('',#6807);
#1877=VERTEX_POINT('',#6809);
#1878=VERTEX_POINT('',#6811);
#1879=VERTEX_POINT('',#6813);
#1880=VERTEX_POINT('',#6815);
#1881=VERTEX_POINT('',#6817);
#1882=VERTEX_POINT('',#6819);
#1883=VERTEX_POINT('',#6821);
#1884=VERTEX_POINT('',#6823);
#1885=VERTEX_POINT('',#6825);
#1886=VERTEX_POINT('',#6827);
#1887=VERTEX_POINT('',#6829);
#1888=VERTEX_POINT('',#6831);
#1889=VERTEX_POINT('',#6833);
#1890=VERTEX_POINT('',#6835);
#1891=VERTEX_POINT('',#6837);
#1892=VERTEX_POINT('',#6839);
#1893=VERTEX_POINT('',#6841);
#1894=VERTEX_POINT('',#6843);
#1895=VERTEX_POINT('',#6845);
#1896=VERTEX_POINT('',#6847);
#1897=VERTEX_POINT('',#6849);
#1898=VERTEX_POINT('',#6851);
#1899=VERTEX_POINT('',#6853);
#1900=VERTEX_POINT('',#6855);
#1901=VERTEX_POINT('',#6857);
#1902=VERTEX_POINT('',#6859);
#1903=VERTEX_POINT('',#6861);
#1904=VERTEX_POINT('',#6863);
#1905=VERTEX_POINT('',#6865);
#1906=VERTEX_POINT('',#6867);
#1907=VERTEX_POINT('',#6869);
#1908=VERTEX_POINT('',#6871);
#1909=VERTEX_POINT('',#6873);
#1910=VERTEX_POINT('',#6875);
#1911=VERTEX_POINT('',#6877);
#1912=VERTEX_POINT('',#6879);
#1913=VERTEX_POINT('',#6881);
#1914=VERTEX_POINT('',#6885);
#1915=VERTEX_POINT('',#6887);
#1916=VERTEX_POINT('',#6889);
#1917=VERTEX_POINT('',#6891);
#1918=VERTEX_POINT('',#6893);
#1919=VERTEX_POINT('',#6895);
#1920=VERTEX_POINT('',#6897);
#1921=VERTEX_POINT('',#6899);
#1922=VERTEX_POINT('',#6901);
#1923=VERTEX_POINT('',#6903);
#1924=VERTEX_POINT('',#6905);
#1925=VERTEX_POINT('',#6907);
#1926=VERTEX_POINT('',#6909);
#1927=VERTEX_POINT('',#6911);
#1928=VERTEX_POINT('',#6913);
#1929=VERTEX_POINT('',#6915);
#1930=VERTEX_POINT('',#6917);
#1931=VERTEX_POINT('',#6919);
#1932=VERTEX_POINT('',#6921);
#1933=VERTEX_POINT('',#6923);
#1934=VERTEX_POINT('',#6925);
#1935=VERTEX_POINT('',#6927);
#1936=VERTEX_POINT('',#6929);
#1937=EDGE_CURVE('',#1513,#1514,#1233,.T.);
#1938=EDGE_CURVE('',#1514,#1515,#521,.T.);
#1939=EDGE_CURVE('',#1515,#1516,#1234,.T.);
#1940=EDGE_CURVE('',#1516,#1513,#522,.T.);
#1941=EDGE_CURVE('',#1515,#1517,#1235,.T.);
#1942=EDGE_CURVE('',#1518,#1517,#1236,.T.);
#1943=EDGE_CURVE('',#1518,#1519,#523,.T.);
#1944=EDGE_CURVE('',#1519,#1520,#1237,.T.);
#1945=EDGE_CURVE('',#1520,#1521,#524,.T.);
#1946=EDGE_CURVE('',#1521,#1522,#1238,.T.);
#1947=EDGE_CURVE('',#1522,#1523,#1239,.T.);
#1948=EDGE_CURVE('',#1523,#1524,#1240,.T.);
#1949=EDGE_CURVE('',#1524,#1525,#1241,.T.);
#1950=EDGE_CURVE('',#1525,#1526,#1242,.T.);
#1951=EDGE_CURVE('',#1526,#1527,#1243,.T.);
#1952=EDGE_CURVE('',#1527,#1528,#1244,.T.);
#1953=EDGE_CURVE('',#1528,#1529,#1245,.T.);
#1954=EDGE_CURVE('',#1529,#1530,#1246,.T.);
#1955=EDGE_CURVE('',#1530,#1531,#1247,.T.);
#1956=EDGE_CURVE('',#1531,#1532,#1248,.T.);
#1957=EDGE_CURVE('',#1532,#1533,#1249,.T.);
#1958=EDGE_CURVE('',#1533,#1534,#1250,.T.);
#1959=EDGE_CURVE('',#1534,#1535,#1251,.T.);
#1960=EDGE_CURVE('',#1535,#1536,#525,.T.);
#1961=EDGE_CURVE('',#1536,#1537,#1252,.T.);
#1962=EDGE_CURVE('',#1537,#1538,#526,.T.);
#1963=EDGE_CURVE('',#1538,#1539,#1253,.T.);
#1964=EDGE_CURVE('',#1539,#1540,#527,.T.);
#1965=EDGE_CURVE('',#1540,#1541,#1254,.T.);
#1966=EDGE_CURVE('',#1541,#1542,#1255,.T.);
#1967=EDGE_CURVE('',#1542,#1543,#528,.T.);
#1968=EDGE_CURVE('',#1544,#1543,#1256,.T.);
#1969=EDGE_CURVE('',#1544,#1545,#529,.T.);
#1970=EDGE_CURVE('',#1546,#1545,#1257,.T.);
#1971=EDGE_CURVE('',#1546,#1547,#530,.T.);
#1972=EDGE_CURVE('',#1548,#1547,#1258,.T.);
#1973=EDGE_CURVE('',#1548,#1549,#531,.T.);
#1974=EDGE_CURVE('',#1550,#1549,#1259,.T.);
#1975=EDGE_CURVE('',#1550,#1551,#532,.T.);
#1976=EDGE_CURVE('',#1552,#1551,#1260,.T.);
#1977=EDGE_CURVE('',#1552,#1553,#533,.T.);
#1978=EDGE_CURVE('',#1554,#1553,#1261,.T.);
#1979=EDGE_CURVE('',#1554,#1555,#534,.T.);
#1980=EDGE_CURVE('',#1555,#1556,#535,.T.);
#1981=EDGE_CURVE('',#1556,#1557,#536,.T.);
#1982=EDGE_CURVE('',#1557,#1558,#537,.T.);
#1983=EDGE_CURVE('',#1558,#1559,#538,.T.);
#1984=EDGE_CURVE('',#1559,#1560,#539,.T.);
#1985=EDGE_CURVE('',#1560,#1561,#540,.T.);
#1986=EDGE_CURVE('',#1562,#1561,#1262,.T.);
#1987=EDGE_CURVE('',#1562,#1563,#541,.T.);
#1988=EDGE_CURVE('',#1564,#1563,#1263,.T.);
#1989=EDGE_CURVE('',#1564,#1565,#542,.T.);
#1990=EDGE_CURVE('',#1566,#1565,#1264,.T.);
#1991=EDGE_CURVE('',#1566,#1567,#543,.T.);
#1992=EDGE_CURVE('',#1568,#1567,#1265,.T.);
#1993=EDGE_CURVE('',#1568,#1569,#544,.T.);
#1994=EDGE_CURVE('',#1570,#1569,#1266,.T.);
#1995=EDGE_CURVE('',#1570,#1571,#545,.T.);
#1996=EDGE_CURVE('',#1572,#1571,#1267,.T.);
#1997=EDGE_CURVE('',#1572,#1573,#546,.T.);
#1998=EDGE_CURVE('',#1573,#1574,#1268,.T.);
#1999=EDGE_CURVE('',#1574,#1575,#547,.T.);
#2000=EDGE_CURVE('',#1575,#1576,#1269,.T.);
#2001=EDGE_CURVE('',#1576,#1577,#548,.T.);
#2002=EDGE_CURVE('',#1577,#1578,#1270,.T.);
#2003=EDGE_CURVE('',#1578,#1579,#1271,.T.);
#2004=EDGE_CURVE('',#1579,#1580,#1272,.T.);
#2005=EDGE_CURVE('',#1580,#1581,#1273,.T.);
#2006=EDGE_CURVE('',#1581,#1582,#1274,.T.);
#2007=EDGE_CURVE('',#1582,#1583,#1275,.T.);
#2008=EDGE_CURVE('',#1583,#1584,#1276,.T.);
#2009=EDGE_CURVE('',#1584,#1585,#1277,.T.);
#2010=EDGE_CURVE('',#1585,#1586,#1278,.T.);
#2011=EDGE_CURVE('',#1586,#1587,#1279,.T.);
#2012=EDGE_CURVE('',#1587,#1588,#1280,.T.);
#2013=EDGE_CURVE('',#1588,#1589,#1281,.T.);
#2014=EDGE_CURVE('',#1589,#1590,#1282,.T.);
#2015=EDGE_CURVE('',#1590,#1591,#549,.T.);
#2016=EDGE_CURVE('',#1591,#1592,#1283,.T.);
#2017=EDGE_CURVE('',#1592,#1593,#550,.T.);
#2018=EDGE_CURVE('',#1593,#1594,#1284,.T.);
#2019=EDGE_CURVE('',#1594,#1595,#1285,.T.);
#2020=EDGE_CURVE('',#1595,#1596,#1286,.T.);
#2021=EDGE_CURVE('',#1596,#1597,#551,.T.);
#2022=EDGE_CURVE('',#1598,#1597,#1287,.T.);
#2023=EDGE_CURVE('',#1599,#1598,#1288,.T.);
#2024=EDGE_CURVE('',#1600,#1599,#1289,.T.);
#2025=EDGE_CURVE('',#1601,#1600,#552,.T.);
#2026=EDGE_CURVE('',#1602,#1601,#1290,.T.);
#2027=EDGE_CURVE('',#1603,#1602,#553,.T.);
#2028=EDGE_CURVE('',#1604,#1603,#1291,.T.);
#2029=EDGE_CURVE('',#1605,#1604,#1292,.T.);
#2030=EDGE_CURVE('',#1606,#1605,#1293,.T.);
#2031=EDGE_CURVE('',#1607,#1606,#1294,.T.);
#2032=EDGE_CURVE('',#1608,#1607,#1295,.T.);
#2033=EDGE_CURVE('',#1609,#1608,#1296,.T.);
#2034=EDGE_CURVE('',#1610,#1609,#1297,.T.);
#2035=EDGE_CURVE('',#1611,#1610,#1298,.T.);
#2036=EDGE_CURVE('',#1612,#1611,#1299,.T.);
#2037=EDGE_CURVE('',#1613,#1612,#1300,.T.);
#2038=EDGE_CURVE('',#1614,#1613,#1301,.T.);
#2039=EDGE_CURVE('',#1615,#1614,#1302,.T.);
#2040=EDGE_CURVE('',#1616,#1615,#1303,.T.);
#2041=EDGE_CURVE('',#1617,#1616,#554,.T.);
#2042=EDGE_CURVE('',#1618,#1617,#1304,.T.);
#2043=EDGE_CURVE('',#1619,#1618,#555,.T.);
#2044=EDGE_CURVE('',#1620,#1619,#1305,.T.);
#2045=EDGE_CURVE('',#1621,#1620,#556,.T.);
#2046=EDGE_CURVE('',#1622,#1621,#1306,.T.);
#2047=EDGE_CURVE('',#1623,#1622,#557,.T.);
#2048=EDGE_CURVE('',#1624,#1623,#1307,.T.);
#2049=EDGE_CURVE('',#1625,#1624,#558,.T.);
#2050=EDGE_CURVE('',#1626,#1625,#1308,.T.);
#2051=EDGE_CURVE('',#1627,#1626,#559,.T.);
#2052=EDGE_CURVE('',#1628,#1627,#1309,.T.);
#2053=EDGE_CURVE('',#1629,#1628,#560,.T.);
#2054=EDGE_CURVE('',#1630,#1629,#1310,.T.);
#2055=EDGE_CURVE('',#1631,#1630,#561,.T.);
#2056=EDGE_CURVE('',#1632,#1631,#1311,.T.);
#2057=EDGE_CURVE('',#1633,#1632,#562,.T.);
#2058=EDGE_CURVE('',#1634,#1633,#563,.T.);
#2059=EDGE_CURVE('',#1635,#1634,#564,.T.);
#2060=EDGE_CURVE('',#1636,#1635,#565,.T.);
#2061=EDGE_CURVE('',#1637,#1636,#566,.T.);
#2062=EDGE_CURVE('',#1638,#1637,#567,.T.);
#2063=EDGE_CURVE('',#1639,#1638,#568,.T.);
#2064=EDGE_CURVE('',#1640,#1639,#1312,.T.);
#2065=EDGE_CURVE('',#1641,#1640,#569,.T.);
#2066=EDGE_CURVE('',#1642,#1641,#1313,.T.);
#2067=EDGE_CURVE('',#1643,#1642,#570,.T.);
#2068=EDGE_CURVE('',#1644,#1643,#1314,.T.);
#2069=EDGE_CURVE('',#1645,#1644,#571,.T.);
#2070=EDGE_CURVE('',#1646,#1645,#1315,.T.);
#2071=EDGE_CURVE('',#1647,#1646,#572,.T.);
#2072=EDGE_CURVE('',#1648,#1647,#1316,.T.);
#2073=EDGE_CURVE('',#1649,#1648,#573,.T.);
#2074=EDGE_CURVE('',#1650,#1649,#1317,.T.);
#2075=EDGE_CURVE('',#1651,#1650,#574,.T.);
#2076=EDGE_CURVE('',#1652,#1651,#1318,.T.);
#2077=EDGE_CURVE('',#1653,#1652,#1319,.T.);
#2078=EDGE_CURVE('',#1654,#1653,#575,.T.);
#2079=EDGE_CURVE('',#1655,#1654,#1320,.T.);
#2080=EDGE_CURVE('',#1656,#1655,#576,.T.);
#2081=EDGE_CURVE('',#1657,#1656,#1321,.T.);
#2082=EDGE_CURVE('',#1658,#1657,#577,.T.);
#2083=EDGE_CURVE('',#1659,#1658,#1322,.T.);
#2084=EDGE_CURVE('',#1660,#1659,#1323,.T.);
#2085=EDGE_CURVE('',#1661,#1660,#1324,.T.);
#2086=EDGE_CURVE('',#1662,#1661,#1325,.T.);
#2087=EDGE_CURVE('',#1663,#1662,#1326,.T.);
#2088=EDGE_CURVE('',#1664,#1663,#1327,.T.);
#2089=EDGE_CURVE('',#1665,#1664,#1328,.T.);
#2090=EDGE_CURVE('',#1666,#1665,#1329,.T.);
#2091=EDGE_CURVE('',#1667,#1666,#1330,.T.);
#2092=EDGE_CURVE('',#1668,#1667,#1331,.T.);
#2093=EDGE_CURVE('',#1669,#1668,#1332,.T.);
#2094=EDGE_CURVE('',#1670,#1669,#1333,.T.);
#2095=EDGE_CURVE('',#1671,#1670,#1334,.T.);
#2096=EDGE_CURVE('',#1672,#1671,#1335,.T.);
#2097=EDGE_CURVE('',#1673,#1672,#578,.T.);
#2098=EDGE_CURVE('',#1674,#1673,#1336,.T.);
#2099=EDGE_CURVE('',#1675,#1674,#579,.T.);
#2100=EDGE_CURVE('',#1676,#1675,#1337,.T.);
#2101=EDGE_CURVE('',#1677,#1676,#1338,.T.);
#2102=EDGE_CURVE('',#1678,#1677,#1339,.T.);
#2103=EDGE_CURVE('',#1679,#1678,#580,.T.);
#2104=EDGE_CURVE('',#1680,#1679,#1340,.T.);
#2105=EDGE_CURVE('',#1681,#1680,#581,.T.);
#2106=EDGE_CURVE('',#1682,#1681,#1341,.T.);
#2107=EDGE_CURVE('',#1683,#1682,#1342,.T.);
#2108=EDGE_CURVE('',#1684,#1683,#1343,.T.);
#2109=EDGE_CURVE('',#1685,#1684,#582,.T.);
#2110=EDGE_CURVE('',#1686,#1685,#1344,.T.);
#2111=EDGE_CURVE('',#1687,#1686,#1345,.T.);
#2112=EDGE_CURVE('',#1688,#1687,#1346,.T.);
#2113=EDGE_CURVE('',#1689,#1688,#583,.T.);
#2114=EDGE_CURVE('',#1690,#1689,#1347,.T.);
#2115=EDGE_CURVE('',#1691,#1690,#1348,.T.);
#2116=EDGE_CURVE('',#1692,#1691,#1349,.T.);
#2117=EDGE_CURVE('',#1693,#1692,#584,.T.);
#2118=EDGE_CURVE('',#1694,#1693,#1350,.T.);
#2119=EDGE_CURVE('',#1695,#1694,#1351,.T.);
#2120=EDGE_CURVE('',#1696,#1695,#1352,.T.);
#2121=EDGE_CURVE('',#1697,#1696,#585,.T.);
#2122=EDGE_CURVE('',#1698,#1697,#1353,.T.);
#2123=EDGE_CURVE('',#1699,#1698,#586,.T.);
#2124=EDGE_CURVE('',#1700,#1699,#1354,.T.);
#2125=EDGE_CURVE('',#1701,#1700,#1355,.T.);
#2126=EDGE_CURVE('',#1702,#1701,#1356,.T.);
#2127=EDGE_CURVE('',#1703,#1702,#587,.T.);
#2128=EDGE_CURVE('',#1704,#1703,#1357,.T.);
#2129=EDGE_CURVE('',#1704,#1705,#1358,.T.);
#2130=EDGE_CURVE('',#1706,#1705,#1359,.T.);
#2131=EDGE_CURVE('',#1706,#1707,#588,.T.);
#2132=EDGE_CURVE('',#1707,#1708,#1360,.T.);
#2133=EDGE_CURVE('',#1708,#1709,#589,.T.);
#2134=EDGE_CURVE('',#1710,#1709,#1361,.T.);
#2135=EDGE_CURVE('',#1710,#1711,#1362,.T.);
#2136=EDGE_CURVE('',#1712,#1711,#1363,.T.);
#2137=EDGE_CURVE('',#1712,#1713,#590,.T.);
#2138=EDGE_CURVE('',#1714,#1713,#1364,.T.);
#2139=EDGE_CURVE('',#1714,#1715,#1365,.T.);
#2140=EDGE_CURVE('',#1716,#1715,#1366,.T.);
#2141=EDGE_CURVE('',#1716,#1717,#591,.T.);
#2142=EDGE_CURVE('',#1718,#1717,#1367,.T.);
#2143=EDGE_CURVE('',#1718,#1719,#1368,.T.);
#2144=EDGE_CURVE('',#1720,#1719,#1369,.T.);
#2145=EDGE_CURVE('',#1720,#1721,#592,.T.);
#2146=EDGE_CURVE('',#1722,#1721,#1370,.T.);
#2147=EDGE_CURVE('',#1722,#1723,#1371,.T.);
#2148=EDGE_CURVE('',#1724,#1723,#1372,.T.);
#2149=EDGE_CURVE('',#1724,#1725,#593,.T.);
#2150=EDGE_CURVE('',#1725,#1726,#1373,.T.);
#2151=EDGE_CURVE('',#1726,#1516,#594,.T.);
#2152=EDGE_CURVE('',#1727,#1514,#1374,.T.);
#2153=EDGE_CURVE('',#1517,#1727,#595,.T.);
#2154=EDGE_CURVE('',#1727,#1728,#1375,.T.);
#2155=EDGE_CURVE('',#1728,#1518,#596,.T.);
#2156=EDGE_CURVE('',#1543,#1729,#597,.T.);
#2157=EDGE_CURVE('',#1729,#1730,#1376,.T.);
#2158=EDGE_CURVE('',#1730,#1544,#598,.T.);
#2159=EDGE_CURVE('',#1542,#1731,#599,.T.);
#2160=EDGE_CURVE('',#1729,#1731,#600,.T.);
#2161=EDGE_CURVE('',#1545,#1732,#601,.T.);
#2162=EDGE_CURVE('',#1732,#1733,#1377,.T.);
#2163=EDGE_CURVE('',#1733,#1546,#602,.T.);
#2164=EDGE_CURVE('',#1732,#1730,#603,.T.);
#2165=EDGE_CURVE('',#1734,#1735,#1378,.T.);
#2166=EDGE_CURVE('',#1735,#1548,#604,.T.);
#2167=EDGE_CURVE('',#1547,#1734,#605,.T.);
#2168=EDGE_CURVE('',#1736,#1735,#606,.T.);
#2169=EDGE_CURVE('',#1549,#1736,#607,.T.);
#2170=EDGE_CURVE('',#1513,#1737,#608,.T.);
#2171=EDGE_CURVE('',#1737,#1738,#1379,.T.);
#2172=EDGE_CURVE('',#1738,#1739,#609,.T.);
#2173=EDGE_CURVE('',#1740,#1739,#1380,.T.);
#2174=EDGE_CURVE('',#1740,#1741,#1381,.T.);
#2175=EDGE_CURVE('',#1742,#1741,#1382,.T.);
#2176=EDGE_CURVE('',#1742,#1743,#610,.T.);
#2177=EDGE_CURVE('',#1744,#1743,#1383,.T.);
#2178=EDGE_CURVE('',#1744,#1745,#1384,.T.);
#2179=EDGE_CURVE('',#1746,#1745,#1385,.T.);
#2180=EDGE_CURVE('',#1746,#1747,#611,.T.);
#2181=EDGE_CURVE('',#1748,#1747,#1386,.T.);
#2182=EDGE_CURVE('',#1748,#1749,#1387,.T.);
#2183=EDGE_CURVE('',#1750,#1749,#1388,.T.);
#2184=EDGE_CURVE('',#1750,#1751,#612,.T.);
#2185=EDGE_CURVE('',#1752,#1751,#1389,.T.);
#2186=EDGE_CURVE('',#1752,#1753,#1390,.T.);
#2187=EDGE_CURVE('',#1754,#1753,#1391,.T.);
#2188=EDGE_CURVE('',#1754,#1755,#613,.T.);
#2189=EDGE_CURVE('',#1755,#1756,#1392,.T.);
#2190=EDGE_CURVE('',#1756,#1757,#614,.T.);
#2191=EDGE_CURVE('',#1758,#1757,#1393,.T.);
#2192=EDGE_CURVE('',#1758,#1759,#1394,.T.);
#2193=EDGE_CURVE('',#1760,#1759,#1395,.T.);
#2194=EDGE_CURVE('',#1760,#1761,#615,.T.);
#2195=EDGE_CURVE('',#1762,#1761,#1396,.T.);
#2196=EDGE_CURVE('',#1763,#1762,#1397,.T.);
#2197=EDGE_CURVE('',#1764,#1763,#1398,.T.);
#2198=EDGE_CURVE('',#1765,#1764,#616,.T.);
#2199=EDGE_CURVE('',#1766,#1765,#1399,.T.);
#2200=EDGE_CURVE('',#1767,#1766,#617,.T.);
#2201=EDGE_CURVE('',#1768,#1767,#1400,.T.);
#2202=EDGE_CURVE('',#1769,#1768,#1401,.T.);
#2203=EDGE_CURVE('',#1770,#1769,#1402,.T.);
#2204=EDGE_CURVE('',#1771,#1770,#618,.T.);
#2205=EDGE_CURVE('',#1772,#1771,#1403,.T.);
#2206=EDGE_CURVE('',#1773,#1772,#1404,.T.);
#2207=EDGE_CURVE('',#1774,#1773,#1405,.T.);
#2208=EDGE_CURVE('',#1775,#1774,#619,.T.);
#2209=EDGE_CURVE('',#1776,#1775,#1406,.T.);
#2210=EDGE_CURVE('',#1777,#1776,#1407,.T.);
#2211=EDGE_CURVE('',#1778,#1777,#1408,.T.);
#2212=EDGE_CURVE('',#1779,#1778,#620,.T.);
#2213=EDGE_CURVE('',#1780,#1779,#1409,.T.);
#2214=EDGE_CURVE('',#1781,#1780,#1410,.T.);
#2215=EDGE_CURVE('',#1782,#1781,#1411,.T.);
#2216=EDGE_CURVE('',#1783,#1782,#621,.T.);
#2217=EDGE_CURVE('',#1784,#1783,#1412,.T.);
#2218=EDGE_CURVE('',#1785,#1784,#622,.T.);
#2219=EDGE_CURVE('',#1786,#1785,#1413,.T.);
#2220=EDGE_CURVE('',#1787,#1786,#1414,.T.);
#2221=EDGE_CURVE('',#1788,#1787,#1415,.T.);
#2222=EDGE_CURVE('',#1789,#1788,#623,.T.);
#2223=EDGE_CURVE('',#1790,#1789,#1416,.T.);
#2224=EDGE_CURVE('',#1791,#1790,#624,.T.);
#2225=EDGE_CURVE('',#1792,#1791,#1417,.T.);
#2226=EDGE_CURVE('',#1793,#1792,#1418,.T.);
#2227=EDGE_CURVE('',#1794,#1793,#1419,.T.);
#2228=EDGE_CURVE('',#1795,#1794,#1420,.T.);
#2229=EDGE_CURVE('',#1796,#1795,#1421,.T.);
#2230=EDGE_CURVE('',#1797,#1796,#1422,.T.);
#2231=EDGE_CURVE('',#1798,#1797,#1423,.T.);
#2232=EDGE_CURVE('',#1799,#1798,#1424,.T.);
#2233=EDGE_CURVE('',#1800,#1799,#1425,.T.);
#2234=EDGE_CURVE('',#1801,#1800,#1426,.T.);
#2235=EDGE_CURVE('',#1802,#1801,#1427,.T.);
#2236=EDGE_CURVE('',#1803,#1802,#1428,.T.);
#2237=EDGE_CURVE('',#1804,#1803,#1429,.T.);
#2238=EDGE_CURVE('',#1805,#1804,#1430,.T.);
#2239=EDGE_CURVE('',#1806,#1805,#625,.T.);
#2240=EDGE_CURVE('',#1807,#1806,#1431,.T.);
#2241=EDGE_CURVE('',#1808,#1807,#626,.T.);
#2242=EDGE_CURVE('',#1809,#1808,#1432,.T.);
#2243=EDGE_CURVE('',#1810,#1809,#627,.T.);
#2244=EDGE_CURVE('',#1811,#1810,#1433,.T.);
#2245=EDGE_CURVE('',#1812,#1811,#1434,.T.);
#2246=EDGE_CURVE('',#1813,#1812,#628,.T.);
#2247=EDGE_CURVE('',#1814,#1813,#1435,.T.);
#2248=EDGE_CURVE('',#1815,#1814,#629,.T.);
#2249=EDGE_CURVE('',#1816,#1815,#1436,.T.);
#2250=EDGE_CURVE('',#1817,#1816,#630,.T.);
#2251=EDGE_CURVE('',#1818,#1817,#1437,.T.);
#2252=EDGE_CURVE('',#1819,#1818,#631,.T.);
#2253=EDGE_CURVE('',#1820,#1819,#1438,.T.);
#2254=EDGE_CURVE('',#1821,#1820,#632,.T.);
#2255=EDGE_CURVE('',#1822,#1821,#1439,.T.);
#2256=EDGE_CURVE('',#1823,#1822,#633,.T.);
#2257=EDGE_CURVE('',#1824,#1823,#1440,.T.);
#2258=EDGE_CURVE('',#1825,#1824,#634,.T.);
#2259=EDGE_CURVE('',#1826,#1825,#635,.T.);
#2260=EDGE_CURVE('',#1827,#1826,#636,.T.);
#2261=EDGE_CURVE('',#1828,#1827,#637,.T.);
#2262=EDGE_CURVE('',#1829,#1828,#638,.T.);
#2263=EDGE_CURVE('',#1830,#1829,#639,.T.);
#2264=EDGE_CURVE('',#1831,#1830,#640,.T.);
#2265=EDGE_CURVE('',#1832,#1831,#1441,.T.);
#2266=EDGE_CURVE('',#1833,#1832,#641,.T.);
#2267=EDGE_CURVE('',#1834,#1833,#1442,.T.);
#2268=EDGE_CURVE('',#1835,#1834,#642,.T.);
#2269=EDGE_CURVE('',#1836,#1835,#1443,.T.);
#2270=EDGE_CURVE('',#1837,#1836,#643,.T.);
#2271=EDGE_CURVE('',#1838,#1837,#1444,.T.);
#2272=EDGE_CURVE('',#1839,#1838,#644,.T.);
#2273=EDGE_CURVE('',#1840,#1839,#1445,.T.);
#2274=EDGE_CURVE('',#1841,#1840,#645,.T.);
#2275=EDGE_CURVE('',#1842,#1841,#1446,.T.);
#2276=EDGE_CURVE('',#1843,#1842,#646,.T.);
#2277=EDGE_CURVE('',#1844,#1843,#1447,.T.);
#2278=EDGE_CURVE('',#1845,#1844,#647,.T.);
#2279=EDGE_CURVE('',#1846,#1845,#1448,.T.);
#2280=EDGE_CURVE('',#1847,#1846,#648,.T.);
#2281=EDGE_CURVE('',#1848,#1847,#1449,.T.);
#2282=EDGE_CURVE('',#1849,#1848,#1450,.T.);
#2283=EDGE_CURVE('',#1850,#1849,#1451,.T.);
#2284=EDGE_CURVE('',#1851,#1850,#1452,.T.);
#2285=EDGE_CURVE('',#1852,#1851,#1453,.T.);
#2286=EDGE_CURVE('',#1853,#1852,#1454,.T.);
#2287=EDGE_CURVE('',#1854,#1853,#1455,.T.);
#2288=EDGE_CURVE('',#1855,#1854,#1456,.T.);
#2289=EDGE_CURVE('',#1856,#1855,#1457,.T.);
#2290=EDGE_CURVE('',#1857,#1856,#1458,.T.);
#2291=EDGE_CURVE('',#1858,#1857,#1459,.T.);
#2292=EDGE_CURVE('',#1859,#1858,#1460,.T.);
#2293=EDGE_CURVE('',#1860,#1859,#1461,.T.);
#2294=EDGE_CURVE('',#1861,#1860,#649,.T.);
#2295=EDGE_CURVE('',#1862,#1861,#1462,.T.);
#2296=EDGE_CURVE('',#1863,#1862,#650,.T.);
#2297=EDGE_CURVE('',#1864,#1863,#1463,.T.);
#2298=EDGE_CURVE('',#1865,#1864,#1464,.T.);
#2299=EDGE_CURVE('',#1866,#1865,#1465,.T.);
#2300=EDGE_CURVE('',#1867,#1866,#651,.T.);
#2301=EDGE_CURVE('',#1867,#1868,#1466,.T.);
#2302=EDGE_CURVE('',#1868,#1869,#1467,.T.);
#2303=EDGE_CURVE('',#1869,#1870,#1468,.T.);
#2304=EDGE_CURVE('',#1870,#1871,#652,.T.);
#2305=EDGE_CURVE('',#1871,#1872,#1469,.T.);
#2306=EDGE_CURVE('',#1872,#1873,#653,.T.);
#2307=EDGE_CURVE('',#1873,#1874,#1470,.T.);
#2308=EDGE_CURVE('',#1874,#1875,#1471,.T.);
#2309=EDGE_CURVE('',#1875,#1876,#1472,.T.);
#2310=EDGE_CURVE('',#1876,#1877,#1473,.T.);
#2311=EDGE_CURVE('',#1877,#1878,#1474,.T.);
#2312=EDGE_CURVE('',#1878,#1879,#1475,.T.);
#2313=EDGE_CURVE('',#1879,#1880,#1476,.T.);
#2314=EDGE_CURVE('',#1880,#1881,#1477,.T.);
#2315=EDGE_CURVE('',#1881,#1882,#1478,.T.);
#2316=EDGE_CURVE('',#1882,#1883,#1479,.T.);
#2317=EDGE_CURVE('',#1883,#1884,#1480,.T.);
#2318=EDGE_CURVE('',#1884,#1885,#1481,.T.);
#2319=EDGE_CURVE('',#1885,#1886,#1482,.T.);
#2320=EDGE_CURVE('',#1886,#1887,#654,.T.);
#2321=EDGE_CURVE('',#1887,#1888,#1483,.T.);
#2322=EDGE_CURVE('',#1888,#1889,#655,.T.);
#2323=EDGE_CURVE('',#1889,#1890,#1484,.T.);
#2324=EDGE_CURVE('',#1890,#1891,#656,.T.);
#2325=EDGE_CURVE('',#1892,#1891,#1485,.T.);
#2326=EDGE_CURVE('',#1892,#1893,#657,.T.);
#2327=EDGE_CURVE('',#1894,#1893,#1486,.T.);
#2328=EDGE_CURVE('',#1894,#1895,#658,.T.);
#2329=EDGE_CURVE('',#1896,#1895,#1487,.T.);
#2330=EDGE_CURVE('',#1896,#1897,#659,.T.);
#2331=EDGE_CURVE('',#1898,#1897,#1488,.T.);
#2332=EDGE_CURVE('',#1898,#1899,#660,.T.);
#2333=EDGE_CURVE('',#1900,#1899,#1489,.T.);
#2334=EDGE_CURVE('',#1900,#1901,#661,.T.);
#2335=EDGE_CURVE('',#1902,#1901,#1490,.T.);
#2336=EDGE_CURVE('',#1902,#1903,#662,.T.);
#2337=EDGE_CURVE('',#1903,#1904,#663,.T.);
#2338=EDGE_CURVE('',#1904,#1905,#664,.T.);
#2339=EDGE_CURVE('',#1905,#1906,#665,.T.);
#2340=EDGE_CURVE('',#1906,#1907,#666,.T.);
#2341=EDGE_CURVE('',#1907,#1908,#667,.T.);
#2342=EDGE_CURVE('',#1908,#1909,#668,.T.);
#2343=EDGE_CURVE('',#1910,#1909,#1491,.T.);
#2344=EDGE_CURVE('',#1910,#1911,#669,.T.);
#2345=EDGE_CURVE('',#1912,#1911,#1492,.T.);
#2346=EDGE_CURVE('',#1912,#1913,#670,.T.);
#2347=EDGE_CURVE('',#1736,#1913,#1493,.T.);
#2348=EDGE_CURVE('',#1734,#1733,#671,.T.);
#2349=EDGE_CURVE('',#1731,#1914,#1494,.T.);
#2350=EDGE_CURVE('',#1914,#1915,#1495,.T.);
#2351=EDGE_CURVE('',#1915,#1916,#672,.T.);
#2352=EDGE_CURVE('',#1916,#1917,#1496,.T.);
#2353=EDGE_CURVE('',#1917,#1918,#673,.T.);
#2354=EDGE_CURVE('',#1918,#1919,#1497,.T.);
#2355=EDGE_CURVE('',#1919,#1920,#674,.T.);
#2356=EDGE_CURVE('',#1920,#1921,#1498,.T.);
#2357=EDGE_CURVE('',#1921,#1922,#1499,.T.);
#2358=EDGE_CURVE('',#1922,#1923,#1500,.T.);
#2359=EDGE_CURVE('',#1923,#1924,#1501,.T.);
#2360=EDGE_CURVE('',#1924,#1925,#1502,.T.);
#2361=EDGE_CURVE('',#1925,#1926,#1503,.T.);
#2362=EDGE_CURVE('',#1926,#1927,#1504,.T.);
#2363=EDGE_CURVE('',#1927,#1928,#1505,.T.);
#2364=EDGE_CURVE('',#1928,#1929,#1506,.T.);
#2365=EDGE_CURVE('',#1929,#1930,#1507,.T.);
#2366=EDGE_CURVE('',#1930,#1931,#1508,.T.);
#2367=EDGE_CURVE('',#1931,#1932,#1509,.T.);
#2368=EDGE_CURVE('',#1932,#1933,#1510,.T.);
#2369=EDGE_CURVE('',#1933,#1934,#1511,.T.);
#2370=EDGE_CURVE('',#1934,#1935,#675,.T.);
#2371=EDGE_CURVE('',#1935,#1936,#1512,.T.);
#2372=EDGE_CURVE('',#1936,#1728,#676,.T.);
#2373=EDGE_CURVE('',#1913,#1550,#677,.T.);
#2374=EDGE_CURVE('',#1551,#1912,#678,.T.);
#2375=EDGE_CURVE('',#1911,#1552,#679,.T.);
#2376=EDGE_CURVE('',#1553,#1910,#680,.T.);
#2377=EDGE_CURVE('',#1909,#1554,#681,.T.);
#2378=EDGE_CURVE('',#1561,#1902,#682,.T.);
#2379=EDGE_CURVE('',#1901,#1562,#683,.T.);
#2380=EDGE_CURVE('',#1560,#1903,#684,.T.);
#2381=EDGE_CURVE('',#1563,#1900,#685,.T.);
#2382=EDGE_CURVE('',#1899,#1564,#686,.T.);
#2383=EDGE_CURVE('',#1897,#1566,#687,.T.);
#2384=EDGE_CURVE('',#1565,#1898,#688,.T.);
#2385=EDGE_CURVE('',#1567,#1896,#689,.T.);
#2386=EDGE_CURVE('',#1895,#1568,#690,.T.);
#2387=EDGE_CURVE('',#1569,#1894,#691,.T.);
#2388=EDGE_CURVE('',#1893,#1570,#692,.T.);
#2389=EDGE_CURVE('',#1571,#1892,#693,.T.);
#2390=EDGE_CURVE('',#1891,#1572,#694,.T.);
#2391=EDGE_CURVE('',#1759,#1704,#695,.T.);
#2392=EDGE_CURVE('',#1703,#1760,#696,.T.);
#2393=EDGE_CURVE('',#1705,#1758,#697,.T.);
#2394=EDGE_CURVE('',#1757,#1706,#698,.T.);
#2395=EDGE_CURVE('',#1707,#1756,#699,.T.);
#2396=EDGE_CURVE('',#1753,#1710,#700,.T.);
#2397=EDGE_CURVE('',#1709,#1754,#701,.T.);
#2398=EDGE_CURVE('',#1711,#1752,#702,.T.);
#2399=EDGE_CURVE('',#1751,#1712,#703,.T.);
#2400=EDGE_CURVE('',#1713,#1750,#704,.T.);
#2401=EDGE_CURVE('',#1749,#1714,#705,.T.);
#2402=EDGE_CURVE('',#1715,#1748,#706,.T.);
#2403=EDGE_CURVE('',#1747,#1716,#707,.T.);
#2404=EDGE_CURVE('',#1717,#1746,#708,.T.);
#2405=EDGE_CURVE('',#1745,#1718,#709,.T.);
#2406=EDGE_CURVE('',#1719,#1744,#710,.T.);
#2407=EDGE_CURVE('',#1743,#1720,#711,.T.);
#2408=EDGE_CURVE('',#1721,#1742,#712,.T.);
#2409=EDGE_CURVE('',#1741,#1722,#713,.T.);
#2410=EDGE_CURVE('',#1723,#1740,#714,.T.);
#2411=EDGE_CURVE('',#1739,#1724,#715,.T.);
#2412=EDGE_CURVE('',#1596,#1867,#716,.T.);
#2413=EDGE_CURVE('',#1595,#1868,#717,.T.);
#2414=EDGE_CURVE('',#1594,#1869,#718,.T.);
#2415=EDGE_CURVE('',#1593,#1870,#719,.T.);
#2416=EDGE_CURVE('',#1592,#1871,#720,.T.);
#2417=EDGE_CURVE('',#1591,#1872,#721,.T.);
#2418=EDGE_CURVE('',#1590,#1873,#722,.T.);
#2419=EDGE_CURVE('',#1589,#1874,#723,.T.);
#2420=EDGE_CURVE('',#1588,#1875,#724,.T.);
#2421=EDGE_CURVE('',#1587,#1876,#725,.T.);
#2422=EDGE_CURVE('',#1586,#1877,#726,.T.);
#2423=EDGE_CURVE('',#1585,#1878,#727,.T.);
#2424=EDGE_CURVE('',#1584,#1879,#728,.T.);
#2425=EDGE_CURVE('',#1583,#1880,#729,.T.);
#2426=EDGE_CURVE('',#1582,#1881,#730,.T.);
#2427=EDGE_CURVE('',#1581,#1882,#731,.T.);
#2428=EDGE_CURVE('',#1580,#1883,#732,.T.);
#2429=EDGE_CURVE('',#1579,#1884,#733,.T.);
#2430=EDGE_CURVE('',#1578,#1885,#734,.T.);
#2431=EDGE_CURVE('',#1577,#1886,#735,.T.);
#2432=EDGE_CURVE('',#1576,#1887,#736,.T.);
#2433=EDGE_CURVE('',#1575,#1888,#737,.T.);
#2434=EDGE_CURVE('',#1574,#1889,#738,.T.);
#2435=EDGE_CURVE('',#1573,#1890,#739,.T.);
#2436=EDGE_CURVE('',#1559,#1904,#740,.T.);
#2437=EDGE_CURVE('',#1558,#1905,#741,.T.);
#2438=EDGE_CURVE('',#1557,#1906,#742,.T.);
#2439=EDGE_CURVE('',#1556,#1907,#743,.T.);
#2440=EDGE_CURVE('',#1555,#1908,#744,.T.);
#2441=EDGE_CURVE('',#1541,#1914,#745,.T.);
#2442=EDGE_CURVE('',#1540,#1915,#746,.T.);
#2443=EDGE_CURVE('',#1539,#1916,#747,.T.);
#2444=EDGE_CURVE('',#1538,#1917,#748,.T.);
#2445=EDGE_CURVE('',#1537,#1918,#749,.T.);
#2446=EDGE_CURVE('',#1536,#1919,#750,.T.);
#2447=EDGE_CURVE('',#1535,#1920,#751,.T.);
#2448=EDGE_CURVE('',#1534,#1921,#752,.T.);
#2449=EDGE_CURVE('',#1533,#1922,#753,.T.);
#2450=EDGE_CURVE('',#1532,#1923,#754,.T.);
#2451=EDGE_CURVE('',#1531,#1924,#755,.T.);
#2452=EDGE_CURVE('',#1530,#1925,#756,.T.);
#2453=EDGE_CURVE('',#1529,#1926,#757,.T.);
#2454=EDGE_CURVE('',#1528,#1927,#758,.T.);
#2455=EDGE_CURVE('',#1527,#1928,#759,.T.);
#2456=EDGE_CURVE('',#1526,#1929,#760,.T.);
#2457=EDGE_CURVE('',#1525,#1930,#761,.T.);
#2458=EDGE_CURVE('',#1524,#1931,#762,.T.);
#2459=EDGE_CURVE('',#1523,#1932,#763,.T.);
#2460=EDGE_CURVE('',#1522,#1933,#764,.T.);
#2461=EDGE_CURVE('',#1521,#1934,#765,.T.);
#2462=EDGE_CURVE('',#1520,#1935,#766,.T.);
#2463=EDGE_CURVE('',#1519,#1936,#767,.T.);
#2464=EDGE_CURVE('',#1726,#1737,#768,.T.);
#2465=EDGE_CURVE('',#1725,#1738,#769,.T.);
#2466=EDGE_CURVE('',#1708,#1755,#770,.T.);
#2467=EDGE_CURVE('',#1785,#1678,#771,.T.);
#2468=EDGE_CURVE('',#1677,#1786,#772,.T.);
#2469=EDGE_CURVE('',#1787,#1676,#773,.T.);
#2470=EDGE_CURVE('',#1675,#1788,#774,.T.);
#2471=EDGE_CURVE('',#1674,#1789,#775,.T.);
#2472=EDGE_CURVE('',#1649,#1814,#776,.T.);
#2473=EDGE_CURVE('',#1813,#1650,#777,.T.);
#2474=EDGE_CURVE('',#1815,#1648,#778,.T.);
#2475=EDGE_CURVE('',#1647,#1816,#779,.T.);
#2476=EDGE_CURVE('',#1817,#1646,#780,.T.);
#2477=EDGE_CURVE('',#1645,#1818,#781,.T.);
#2478=EDGE_CURVE('',#1819,#1644,#782,.T.);
#2479=EDGE_CURVE('',#1643,#1820,#783,.T.);
#2480=EDGE_CURVE('',#1821,#1642,#784,.T.);
#2481=EDGE_CURVE('',#1641,#1822,#785,.T.);
#2482=EDGE_CURVE('',#1823,#1640,#786,.T.);
#2483=EDGE_CURVE('',#1639,#1824,#787,.T.);
#2484=EDGE_CURVE('',#1638,#1825,#788,.T.);
#2485=EDGE_CURVE('',#1631,#1832,#789,.T.);
#2486=EDGE_CURVE('',#1831,#1632,#790,.T.);
#2487=EDGE_CURVE('',#1833,#1630,#791,.T.);
#2488=EDGE_CURVE('',#1629,#1834,#792,.T.);
#2489=EDGE_CURVE('',#1835,#1628,#793,.T.);
#2490=EDGE_CURVE('',#1627,#1836,#794,.T.);
#2491=EDGE_CURVE('',#1837,#1626,#795,.T.);
#2492=EDGE_CURVE('',#1625,#1838,#796,.T.);
#2493=EDGE_CURVE('',#1839,#1624,#797,.T.);
#2494=EDGE_CURVE('',#1623,#1840,#798,.T.);
#2495=EDGE_CURVE('',#1841,#1622,#799,.T.);
#2496=EDGE_CURVE('',#1621,#1842,#800,.T.);
#2497=EDGE_CURVE('',#1620,#1843,#801,.T.);
#2498=EDGE_CURVE('',#1761,#1702,#802,.T.);
#2499=EDGE_CURVE('',#1701,#1762,#803,.T.);
#2500=EDGE_CURVE('',#1763,#1700,#804,.T.);
#2501=EDGE_CURVE('',#1699,#1764,#805,.T.);
#2502=EDGE_CURVE('',#1698,#1765,#806,.T.);
#2503=EDGE_CURVE('',#1767,#1696,#807,.T.);
#2504=EDGE_CURVE('',#1695,#1768,#808,.T.);
#2505=EDGE_CURVE('',#1769,#1694,#809,.T.);
#2506=EDGE_CURVE('',#1693,#1770,#810,.T.);
#2507=EDGE_CURVE('',#1771,#1692,#811,.T.);
#2508=EDGE_CURVE('',#1691,#1772,#812,.T.);
#2509=EDGE_CURVE('',#1773,#1690,#813,.T.);
#2510=EDGE_CURVE('',#1689,#1774,#814,.T.);
#2511=EDGE_CURVE('',#1775,#1688,#815,.T.);
#2512=EDGE_CURVE('',#1687,#1776,#816,.T.);
#2513=EDGE_CURVE('',#1777,#1686,#817,.T.);
#2514=EDGE_CURVE('',#1685,#1778,#818,.T.);
#2515=EDGE_CURVE('',#1779,#1684,#819,.T.);
#2516=EDGE_CURVE('',#1683,#1780,#820,.T.);
#2517=EDGE_CURVE('',#1781,#1682,#821,.T.);
#2518=EDGE_CURVE('',#1681,#1782,#822,.T.);
#2519=EDGE_CURVE('',#1680,#1783,#823,.T.);
#2520=EDGE_CURVE('',#1597,#1866,#824,.T.);
#2521=EDGE_CURVE('',#1598,#1865,#825,.T.);
#2522=EDGE_CURVE('',#1599,#1864,#826,.T.);
#2523=EDGE_CURVE('',#1600,#1863,#827,.T.);
#2524=EDGE_CURVE('',#1601,#1862,#828,.T.);
#2525=EDGE_CURVE('',#1602,#1861,#829,.T.);
#2526=EDGE_CURVE('',#1603,#1860,#830,.T.);
#2527=EDGE_CURVE('',#1604,#1859,#831,.T.);
#2528=EDGE_CURVE('',#1605,#1858,#832,.T.);
#2529=EDGE_CURVE('',#1606,#1857,#833,.T.);
#2530=EDGE_CURVE('',#1607,#1856,#834,.T.);
#2531=EDGE_CURVE('',#1608,#1855,#835,.T.);
#2532=EDGE_CURVE('',#1609,#1854,#836,.T.);
#2533=EDGE_CURVE('',#1610,#1853,#837,.T.);
#2534=EDGE_CURVE('',#1611,#1852,#838,.T.);
#2535=EDGE_CURVE('',#1612,#1851,#839,.T.);
#2536=EDGE_CURVE('',#1613,#1850,#840,.T.);
#2537=EDGE_CURVE('',#1614,#1849,#841,.T.);
#2538=EDGE_CURVE('',#1615,#1848,#842,.T.);
#2539=EDGE_CURVE('',#1616,#1847,#843,.T.);
#2540=EDGE_CURVE('',#1617,#1846,#844,.T.);
#2541=EDGE_CURVE('',#1618,#1845,#845,.T.);
#2542=EDGE_CURVE('',#1619,#1844,#846,.T.);
#2543=EDGE_CURVE('',#1633,#1830,#847,.T.);
#2544=EDGE_CURVE('',#1634,#1829,#848,.T.);
#2545=EDGE_CURVE('',#1635,#1828,#849,.T.);
#2546=EDGE_CURVE('',#1636,#1827,#850,.T.);
#2547=EDGE_CURVE('',#1637,#1826,#851,.T.);
#2548=EDGE_CURVE('',#1651,#1812,#852,.T.);
#2549=EDGE_CURVE('',#1652,#1811,#853,.T.);
#2550=EDGE_CURVE('',#1653,#1810,#854,.T.);
#2551=EDGE_CURVE('',#1654,#1809,#855,.T.);
#2552=EDGE_CURVE('',#1655,#1808,#856,.T.);
#2553=EDGE_CURVE('',#1656,#1807,#857,.T.);
#2554=EDGE_CURVE('',#1657,#1806,#858,.T.);
#2555=EDGE_CURVE('',#1658,#1805,#859,.T.);
#2556=EDGE_CURVE('',#1659,#1804,#860,.T.);
#2557=EDGE_CURVE('',#1660,#1803,#861,.T.);
#2558=EDGE_CURVE('',#1661,#1802,#862,.T.);
#2559=EDGE_CURVE('',#1662,#1801,#863,.T.);
#2560=EDGE_CURVE('',#1663,#1800,#864,.T.);
#2561=EDGE_CURVE('',#1664,#1799,#865,.T.);
#2562=EDGE_CURVE('',#1665,#1798,#866,.T.);
#2563=EDGE_CURVE('',#1666,#1797,#867,.T.);
#2564=EDGE_CURVE('',#1667,#1796,#868,.T.);
#2565=EDGE_CURVE('',#1668,#1795,#869,.T.);
#2566=EDGE_CURVE('',#1669,#1794,#870,.T.);
#2567=EDGE_CURVE('',#1670,#1793,#871,.T.);
#2568=EDGE_CURVE('',#1671,#1792,#872,.T.);
#2569=EDGE_CURVE('',#1672,#1791,#873,.T.);
#2570=EDGE_CURVE('',#1673,#1790,#874,.T.);
#2571=EDGE_CURVE('',#1679,#1784,#875,.T.);
#2572=EDGE_CURVE('',#1697,#1766,#876,.T.);
#2573=ORIENTED_EDGE('',*,*,#1937,.T.);
#2574=ORIENTED_EDGE('',*,*,#1938,.T.);
#2575=ORIENTED_EDGE('',*,*,#1939,.T.);
#2576=ORIENTED_EDGE('',*,*,#1940,.T.);
#2577=ORIENTED_EDGE('',*,*,#1939,.F.);
#2578=ORIENTED_EDGE('',*,*,#1941,.T.);
#2579=ORIENTED_EDGE('',*,*,#1942,.F.);
#2580=ORIENTED_EDGE('',*,*,#1943,.T.);
#2581=ORIENTED_EDGE('',*,*,#1944,.T.);
#2582=ORIENTED_EDGE('',*,*,#1945,.T.);
#2583=ORIENTED_EDGE('',*,*,#1946,.T.);
#2584=ORIENTED_EDGE('',*,*,#1947,.T.);
#2585=ORIENTED_EDGE('',*,*,#1948,.T.);
#2586=ORIENTED_EDGE('',*,*,#1949,.T.);
#2587=ORIENTED_EDGE('',*,*,#1950,.T.);
#2588=ORIENTED_EDGE('',*,*,#1951,.T.);
#2589=ORIENTED_EDGE('',*,*,#1952,.T.);
#2590=ORIENTED_EDGE('',*,*,#1953,.T.);
#2591=ORIENTED_EDGE('',*,*,#1954,.T.);
#2592=ORIENTED_EDGE('',*,*,#1955,.T.);
#2593=ORIENTED_EDGE('',*,*,#1956,.T.);
#2594=ORIENTED_EDGE('',*,*,#1957,.T.);
#2595=ORIENTED_EDGE('',*,*,#1958,.T.);
#2596=ORIENTED_EDGE('',*,*,#1959,.T.);
#2597=ORIENTED_EDGE('',*,*,#1960,.T.);
#2598=ORIENTED_EDGE('',*,*,#1961,.T.);
#2599=ORIENTED_EDGE('',*,*,#1962,.T.);
#2600=ORIENTED_EDGE('',*,*,#1963,.T.);
#2601=ORIENTED_EDGE('',*,*,#1964,.T.);
#2602=ORIENTED_EDGE('',*,*,#1965,.T.);
#2603=ORIENTED_EDGE('',*,*,#1966,.T.);
#2604=ORIENTED_EDGE('',*,*,#1967,.T.);
#2605=ORIENTED_EDGE('',*,*,#1968,.F.);
#2606=ORIENTED_EDGE('',*,*,#1969,.T.);
#2607=ORIENTED_EDGE('',*,*,#1970,.F.);
#2608=ORIENTED_EDGE('',*,*,#1971,.T.);
#2609=ORIENTED_EDGE('',*,*,#1972,.F.);
#2610=ORIENTED_EDGE('',*,*,#1973,.T.);
#2611=ORIENTED_EDGE('',*,*,#1974,.F.);
#2612=ORIENTED_EDGE('',*,*,#1975,.T.);
#2613=ORIENTED_EDGE('',*,*,#1976,.F.);
#2614=ORIENTED_EDGE('',*,*,#1977,.T.);
#2615=ORIENTED_EDGE('',*,*,#1978,.F.);
#2616=ORIENTED_EDGE('',*,*,#1979,.T.);
#2617=ORIENTED_EDGE('',*,*,#1980,.T.);
#2618=ORIENTED_EDGE('',*,*,#1981,.T.);
#2619=ORIENTED_EDGE('',*,*,#1982,.T.);
#2620=ORIENTED_EDGE('',*,*,#1983,.T.);
#2621=ORIENTED_EDGE('',*,*,#1984,.T.);
#2622=ORIENTED_EDGE('',*,*,#1985,.T.);
#2623=ORIENTED_EDGE('',*,*,#1986,.F.);
#2624=ORIENTED_EDGE('',*,*,#1987,.T.);
#2625=ORIENTED_EDGE('',*,*,#1988,.F.);
#2626=ORIENTED_EDGE('',*,*,#1989,.T.);
#2627=ORIENTED_EDGE('',*,*,#1990,.F.);
#2628=ORIENTED_EDGE('',*,*,#1991,.T.);
#2629=ORIENTED_EDGE('',*,*,#1992,.F.);
#2630=ORIENTED_EDGE('',*,*,#1993,.T.);
#2631=ORIENTED_EDGE('',*,*,#1994,.F.);
#2632=ORIENTED_EDGE('',*,*,#1995,.T.);
#2633=ORIENTED_EDGE('',*,*,#1996,.F.);
#2634=ORIENTED_EDGE('',*,*,#1997,.T.);
#2635=ORIENTED_EDGE('',*,*,#1998,.T.);
#2636=ORIENTED_EDGE('',*,*,#1999,.T.);
#2637=ORIENTED_EDGE('',*,*,#2000,.T.);
#2638=ORIENTED_EDGE('',*,*,#2001,.T.);
#2639=ORIENTED_EDGE('',*,*,#2002,.T.);
#2640=ORIENTED_EDGE('',*,*,#2003,.T.);
#2641=ORIENTED_EDGE('',*,*,#2004,.T.);
#2642=ORIENTED_EDGE('',*,*,#2005,.T.);
#2643=ORIENTED_EDGE('',*,*,#2006,.T.);
#2644=ORIENTED_EDGE('',*,*,#2007,.T.);
#2645=ORIENTED_EDGE('',*,*,#2008,.T.);
#2646=ORIENTED_EDGE('',*,*,#2009,.T.);
#2647=ORIENTED_EDGE('',*,*,#2010,.T.);
#2648=ORIENTED_EDGE('',*,*,#2011,.T.);
#2649=ORIENTED_EDGE('',*,*,#2012,.T.);
#2650=ORIENTED_EDGE('',*,*,#2013,.T.);
#2651=ORIENTED_EDGE('',*,*,#2014,.T.);
#2652=ORIENTED_EDGE('',*,*,#2015,.T.);
#2653=ORIENTED_EDGE('',*,*,#2016,.T.);
#2654=ORIENTED_EDGE('',*,*,#2017,.T.);
#2655=ORIENTED_EDGE('',*,*,#2018,.T.);
#2656=ORIENTED_EDGE('',*,*,#2019,.T.);
#2657=ORIENTED_EDGE('',*,*,#2020,.T.);
#2658=ORIENTED_EDGE('',*,*,#2021,.T.);
#2659=ORIENTED_EDGE('',*,*,#2022,.F.);
#2660=ORIENTED_EDGE('',*,*,#2023,.F.);
#2661=ORIENTED_EDGE('',*,*,#2024,.F.);
#2662=ORIENTED_EDGE('',*,*,#2025,.F.);
#2663=ORIENTED_EDGE('',*,*,#2026,.F.);
#2664=ORIENTED_EDGE('',*,*,#2027,.F.);
#2665=ORIENTED_EDGE('',*,*,#2028,.F.);
#2666=ORIENTED_EDGE('',*,*,#2029,.F.);
#2667=ORIENTED_EDGE('',*,*,#2030,.F.);
#2668=ORIENTED_EDGE('',*,*,#2031,.F.);
#2669=ORIENTED_EDGE('',*,*,#2032,.F.);
#2670=ORIENTED_EDGE('',*,*,#2033,.F.);
#2671=ORIENTED_EDGE('',*,*,#2034,.F.);
#2672=ORIENTED_EDGE('',*,*,#2035,.F.);
#2673=ORIENTED_EDGE('',*,*,#2036,.F.);
#2674=ORIENTED_EDGE('',*,*,#2037,.F.);
#2675=ORIENTED_EDGE('',*,*,#2038,.F.);
#2676=ORIENTED_EDGE('',*,*,#2039,.F.);
#2677=ORIENTED_EDGE('',*,*,#2040,.F.);
#2678=ORIENTED_EDGE('',*,*,#2041,.F.);
#2679=ORIENTED_EDGE('',*,*,#2042,.F.);
#2680=ORIENTED_EDGE('',*,*,#2043,.F.);
#2681=ORIENTED_EDGE('',*,*,#2044,.F.);
#2682=ORIENTED_EDGE('',*,*,#2045,.F.);
#2683=ORIENTED_EDGE('',*,*,#2046,.F.);
#2684=ORIENTED_EDGE('',*,*,#2047,.F.);
#2685=ORIENTED_EDGE('',*,*,#2048,.F.);
#2686=ORIENTED_EDGE('',*,*,#2049,.F.);
#2687=ORIENTED_EDGE('',*,*,#2050,.F.);
#2688=ORIENTED_EDGE('',*,*,#2051,.F.);
#2689=ORIENTED_EDGE('',*,*,#2052,.F.);
#2690=ORIENTED_EDGE('',*,*,#2053,.F.);
#2691=ORIENTED_EDGE('',*,*,#2054,.F.);
#2692=ORIENTED_EDGE('',*,*,#2055,.F.);
#2693=ORIENTED_EDGE('',*,*,#2056,.F.);
#2694=ORIENTED_EDGE('',*,*,#2057,.F.);
#2695=ORIENTED_EDGE('',*,*,#2058,.F.);
#2696=ORIENTED_EDGE('',*,*,#2059,.F.);
#2697=ORIENTED_EDGE('',*,*,#2060,.F.);
#2698=ORIENTED_EDGE('',*,*,#2061,.F.);
#2699=ORIENTED_EDGE('',*,*,#2062,.F.);
#2700=ORIENTED_EDGE('',*,*,#2063,.F.);
#2701=ORIENTED_EDGE('',*,*,#2064,.F.);
#2702=ORIENTED_EDGE('',*,*,#2065,.F.);
#2703=ORIENTED_EDGE('',*,*,#2066,.F.);
#2704=ORIENTED_EDGE('',*,*,#2067,.F.);
#2705=ORIENTED_EDGE('',*,*,#2068,.F.);
#2706=ORIENTED_EDGE('',*,*,#2069,.F.);
#2707=ORIENTED_EDGE('',*,*,#2070,.F.);
#2708=ORIENTED_EDGE('',*,*,#2071,.F.);
#2709=ORIENTED_EDGE('',*,*,#2072,.F.);
#2710=ORIENTED_EDGE('',*,*,#2073,.F.);
#2711=ORIENTED_EDGE('',*,*,#2074,.F.);
#2712=ORIENTED_EDGE('',*,*,#2075,.F.);
#2713=ORIENTED_EDGE('',*,*,#2076,.F.);
#2714=ORIENTED_EDGE('',*,*,#2077,.F.);
#2715=ORIENTED_EDGE('',*,*,#2078,.F.);
#2716=ORIENTED_EDGE('',*,*,#2079,.F.);
#2717=ORIENTED_EDGE('',*,*,#2080,.F.);
#2718=ORIENTED_EDGE('',*,*,#2081,.F.);
#2719=ORIENTED_EDGE('',*,*,#2082,.F.);
#2720=ORIENTED_EDGE('',*,*,#2083,.F.);
#2721=ORIENTED_EDGE('',*,*,#2084,.F.);
#2722=ORIENTED_EDGE('',*,*,#2085,.F.);
#2723=ORIENTED_EDGE('',*,*,#2086,.F.);
#2724=ORIENTED_EDGE('',*,*,#2087,.F.);
#2725=ORIENTED_EDGE('',*,*,#2088,.F.);
#2726=ORIENTED_EDGE('',*,*,#2089,.F.);
#2727=ORIENTED_EDGE('',*,*,#2090,.F.);
#2728=ORIENTED_EDGE('',*,*,#2091,.F.);
#2729=ORIENTED_EDGE('',*,*,#2092,.F.);
#2730=ORIENTED_EDGE('',*,*,#2093,.F.);
#2731=ORIENTED_EDGE('',*,*,#2094,.F.);
#2732=ORIENTED_EDGE('',*,*,#2095,.F.);
#2733=ORIENTED_EDGE('',*,*,#2096,.F.);
#2734=ORIENTED_EDGE('',*,*,#2097,.F.);
#2735=ORIENTED_EDGE('',*,*,#2098,.F.);
#2736=ORIENTED_EDGE('',*,*,#2099,.F.);
#2737=ORIENTED_EDGE('',*,*,#2100,.F.);
#2738=ORIENTED_EDGE('',*,*,#2101,.F.);
#2739=ORIENTED_EDGE('',*,*,#2102,.F.);
#2740=ORIENTED_EDGE('',*,*,#2103,.F.);
#2741=ORIENTED_EDGE('',*,*,#2104,.F.);
#2742=ORIENTED_EDGE('',*,*,#2105,.F.);
#2743=ORIENTED_EDGE('',*,*,#2106,.F.);
#2744=ORIENTED_EDGE('',*,*,#2107,.F.);
#2745=ORIENTED_EDGE('',*,*,#2108,.F.);
#2746=ORIENTED_EDGE('',*,*,#2109,.F.);
#2747=ORIENTED_EDGE('',*,*,#2110,.F.);
#2748=ORIENTED_EDGE('',*,*,#2111,.F.);
#2749=ORIENTED_EDGE('',*,*,#2112,.F.);
#2750=ORIENTED_EDGE('',*,*,#2113,.F.);
#2751=ORIENTED_EDGE('',*,*,#2114,.F.);
#2752=ORIENTED_EDGE('',*,*,#2115,.F.);
#2753=ORIENTED_EDGE('',*,*,#2116,.F.);
#2754=ORIENTED_EDGE('',*,*,#2117,.F.);
#2755=ORIENTED_EDGE('',*,*,#2118,.F.);
#2756=ORIENTED_EDGE('',*,*,#2119,.F.);
#2757=ORIENTED_EDGE('',*,*,#2120,.F.);
#2758=ORIENTED_EDGE('',*,*,#2121,.F.);
#2759=ORIENTED_EDGE('',*,*,#2122,.F.);
#2760=ORIENTED_EDGE('',*,*,#2123,.F.);
#2761=ORIENTED_EDGE('',*,*,#2124,.F.);
#2762=ORIENTED_EDGE('',*,*,#2125,.F.);
#2763=ORIENTED_EDGE('',*,*,#2126,.F.);
#2764=ORIENTED_EDGE('',*,*,#2127,.F.);
#2765=ORIENTED_EDGE('',*,*,#2128,.F.);
#2766=ORIENTED_EDGE('',*,*,#2129,.T.);
#2767=ORIENTED_EDGE('',*,*,#2130,.F.);
#2768=ORIENTED_EDGE('',*,*,#2131,.T.);
#2769=ORIENTED_EDGE('',*,*,#2132,.T.);
#2770=ORIENTED_EDGE('',*,*,#2133,.T.);
#2771=ORIENTED_EDGE('',*,*,#2134,.F.);
#2772=ORIENTED_EDGE('',*,*,#2135,.T.);
#2773=ORIENTED_EDGE('',*,*,#2136,.F.);
#2774=ORIENTED_EDGE('',*,*,#2137,.T.);
#2775=ORIENTED_EDGE('',*,*,#2138,.F.);
#2776=ORIENTED_EDGE('',*,*,#2139,.T.);
#2777=ORIENTED_EDGE('',*,*,#2140,.F.);
#2778=ORIENTED_EDGE('',*,*,#2141,.T.);
#2779=ORIENTED_EDGE('',*,*,#2142,.F.);
#2780=ORIENTED_EDGE('',*,*,#2143,.T.);
#2781=ORIENTED_EDGE('',*,*,#2144,.F.);
#2782=ORIENTED_EDGE('',*,*,#2145,.T.);
#2783=ORIENTED_EDGE('',*,*,#2146,.F.);
#2784=ORIENTED_EDGE('',*,*,#2147,.T.);
#2785=ORIENTED_EDGE('',*,*,#2148,.F.);
#2786=ORIENTED_EDGE('',*,*,#2149,.T.);
#2787=ORIENTED_EDGE('',*,*,#2150,.T.);
#2788=ORIENTED_EDGE('',*,*,#2151,.T.);
#2789=ORIENTED_EDGE('',*,*,#1938,.F.);
#2790=ORIENTED_EDGE('',*,*,#2152,.F.);
#2791=ORIENTED_EDGE('',*,*,#2153,.F.);
#2792=ORIENTED_EDGE('',*,*,#1941,.F.);
#2793=ORIENTED_EDGE('',*,*,#2154,.T.);
#2794=ORIENTED_EDGE('',*,*,#2155,.T.);
#2795=ORIENTED_EDGE('',*,*,#1942,.T.);
#2796=ORIENTED_EDGE('',*,*,#2153,.T.);
#2797=ORIENTED_EDGE('',*,*,#1968,.T.);
#2798=ORIENTED_EDGE('',*,*,#2156,.T.);
#2799=ORIENTED_EDGE('',*,*,#2157,.T.);
#2800=ORIENTED_EDGE('',*,*,#2158,.T.);
#2801=ORIENTED_EDGE('',*,*,#2156,.F.);
#2802=ORIENTED_EDGE('',*,*,#1967,.F.);
#2803=ORIENTED_EDGE('',*,*,#2159,.T.);
#2804=ORIENTED_EDGE('',*,*,#2160,.F.);
#2805=ORIENTED_EDGE('',*,*,#1970,.T.);
#2806=ORIENTED_EDGE('',*,*,#2161,.T.);
#2807=ORIENTED_EDGE('',*,*,#2162,.T.);
#2808=ORIENTED_EDGE('',*,*,#2163,.T.);
#2809=ORIENTED_EDGE('',*,*,#2158,.F.);
#2810=ORIENTED_EDGE('',*,*,#2164,.F.);
#2811=ORIENTED_EDGE('',*,*,#2161,.F.);
#2812=ORIENTED_EDGE('',*,*,#1969,.F.);
#2813=ORIENTED_EDGE('',*,*,#2165,.T.);
#2814=ORIENTED_EDGE('',*,*,#2166,.T.);
#2815=ORIENTED_EDGE('',*,*,#1972,.T.);
#2816=ORIENTED_EDGE('',*,*,#2167,.T.);
#2817=ORIENTED_EDGE('',*,*,#2166,.F.);
#2818=ORIENTED_EDGE('',*,*,#2168,.F.);
#2819=ORIENTED_EDGE('',*,*,#2169,.F.);
#2820=ORIENTED_EDGE('',*,*,#1973,.F.);
#2821=ORIENTED_EDGE('',*,*,#1937,.F.);
#2822=ORIENTED_EDGE('',*,*,#2170,.T.);
#2823=ORIENTED_EDGE('',*,*,#2171,.T.);
#2824=ORIENTED_EDGE('',*,*,#2172,.T.);
#2825=ORIENTED_EDGE('',*,*,#2173,.F.);
#2826=ORIENTED_EDGE('',*,*,#2174,.T.);
#2827=ORIENTED_EDGE('',*,*,#2175,.F.);
#2828=ORIENTED_EDGE('',*,*,#2176,.T.);
#2829=ORIENTED_EDGE('',*,*,#2177,.F.);
#2830=ORIENTED_EDGE('',*,*,#2178,.T.);
#2831=ORIENTED_EDGE('',*,*,#2179,.F.);
#2832=ORIENTED_EDGE('',*,*,#2180,.T.);
#2833=ORIENTED_EDGE('',*,*,#2181,.F.);
#2834=ORIENTED_EDGE('',*,*,#2182,.T.);
#2835=ORIENTED_EDGE('',*,*,#2183,.F.);
#2836=ORIENTED_EDGE('',*,*,#2184,.T.);
#2837=ORIENTED_EDGE('',*,*,#2185,.F.);
#2838=ORIENTED_EDGE('',*,*,#2186,.T.);
#2839=ORIENTED_EDGE('',*,*,#2187,.F.);
#2840=ORIENTED_EDGE('',*,*,#2188,.T.);
#2841=ORIENTED_EDGE('',*,*,#2189,.T.);
#2842=ORIENTED_EDGE('',*,*,#2190,.T.);
#2843=ORIENTED_EDGE('',*,*,#2191,.F.);
#2844=ORIENTED_EDGE('',*,*,#2192,.T.);
#2845=ORIENTED_EDGE('',*,*,#2193,.F.);
#2846=ORIENTED_EDGE('',*,*,#2194,.T.);
#2847=ORIENTED_EDGE('',*,*,#2195,.F.);
#2848=ORIENTED_EDGE('',*,*,#2196,.F.);
#2849=ORIENTED_EDGE('',*,*,#2197,.F.);
#2850=ORIENTED_EDGE('',*,*,#2198,.F.);
#2851=ORIENTED_EDGE('',*,*,#2199,.F.);
#2852=ORIENTED_EDGE('',*,*,#2200,.F.);
#2853=ORIENTED_EDGE('',*,*,#2201,.F.);
#2854=ORIENTED_EDGE('',*,*,#2202,.F.);
#2855=ORIENTED_EDGE('',*,*,#2203,.F.);
#2856=ORIENTED_EDGE('',*,*,#2204,.F.);
#2857=ORIENTED_EDGE('',*,*,#2205,.F.);
#2858=ORIENTED_EDGE('',*,*,#2206,.F.);
#2859=ORIENTED_EDGE('',*,*,#2207,.F.);
#2860=ORIENTED_EDGE('',*,*,#2208,.F.);
#2861=ORIENTED_EDGE('',*,*,#2209,.F.);
#2862=ORIENTED_EDGE('',*,*,#2210,.F.);
#2863=ORIENTED_EDGE('',*,*,#2211,.F.);
#2864=ORIENTED_EDGE('',*,*,#2212,.F.);
#2865=ORIENTED_EDGE('',*,*,#2213,.F.);
#2866=ORIENTED_EDGE('',*,*,#2214,.F.);
#2867=ORIENTED_EDGE('',*,*,#2215,.F.);
#2868=ORIENTED_EDGE('',*,*,#2216,.F.);
#2869=ORIENTED_EDGE('',*,*,#2217,.F.);
#2870=ORIENTED_EDGE('',*,*,#2218,.F.);
#2871=ORIENTED_EDGE('',*,*,#2219,.F.);
#2872=ORIENTED_EDGE('',*,*,#2220,.F.);
#2873=ORIENTED_EDGE('',*,*,#2221,.F.);
#2874=ORIENTED_EDGE('',*,*,#2222,.F.);
#2875=ORIENTED_EDGE('',*,*,#2223,.F.);
#2876=ORIENTED_EDGE('',*,*,#2224,.F.);
#2877=ORIENTED_EDGE('',*,*,#2225,.F.);
#2878=ORIENTED_EDGE('',*,*,#2226,.F.);
#2879=ORIENTED_EDGE('',*,*,#2227,.F.);
#2880=ORIENTED_EDGE('',*,*,#2228,.F.);
#2881=ORIENTED_EDGE('',*,*,#2229,.F.);
#2882=ORIENTED_EDGE('',*,*,#2230,.F.);
#2883=ORIENTED_EDGE('',*,*,#2231,.F.);
#2884=ORIENTED_EDGE('',*,*,#2232,.F.);
#2885=ORIENTED_EDGE('',*,*,#2233,.F.);
#2886=ORIENTED_EDGE('',*,*,#2234,.F.);
#2887=ORIENTED_EDGE('',*,*,#2235,.F.);
#2888=ORIENTED_EDGE('',*,*,#2236,.F.);
#2889=ORIENTED_EDGE('',*,*,#2237,.F.);
#2890=ORIENTED_EDGE('',*,*,#2238,.F.);
#2891=ORIENTED_EDGE('',*,*,#2239,.F.);
#2892=ORIENTED_EDGE('',*,*,#2240,.F.);
#2893=ORIENTED_EDGE('',*,*,#2241,.F.);
#2894=ORIENTED_EDGE('',*,*,#2242,.F.);
#2895=ORIENTED_EDGE('',*,*,#2243,.F.);
#2896=ORIENTED_EDGE('',*,*,#2244,.F.);
#2897=ORIENTED_EDGE('',*,*,#2245,.F.);
#2898=ORIENTED_EDGE('',*,*,#2246,.F.);
#2899=ORIENTED_EDGE('',*,*,#2247,.F.);
#2900=ORIENTED_EDGE('',*,*,#2248,.F.);
#2901=ORIENTED_EDGE('',*,*,#2249,.F.);
#2902=ORIENTED_EDGE('',*,*,#2250,.F.);
#2903=ORIENTED_EDGE('',*,*,#2251,.F.);
#2904=ORIENTED_EDGE('',*,*,#2252,.F.);
#2905=ORIENTED_EDGE('',*,*,#2253,.F.);
#2906=ORIENTED_EDGE('',*,*,#2254,.F.);
#2907=ORIENTED_EDGE('',*,*,#2255,.F.);
#2908=ORIENTED_EDGE('',*,*,#2256,.F.);
#2909=ORIENTED_EDGE('',*,*,#2257,.F.);
#2910=ORIENTED_EDGE('',*,*,#2258,.F.);
#2911=ORIENTED_EDGE('',*,*,#2259,.F.);
#2912=ORIENTED_EDGE('',*,*,#2260,.F.);
#2913=ORIENTED_EDGE('',*,*,#2261,.F.);
#2914=ORIENTED_EDGE('',*,*,#2262,.F.);
#2915=ORIENTED_EDGE('',*,*,#2263,.F.);
#2916=ORIENTED_EDGE('',*,*,#2264,.F.);
#2917=ORIENTED_EDGE('',*,*,#2265,.F.);
#2918=ORIENTED_EDGE('',*,*,#2266,.F.);
#2919=ORIENTED_EDGE('',*,*,#2267,.F.);
#2920=ORIENTED_EDGE('',*,*,#2268,.F.);
#2921=ORIENTED_EDGE('',*,*,#2269,.F.);
#2922=ORIENTED_EDGE('',*,*,#2270,.F.);
#2923=ORIENTED_EDGE('',*,*,#2271,.F.);
#2924=ORIENTED_EDGE('',*,*,#2272,.F.);
#2925=ORIENTED_EDGE('',*,*,#2273,.F.);
#2926=ORIENTED_EDGE('',*,*,#2274,.F.);
#2927=ORIENTED_EDGE('',*,*,#2275,.F.);
#2928=ORIENTED_EDGE('',*,*,#2276,.F.);
#2929=ORIENTED_EDGE('',*,*,#2277,.F.);
#2930=ORIENTED_EDGE('',*,*,#2278,.F.);
#2931=ORIENTED_EDGE('',*,*,#2279,.F.);
#2932=ORIENTED_EDGE('',*,*,#2280,.F.);
#2933=ORIENTED_EDGE('',*,*,#2281,.F.);
#2934=ORIENTED_EDGE('',*,*,#2282,.F.);
#2935=ORIENTED_EDGE('',*,*,#2283,.F.);
#2936=ORIENTED_EDGE('',*,*,#2284,.F.);
#2937=ORIENTED_EDGE('',*,*,#2285,.F.);
#2938=ORIENTED_EDGE('',*,*,#2286,.F.);
#2939=ORIENTED_EDGE('',*,*,#2287,.F.);
#2940=ORIENTED_EDGE('',*,*,#2288,.F.);
#2941=ORIENTED_EDGE('',*,*,#2289,.F.);
#2942=ORIENTED_EDGE('',*,*,#2290,.F.);
#2943=ORIENTED_EDGE('',*,*,#2291,.F.);
#2944=ORIENTED_EDGE('',*,*,#2292,.F.);
#2945=ORIENTED_EDGE('',*,*,#2293,.F.);
#2946=ORIENTED_EDGE('',*,*,#2294,.F.);
#2947=ORIENTED_EDGE('',*,*,#2295,.F.);
#2948=ORIENTED_EDGE('',*,*,#2296,.F.);
#2949=ORIENTED_EDGE('',*,*,#2297,.F.);
#2950=ORIENTED_EDGE('',*,*,#2298,.F.);
#2951=ORIENTED_EDGE('',*,*,#2299,.F.);
#2952=ORIENTED_EDGE('',*,*,#2300,.F.);
#2953=ORIENTED_EDGE('',*,*,#2301,.T.);
#2954=ORIENTED_EDGE('',*,*,#2302,.T.);
#2955=ORIENTED_EDGE('',*,*,#2303,.T.);
#2956=ORIENTED_EDGE('',*,*,#2304,.T.);
#2957=ORIENTED_EDGE('',*,*,#2305,.T.);
#2958=ORIENTED_EDGE('',*,*,#2306,.T.);
#2959=ORIENTED_EDGE('',*,*,#2307,.T.);
#2960=ORIENTED_EDGE('',*,*,#2308,.T.);
#2961=ORIENTED_EDGE('',*,*,#2309,.T.);
#2962=ORIENTED_EDGE('',*,*,#2310,.T.);
#2963=ORIENTED_EDGE('',*,*,#2311,.T.);
#2964=ORIENTED_EDGE('',*,*,#2312,.T.);
#2965=ORIENTED_EDGE('',*,*,#2313,.T.);
#2966=ORIENTED_EDGE('',*,*,#2314,.T.);
#2967=ORIENTED_EDGE('',*,*,#2315,.T.);
#2968=ORIENTED_EDGE('',*,*,#2316,.T.);
#2969=ORIENTED_EDGE('',*,*,#2317,.T.);
#2970=ORIENTED_EDGE('',*,*,#2318,.T.);
#2971=ORIENTED_EDGE('',*,*,#2319,.T.);
#2972=ORIENTED_EDGE('',*,*,#2320,.T.);
#2973=ORIENTED_EDGE('',*,*,#2321,.T.);
#2974=ORIENTED_EDGE('',*,*,#2322,.T.);
#2975=ORIENTED_EDGE('',*,*,#2323,.T.);
#2976=ORIENTED_EDGE('',*,*,#2324,.T.);
#2977=ORIENTED_EDGE('',*,*,#2325,.F.);
#2978=ORIENTED_EDGE('',*,*,#2326,.T.);
#2979=ORIENTED_EDGE('',*,*,#2327,.F.);
#2980=ORIENTED_EDGE('',*,*,#2328,.T.);
#2981=ORIENTED_EDGE('',*,*,#2329,.F.);
#2982=ORIENTED_EDGE('',*,*,#2330,.T.);
#2983=ORIENTED_EDGE('',*,*,#2331,.F.);
#2984=ORIENTED_EDGE('',*,*,#2332,.T.);
#2985=ORIENTED_EDGE('',*,*,#2333,.F.);
#2986=ORIENTED_EDGE('',*,*,#2334,.T.);
#2987=ORIENTED_EDGE('',*,*,#2335,.F.);
#2988=ORIENTED_EDGE('',*,*,#2336,.T.);
#2989=ORIENTED_EDGE('',*,*,#2337,.T.);
#2990=ORIENTED_EDGE('',*,*,#2338,.T.);
#2991=ORIENTED_EDGE('',*,*,#2339,.T.);
#2992=ORIENTED_EDGE('',*,*,#2340,.T.);
#2993=ORIENTED_EDGE('',*,*,#2341,.T.);
#2994=ORIENTED_EDGE('',*,*,#2342,.T.);
#2995=ORIENTED_EDGE('',*,*,#2343,.F.);
#2996=ORIENTED_EDGE('',*,*,#2344,.T.);
#2997=ORIENTED_EDGE('',*,*,#2345,.F.);
#2998=ORIENTED_EDGE('',*,*,#2346,.T.);
#2999=ORIENTED_EDGE('',*,*,#2347,.F.);
#3000=ORIENTED_EDGE('',*,*,#2168,.T.);
#3001=ORIENTED_EDGE('',*,*,#2165,.F.);
#3002=ORIENTED_EDGE('',*,*,#2348,.T.);
#3003=ORIENTED_EDGE('',*,*,#2162,.F.);
#3004=ORIENTED_EDGE('',*,*,#2164,.T.);
#3005=ORIENTED_EDGE('',*,*,#2157,.F.);
#3006=ORIENTED_EDGE('',*,*,#2160,.T.);
#3007=ORIENTED_EDGE('',*,*,#2349,.T.);
#3008=ORIENTED_EDGE('',*,*,#2350,.T.);
#3009=ORIENTED_EDGE('',*,*,#2351,.T.);
#3010=ORIENTED_EDGE('',*,*,#2352,.T.);
#3011=ORIENTED_EDGE('',*,*,#2353,.T.);
#3012=ORIENTED_EDGE('',*,*,#2354,.T.);
#3013=ORIENTED_EDGE('',*,*,#2355,.T.);
#3014=ORIENTED_EDGE('',*,*,#2356,.T.);
#3015=ORIENTED_EDGE('',*,*,#2357,.T.);
#3016=ORIENTED_EDGE('',*,*,#2358,.T.);
#3017=ORIENTED_EDGE('',*,*,#2359,.T.);
#3018=ORIENTED_EDGE('',*,*,#2360,.T.);
#3019=ORIENTED_EDGE('',*,*,#2361,.T.);
#3020=ORIENTED_EDGE('',*,*,#2362,.T.);
#3021=ORIENTED_EDGE('',*,*,#2363,.T.);
#3022=ORIENTED_EDGE('',*,*,#2364,.T.);
#3023=ORIENTED_EDGE('',*,*,#2365,.T.);
#3024=ORIENTED_EDGE('',*,*,#2366,.T.);
#3025=ORIENTED_EDGE('',*,*,#2367,.T.);
#3026=ORIENTED_EDGE('',*,*,#2368,.T.);
#3027=ORIENTED_EDGE('',*,*,#2369,.T.);
#3028=ORIENTED_EDGE('',*,*,#2370,.T.);
#3029=ORIENTED_EDGE('',*,*,#2371,.T.);
#3030=ORIENTED_EDGE('',*,*,#2372,.T.);
#3031=ORIENTED_EDGE('',*,*,#2154,.F.);
#3032=ORIENTED_EDGE('',*,*,#2152,.T.);
#3033=ORIENTED_EDGE('',*,*,#2347,.T.);
#3034=ORIENTED_EDGE('',*,*,#2373,.T.);
#3035=ORIENTED_EDGE('',*,*,#1974,.T.);
#3036=ORIENTED_EDGE('',*,*,#2169,.T.);
#3037=ORIENTED_EDGE('',*,*,#2373,.F.);
#3038=ORIENTED_EDGE('',*,*,#2346,.F.);
#3039=ORIENTED_EDGE('',*,*,#2374,.F.);
#3040=ORIENTED_EDGE('',*,*,#1975,.F.);
#3041=ORIENTED_EDGE('',*,*,#1976,.T.);
#3042=ORIENTED_EDGE('',*,*,#2374,.T.);
#3043=ORIENTED_EDGE('',*,*,#2345,.T.);
#3044=ORIENTED_EDGE('',*,*,#2375,.T.);
#3045=ORIENTED_EDGE('',*,*,#1978,.T.);
#3046=ORIENTED_EDGE('',*,*,#2376,.T.);
#3047=ORIENTED_EDGE('',*,*,#2343,.T.);
#3048=ORIENTED_EDGE('',*,*,#2377,.T.);
#3049=ORIENTED_EDGE('',*,*,#2375,.F.);
#3050=ORIENTED_EDGE('',*,*,#2344,.F.);
#3051=ORIENTED_EDGE('',*,*,#2376,.F.);
#3052=ORIENTED_EDGE('',*,*,#1977,.F.);
#3053=ORIENTED_EDGE('',*,*,#1986,.T.);
#3054=ORIENTED_EDGE('',*,*,#2378,.T.);
#3055=ORIENTED_EDGE('',*,*,#2335,.T.);
#3056=ORIENTED_EDGE('',*,*,#2379,.T.);
#3057=ORIENTED_EDGE('',*,*,#2378,.F.);
#3058=ORIENTED_EDGE('',*,*,#1985,.F.);
#3059=ORIENTED_EDGE('',*,*,#2380,.T.);
#3060=ORIENTED_EDGE('',*,*,#2336,.F.);
#3061=ORIENTED_EDGE('',*,*,#1988,.T.);
#3062=ORIENTED_EDGE('',*,*,#2381,.T.);
#3063=ORIENTED_EDGE('',*,*,#2333,.T.);
#3064=ORIENTED_EDGE('',*,*,#2382,.T.);
#3065=ORIENTED_EDGE('',*,*,#2379,.F.);
#3066=ORIENTED_EDGE('',*,*,#2334,.F.);
#3067=ORIENTED_EDGE('',*,*,#2381,.F.);
#3068=ORIENTED_EDGE('',*,*,#1987,.F.);
#3069=ORIENTED_EDGE('',*,*,#2331,.T.);
#3070=ORIENTED_EDGE('',*,*,#2383,.T.);
#3071=ORIENTED_EDGE('',*,*,#1990,.T.);
#3072=ORIENTED_EDGE('',*,*,#2384,.T.);
#3073=ORIENTED_EDGE('',*,*,#2383,.F.);
#3074=ORIENTED_EDGE('',*,*,#2330,.F.);
#3075=ORIENTED_EDGE('',*,*,#2385,.F.);
#3076=ORIENTED_EDGE('',*,*,#1991,.F.);
#3077=ORIENTED_EDGE('',*,*,#2329,.T.);
#3078=ORIENTED_EDGE('',*,*,#2386,.T.);
#3079=ORIENTED_EDGE('',*,*,#1992,.T.);
#3080=ORIENTED_EDGE('',*,*,#2385,.T.);
#3081=ORIENTED_EDGE('',*,*,#2386,.F.);
#3082=ORIENTED_EDGE('',*,*,#2328,.F.);
#3083=ORIENTED_EDGE('',*,*,#2387,.F.);
#3084=ORIENTED_EDGE('',*,*,#1993,.F.);
#3085=ORIENTED_EDGE('',*,*,#1994,.T.);
#3086=ORIENTED_EDGE('',*,*,#2387,.T.);
#3087=ORIENTED_EDGE('',*,*,#2327,.T.);
#3088=ORIENTED_EDGE('',*,*,#2388,.T.);
#3089=ORIENTED_EDGE('',*,*,#1996,.T.);
#3090=ORIENTED_EDGE('',*,*,#2389,.T.);
#3091=ORIENTED_EDGE('',*,*,#2325,.T.);
#3092=ORIENTED_EDGE('',*,*,#2390,.T.);
#3093=ORIENTED_EDGE('',*,*,#2388,.F.);
#3094=ORIENTED_EDGE('',*,*,#2326,.F.);
#3095=ORIENTED_EDGE('',*,*,#2389,.F.);
#3096=ORIENTED_EDGE('',*,*,#1995,.F.);
#3097=ORIENTED_EDGE('',*,*,#2193,.T.);
#3098=ORIENTED_EDGE('',*,*,#2391,.T.);
#3099=ORIENTED_EDGE('',*,*,#2128,.T.);
#3100=ORIENTED_EDGE('',*,*,#2392,.T.);
#3101=ORIENTED_EDGE('',*,*,#2391,.F.);
#3102=ORIENTED_EDGE('',*,*,#2192,.F.);
#3103=ORIENTED_EDGE('',*,*,#2393,.F.);
#3104=ORIENTED_EDGE('',*,*,#2129,.F.);
#3105=ORIENTED_EDGE('',*,*,#2191,.T.);
#3106=ORIENTED_EDGE('',*,*,#2394,.T.);
#3107=ORIENTED_EDGE('',*,*,#2130,.T.);
#3108=ORIENTED_EDGE('',*,*,#2393,.T.);
#3109=ORIENTED_EDGE('',*,*,#2394,.F.);
#3110=ORIENTED_EDGE('',*,*,#2190,.F.);
#3111=ORIENTED_EDGE('',*,*,#2395,.F.);
#3112=ORIENTED_EDGE('',*,*,#2131,.F.);
#3113=ORIENTED_EDGE('',*,*,#2187,.T.);
#3114=ORIENTED_EDGE('',*,*,#2396,.T.);
#3115=ORIENTED_EDGE('',*,*,#2134,.T.);
#3116=ORIENTED_EDGE('',*,*,#2397,.T.);
#3117=ORIENTED_EDGE('',*,*,#2396,.F.);
#3118=ORIENTED_EDGE('',*,*,#2186,.F.);
#3119=ORIENTED_EDGE('',*,*,#2398,.F.);
#3120=ORIENTED_EDGE('',*,*,#2135,.F.);
#3121=ORIENTED_EDGE('',*,*,#2185,.T.);
#3122=ORIENTED_EDGE('',*,*,#2399,.T.);
#3123=ORIENTED_EDGE('',*,*,#2136,.T.);
#3124=ORIENTED_EDGE('',*,*,#2398,.T.);
#3125=ORIENTED_EDGE('',*,*,#2399,.F.);
#3126=ORIENTED_EDGE('',*,*,#2184,.F.);
#3127=ORIENTED_EDGE('',*,*,#2400,.F.);
#3128=ORIENTED_EDGE('',*,*,#2137,.F.);
#3129=ORIENTED_EDGE('',*,*,#2183,.T.);
#3130=ORIENTED_EDGE('',*,*,#2401,.T.);
#3131=ORIENTED_EDGE('',*,*,#2138,.T.);
#3132=ORIENTED_EDGE('',*,*,#2400,.T.);
#3133=ORIENTED_EDGE('',*,*,#2401,.F.);
#3134=ORIENTED_EDGE('',*,*,#2182,.F.);
#3135=ORIENTED_EDGE('',*,*,#2402,.F.);
#3136=ORIENTED_EDGE('',*,*,#2139,.F.);
#3137=ORIENTED_EDGE('',*,*,#2181,.T.);
#3138=ORIENTED_EDGE('',*,*,#2403,.T.);
#3139=ORIENTED_EDGE('',*,*,#2140,.T.);
#3140=ORIENTED_EDGE('',*,*,#2402,.T.);
#3141=ORIENTED_EDGE('',*,*,#2403,.F.);
#3142=ORIENTED_EDGE('',*,*,#2180,.F.);
#3143=ORIENTED_EDGE('',*,*,#2404,.F.);
#3144=ORIENTED_EDGE('',*,*,#2141,.F.);
#3145=ORIENTED_EDGE('',*,*,#2179,.T.);
#3146=ORIENTED_EDGE('',*,*,#2405,.T.);
#3147=ORIENTED_EDGE('',*,*,#2142,.T.);
#3148=ORIENTED_EDGE('',*,*,#2404,.T.);
#3149=ORIENTED_EDGE('',*,*,#2405,.F.);
#3150=ORIENTED_EDGE('',*,*,#2178,.F.);
#3151=ORIENTED_EDGE('',*,*,#2406,.F.);
#3152=ORIENTED_EDGE('',*,*,#2143,.F.);
#3153=ORIENTED_EDGE('',*,*,#2177,.T.);
#3154=ORIENTED_EDGE('',*,*,#2407,.T.);
#3155=ORIENTED_EDGE('',*,*,#2144,.T.);
#3156=ORIENTED_EDGE('',*,*,#2406,.T.);
#3157=ORIENTED_EDGE('',*,*,#2407,.F.);
#3158=ORIENTED_EDGE('',*,*,#2176,.F.);
#3159=ORIENTED_EDGE('',*,*,#2408,.F.);
#3160=ORIENTED_EDGE('',*,*,#2145,.F.);
#3161=ORIENTED_EDGE('',*,*,#2175,.T.);
#3162=ORIENTED_EDGE('',*,*,#2409,.T.);
#3163=ORIENTED_EDGE('',*,*,#2146,.T.);
#3164=ORIENTED_EDGE('',*,*,#2408,.T.);
#3165=ORIENTED_EDGE('',*,*,#2409,.F.);
#3166=ORIENTED_EDGE('',*,*,#2174,.F.);
#3167=ORIENTED_EDGE('',*,*,#2410,.F.);
#3168=ORIENTED_EDGE('',*,*,#2147,.F.);
#3169=ORIENTED_EDGE('',*,*,#2173,.T.);
#3170=ORIENTED_EDGE('',*,*,#2411,.T.);
#3171=ORIENTED_EDGE('',*,*,#2148,.T.);
#3172=ORIENTED_EDGE('',*,*,#2410,.T.);
#3173=ORIENTED_EDGE('',*,*,#2301,.F.);
#3174=ORIENTED_EDGE('',*,*,#2412,.F.);
#3175=ORIENTED_EDGE('',*,*,#2020,.F.);
#3176=ORIENTED_EDGE('',*,*,#2413,.T.);
#3177=ORIENTED_EDGE('',*,*,#2302,.F.);
#3178=ORIENTED_EDGE('',*,*,#2413,.F.);
#3179=ORIENTED_EDGE('',*,*,#2019,.F.);
#3180=ORIENTED_EDGE('',*,*,#2414,.T.);
#3181=ORIENTED_EDGE('',*,*,#2303,.F.);
#3182=ORIENTED_EDGE('',*,*,#2414,.F.);
#3183=ORIENTED_EDGE('',*,*,#2018,.F.);
#3184=ORIENTED_EDGE('',*,*,#2415,.T.);
#3185=ORIENTED_EDGE('',*,*,#2304,.F.);
#3186=ORIENTED_EDGE('',*,*,#2415,.F.);
#3187=ORIENTED_EDGE('',*,*,#2017,.F.);
#3188=ORIENTED_EDGE('',*,*,#2416,.T.);
#3189=ORIENTED_EDGE('',*,*,#2305,.F.);
#3190=ORIENTED_EDGE('',*,*,#2416,.F.);
#3191=ORIENTED_EDGE('',*,*,#2016,.F.);
#3192=ORIENTED_EDGE('',*,*,#2417,.T.);
#3193=ORIENTED_EDGE('',*,*,#2306,.F.);
#3194=ORIENTED_EDGE('',*,*,#2417,.F.);
#3195=ORIENTED_EDGE('',*,*,#2015,.F.);
#3196=ORIENTED_EDGE('',*,*,#2418,.T.);
#3197=ORIENTED_EDGE('',*,*,#2307,.F.);
#3198=ORIENTED_EDGE('',*,*,#2418,.F.);
#3199=ORIENTED_EDGE('',*,*,#2014,.F.);
#3200=ORIENTED_EDGE('',*,*,#2419,.T.);
#3201=ORIENTED_EDGE('',*,*,#2308,.F.);
#3202=ORIENTED_EDGE('',*,*,#2419,.F.);
#3203=ORIENTED_EDGE('',*,*,#2013,.F.);
#3204=ORIENTED_EDGE('',*,*,#2420,.T.);
#3205=ORIENTED_EDGE('',*,*,#2309,.F.);
#3206=ORIENTED_EDGE('',*,*,#2420,.F.);
#3207=ORIENTED_EDGE('',*,*,#2012,.F.);
#3208=ORIENTED_EDGE('',*,*,#2421,.T.);
#3209=ORIENTED_EDGE('',*,*,#2310,.F.);
#3210=ORIENTED_EDGE('',*,*,#2421,.F.);
#3211=ORIENTED_EDGE('',*,*,#2011,.F.);
#3212=ORIENTED_EDGE('',*,*,#2422,.T.);
#3213=ORIENTED_EDGE('',*,*,#2311,.F.);
#3214=ORIENTED_EDGE('',*,*,#2422,.F.);
#3215=ORIENTED_EDGE('',*,*,#2010,.F.);
#3216=ORIENTED_EDGE('',*,*,#2423,.T.);
#3217=ORIENTED_EDGE('',*,*,#2312,.F.);
#3218=ORIENTED_EDGE('',*,*,#2423,.F.);
#3219=ORIENTED_EDGE('',*,*,#2009,.F.);
#3220=ORIENTED_EDGE('',*,*,#2424,.T.);
#3221=ORIENTED_EDGE('',*,*,#2313,.F.);
#3222=ORIENTED_EDGE('',*,*,#2424,.F.);
#3223=ORIENTED_EDGE('',*,*,#2008,.F.);
#3224=ORIENTED_EDGE('',*,*,#2425,.T.);
#3225=ORIENTED_EDGE('',*,*,#2314,.F.);
#3226=ORIENTED_EDGE('',*,*,#2425,.F.);
#3227=ORIENTED_EDGE('',*,*,#2007,.F.);
#3228=ORIENTED_EDGE('',*,*,#2426,.T.);
#3229=ORIENTED_EDGE('',*,*,#2315,.F.);
#3230=ORIENTED_EDGE('',*,*,#2426,.F.);
#3231=ORIENTED_EDGE('',*,*,#2006,.F.);
#3232=ORIENTED_EDGE('',*,*,#2427,.T.);
#3233=ORIENTED_EDGE('',*,*,#2316,.F.);
#3234=ORIENTED_EDGE('',*,*,#2427,.F.);
#3235=ORIENTED_EDGE('',*,*,#2005,.F.);
#3236=ORIENTED_EDGE('',*,*,#2428,.T.);
#3237=ORIENTED_EDGE('',*,*,#2317,.F.);
#3238=ORIENTED_EDGE('',*,*,#2428,.F.);
#3239=ORIENTED_EDGE('',*,*,#2004,.F.);
#3240=ORIENTED_EDGE('',*,*,#2429,.T.);
#3241=ORIENTED_EDGE('',*,*,#2318,.F.);
#3242=ORIENTED_EDGE('',*,*,#2429,.F.);
#3243=ORIENTED_EDGE('',*,*,#2003,.F.);
#3244=ORIENTED_EDGE('',*,*,#2430,.T.);
#3245=ORIENTED_EDGE('',*,*,#2319,.F.);
#3246=ORIENTED_EDGE('',*,*,#2430,.F.);
#3247=ORIENTED_EDGE('',*,*,#2002,.F.);
#3248=ORIENTED_EDGE('',*,*,#2431,.T.);
#3249=ORIENTED_EDGE('',*,*,#2320,.F.);
#3250=ORIENTED_EDGE('',*,*,#2431,.F.);
#3251=ORIENTED_EDGE('',*,*,#2001,.F.);
#3252=ORIENTED_EDGE('',*,*,#2432,.T.);
#3253=ORIENTED_EDGE('',*,*,#2321,.F.);
#3254=ORIENTED_EDGE('',*,*,#2432,.F.);
#3255=ORIENTED_EDGE('',*,*,#2000,.F.);
#3256=ORIENTED_EDGE('',*,*,#2433,.T.);
#3257=ORIENTED_EDGE('',*,*,#2322,.F.);
#3258=ORIENTED_EDGE('',*,*,#2433,.F.);
#3259=ORIENTED_EDGE('',*,*,#1999,.F.);
#3260=ORIENTED_EDGE('',*,*,#2434,.T.);
#3261=ORIENTED_EDGE('',*,*,#2323,.F.);
#3262=ORIENTED_EDGE('',*,*,#2434,.F.);
#3263=ORIENTED_EDGE('',*,*,#1998,.F.);
#3264=ORIENTED_EDGE('',*,*,#2435,.T.);
#3265=ORIENTED_EDGE('',*,*,#2390,.F.);
#3266=ORIENTED_EDGE('',*,*,#2324,.F.);
#3267=ORIENTED_EDGE('',*,*,#2435,.F.);
#3268=ORIENTED_EDGE('',*,*,#1997,.F.);
#3269=ORIENTED_EDGE('',*,*,#2382,.F.);
#3270=ORIENTED_EDGE('',*,*,#2332,.F.);
#3271=ORIENTED_EDGE('',*,*,#2384,.F.);
#3272=ORIENTED_EDGE('',*,*,#1989,.F.);
#3273=ORIENTED_EDGE('',*,*,#2337,.F.);
#3274=ORIENTED_EDGE('',*,*,#2380,.F.);
#3275=ORIENTED_EDGE('',*,*,#1984,.F.);
#3276=ORIENTED_EDGE('',*,*,#2436,.T.);
#3277=ORIENTED_EDGE('',*,*,#2338,.F.);
#3278=ORIENTED_EDGE('',*,*,#2436,.F.);
#3279=ORIENTED_EDGE('',*,*,#1983,.F.);
#3280=ORIENTED_EDGE('',*,*,#2437,.T.);
#3281=ORIENTED_EDGE('',*,*,#2339,.F.);
#3282=ORIENTED_EDGE('',*,*,#2437,.F.);
#3283=ORIENTED_EDGE('',*,*,#1982,.F.);
#3284=ORIENTED_EDGE('',*,*,#2438,.T.);
#3285=ORIENTED_EDGE('',*,*,#2340,.F.);
#3286=ORIENTED_EDGE('',*,*,#2438,.F.);
#3287=ORIENTED_EDGE('',*,*,#1981,.F.);
#3288=ORIENTED_EDGE('',*,*,#2439,.T.);
#3289=ORIENTED_EDGE('',*,*,#2341,.F.);
#3290=ORIENTED_EDGE('',*,*,#2439,.F.);
#3291=ORIENTED_EDGE('',*,*,#1980,.F.);
#3292=ORIENTED_EDGE('',*,*,#2440,.T.);
#3293=ORIENTED_EDGE('',*,*,#2377,.F.);
#3294=ORIENTED_EDGE('',*,*,#2342,.F.);
#3295=ORIENTED_EDGE('',*,*,#2440,.F.);
#3296=ORIENTED_EDGE('',*,*,#1979,.F.);
#3297=ORIENTED_EDGE('',*,*,#2163,.F.);
#3298=ORIENTED_EDGE('',*,*,#2348,.F.);
#3299=ORIENTED_EDGE('',*,*,#2167,.F.);
#3300=ORIENTED_EDGE('',*,*,#1971,.F.);
#3301=ORIENTED_EDGE('',*,*,#2349,.F.);
#3302=ORIENTED_EDGE('',*,*,#2159,.F.);
#3303=ORIENTED_EDGE('',*,*,#1966,.F.);
#3304=ORIENTED_EDGE('',*,*,#2441,.T.);
#3305=ORIENTED_EDGE('',*,*,#2350,.F.);
#3306=ORIENTED_EDGE('',*,*,#2441,.F.);
#3307=ORIENTED_EDGE('',*,*,#1965,.F.);
#3308=ORIENTED_EDGE('',*,*,#2442,.T.);
#3309=ORIENTED_EDGE('',*,*,#2351,.F.);
#3310=ORIENTED_EDGE('',*,*,#2442,.F.);
#3311=ORIENTED_EDGE('',*,*,#1964,.F.);
#3312=ORIENTED_EDGE('',*,*,#2443,.T.);
#3313=ORIENTED_EDGE('',*,*,#2352,.F.);
#3314=ORIENTED_EDGE('',*,*,#2443,.F.);
#3315=ORIENTED_EDGE('',*,*,#1963,.F.);
#3316=ORIENTED_EDGE('',*,*,#2444,.T.);
#3317=ORIENTED_EDGE('',*,*,#2353,.F.);
#3318=ORIENTED_EDGE('',*,*,#2444,.F.);
#3319=ORIENTED_EDGE('',*,*,#1962,.F.);
#3320=ORIENTED_EDGE('',*,*,#2445,.T.);
#3321=ORIENTED_EDGE('',*,*,#2354,.F.);
#3322=ORIENTED_EDGE('',*,*,#2445,.F.);
#3323=ORIENTED_EDGE('',*,*,#1961,.F.);
#3324=ORIENTED_EDGE('',*,*,#2446,.T.);
#3325=ORIENTED_EDGE('',*,*,#2355,.F.);
#3326=ORIENTED_EDGE('',*,*,#2446,.F.);
#3327=ORIENTED_EDGE('',*,*,#1960,.F.);
#3328=ORIENTED_EDGE('',*,*,#2447,.T.);
#3329=ORIENTED_EDGE('',*,*,#2356,.F.);
#3330=ORIENTED_EDGE('',*,*,#2447,.F.);
#3331=ORIENTED_EDGE('',*,*,#1959,.F.);
#3332=ORIENTED_EDGE('',*,*,#2448,.T.);
#3333=ORIENTED_EDGE('',*,*,#2357,.F.);
#3334=ORIENTED_EDGE('',*,*,#2448,.F.);
#3335=ORIENTED_EDGE('',*,*,#1958,.F.);
#3336=ORIENTED_EDGE('',*,*,#2449,.T.);
#3337=ORIENTED_EDGE('',*,*,#2358,.F.);
#3338=ORIENTED_EDGE('',*,*,#2449,.F.);
#3339=ORIENTED_EDGE('',*,*,#1957,.F.);
#3340=ORIENTED_EDGE('',*,*,#2450,.T.);
#3341=ORIENTED_EDGE('',*,*,#2359,.F.);
#3342=ORIENTED_EDGE('',*,*,#2450,.F.);
#3343=ORIENTED_EDGE('',*,*,#1956,.F.);
#3344=ORIENTED_EDGE('',*,*,#2451,.T.);
#3345=ORIENTED_EDGE('',*,*,#2360,.F.);
#3346=ORIENTED_EDGE('',*,*,#2451,.F.);
#3347=ORIENTED_EDGE('',*,*,#1955,.F.);
#3348=ORIENTED_EDGE('',*,*,#2452,.T.);
#3349=ORIENTED_EDGE('',*,*,#2361,.F.);
#3350=ORIENTED_EDGE('',*,*,#2452,.F.);
#3351=ORIENTED_EDGE('',*,*,#1954,.F.);
#3352=ORIENTED_EDGE('',*,*,#2453,.T.);
#3353=ORIENTED_EDGE('',*,*,#2362,.F.);
#3354=ORIENTED_EDGE('',*,*,#2453,.F.);
#3355=ORIENTED_EDGE('',*,*,#1953,.F.);
#3356=ORIENTED_EDGE('',*,*,#2454,.T.);
#3357=ORIENTED_EDGE('',*,*,#2363,.F.);
#3358=ORIENTED_EDGE('',*,*,#2454,.F.);
#3359=ORIENTED_EDGE('',*,*,#1952,.F.);
#3360=ORIENTED_EDGE('',*,*,#2455,.T.);
#3361=ORIENTED_EDGE('',*,*,#2364,.F.);
#3362=ORIENTED_EDGE('',*,*,#2455,.F.);
#3363=ORIENTED_EDGE('',*,*,#1951,.F.);
#3364=ORIENTED_EDGE('',*,*,#2456,.T.);
#3365=ORIENTED_EDGE('',*,*,#2365,.F.);
#3366=ORIENTED_EDGE('',*,*,#2456,.F.);
#3367=ORIENTED_EDGE('',*,*,#1950,.F.);
#3368=ORIENTED_EDGE('',*,*,#2457,.T.);
#3369=ORIENTED_EDGE('',*,*,#2366,.F.);
#3370=ORIENTED_EDGE('',*,*,#2457,.F.);
#3371=ORIENTED_EDGE('',*,*,#1949,.F.);
#3372=ORIENTED_EDGE('',*,*,#2458,.T.);
#3373=ORIENTED_EDGE('',*,*,#2367,.F.);
#3374=ORIENTED_EDGE('',*,*,#2458,.F.);
#3375=ORIENTED_EDGE('',*,*,#1948,.F.);
#3376=ORIENTED_EDGE('',*,*,#2459,.T.);
#3377=ORIENTED_EDGE('',*,*,#2368,.F.);
#3378=ORIENTED_EDGE('',*,*,#2459,.F.);
#3379=ORIENTED_EDGE('',*,*,#1947,.F.);
#3380=ORIENTED_EDGE('',*,*,#2460,.T.);
#3381=ORIENTED_EDGE('',*,*,#2369,.F.);
#3382=ORIENTED_EDGE('',*,*,#2460,.F.);
#3383=ORIENTED_EDGE('',*,*,#1946,.F.);
#3384=ORIENTED_EDGE('',*,*,#2461,.T.);
#3385=ORIENTED_EDGE('',*,*,#2370,.F.);
#3386=ORIENTED_EDGE('',*,*,#2461,.F.);
#3387=ORIENTED_EDGE('',*,*,#1945,.F.);
#3388=ORIENTED_EDGE('',*,*,#2462,.T.);
#3389=ORIENTED_EDGE('',*,*,#2371,.F.);
#3390=ORIENTED_EDGE('',*,*,#2462,.F.);
#3391=ORIENTED_EDGE('',*,*,#1944,.F.);
#3392=ORIENTED_EDGE('',*,*,#2463,.T.);
#3393=ORIENTED_EDGE('',*,*,#2155,.F.);
#3394=ORIENTED_EDGE('',*,*,#2372,.F.);
#3395=ORIENTED_EDGE('',*,*,#2463,.F.);
#3396=ORIENTED_EDGE('',*,*,#1943,.F.);
#3397=ORIENTED_EDGE('',*,*,#1940,.F.);
#3398=ORIENTED_EDGE('',*,*,#2151,.F.);
#3399=ORIENTED_EDGE('',*,*,#2464,.T.);
#3400=ORIENTED_EDGE('',*,*,#2170,.F.);
#3401=ORIENTED_EDGE('',*,*,#2171,.F.);
#3402=ORIENTED_EDGE('',*,*,#2464,.F.);
#3403=ORIENTED_EDGE('',*,*,#2150,.F.);
#3404=ORIENTED_EDGE('',*,*,#2465,.T.);
#3405=ORIENTED_EDGE('',*,*,#2411,.F.);
#3406=ORIENTED_EDGE('',*,*,#2172,.F.);
#3407=ORIENTED_EDGE('',*,*,#2465,.F.);
#3408=ORIENTED_EDGE('',*,*,#2149,.F.);
#3409=ORIENTED_EDGE('',*,*,#2397,.F.);
#3410=ORIENTED_EDGE('',*,*,#2133,.F.);
#3411=ORIENTED_EDGE('',*,*,#2466,.T.);
#3412=ORIENTED_EDGE('',*,*,#2188,.F.);
#3413=ORIENTED_EDGE('',*,*,#2189,.F.);
#3414=ORIENTED_EDGE('',*,*,#2466,.F.);
#3415=ORIENTED_EDGE('',*,*,#2132,.F.);
#3416=ORIENTED_EDGE('',*,*,#2395,.T.);
#3417=ORIENTED_EDGE('',*,*,#2219,.T.);
#3418=ORIENTED_EDGE('',*,*,#2467,.T.);
#3419=ORIENTED_EDGE('',*,*,#2102,.T.);
#3420=ORIENTED_EDGE('',*,*,#2468,.T.);
#3421=ORIENTED_EDGE('',*,*,#2468,.F.);
#3422=ORIENTED_EDGE('',*,*,#2101,.T.);
#3423=ORIENTED_EDGE('',*,*,#2469,.F.);
#3424=ORIENTED_EDGE('',*,*,#2220,.T.);
#3425=ORIENTED_EDGE('',*,*,#2221,.T.);
#3426=ORIENTED_EDGE('',*,*,#2469,.T.);
#3427=ORIENTED_EDGE('',*,*,#2100,.T.);
#3428=ORIENTED_EDGE('',*,*,#2470,.T.);
#3429=ORIENTED_EDGE('',*,*,#2470,.F.);
#3430=ORIENTED_EDGE('',*,*,#2099,.T.);
#3431=ORIENTED_EDGE('',*,*,#2471,.T.);
#3432=ORIENTED_EDGE('',*,*,#2222,.T.);
#3433=ORIENTED_EDGE('',*,*,#2074,.T.);
#3434=ORIENTED_EDGE('',*,*,#2472,.T.);
#3435=ORIENTED_EDGE('',*,*,#2247,.T.);
#3436=ORIENTED_EDGE('',*,*,#2473,.T.);
#3437=ORIENTED_EDGE('',*,*,#2472,.F.);
#3438=ORIENTED_EDGE('',*,*,#2073,.T.);
#3439=ORIENTED_EDGE('',*,*,#2474,.F.);
#3440=ORIENTED_EDGE('',*,*,#2248,.T.);
#3441=ORIENTED_EDGE('',*,*,#2072,.T.);
#3442=ORIENTED_EDGE('',*,*,#2475,.T.);
#3443=ORIENTED_EDGE('',*,*,#2249,.T.);
#3444=ORIENTED_EDGE('',*,*,#2474,.T.);
#3445=ORIENTED_EDGE('',*,*,#2475,.F.);
#3446=ORIENTED_EDGE('',*,*,#2071,.T.);
#3447=ORIENTED_EDGE('',*,*,#2476,.F.);
#3448=ORIENTED_EDGE('',*,*,#2250,.T.);
#3449=ORIENTED_EDGE('',*,*,#2251,.T.);
#3450=ORIENTED_EDGE('',*,*,#2476,.T.);
#3451=ORIENTED_EDGE('',*,*,#2070,.T.);
#3452=ORIENTED_EDGE('',*,*,#2477,.T.);
#3453=ORIENTED_EDGE('',*,*,#2477,.F.);
#3454=ORIENTED_EDGE('',*,*,#2069,.T.);
#3455=ORIENTED_EDGE('',*,*,#2478,.F.);
#3456=ORIENTED_EDGE('',*,*,#2252,.T.);
#3457=ORIENTED_EDGE('',*,*,#2253,.T.);
#3458=ORIENTED_EDGE('',*,*,#2478,.T.);
#3459=ORIENTED_EDGE('',*,*,#2068,.T.);
#3460=ORIENTED_EDGE('',*,*,#2479,.T.);
#3461=ORIENTED_EDGE('',*,*,#2479,.F.);
#3462=ORIENTED_EDGE('',*,*,#2067,.T.);
#3463=ORIENTED_EDGE('',*,*,#2480,.F.);
#3464=ORIENTED_EDGE('',*,*,#2254,.T.);
#3465=ORIENTED_EDGE('',*,*,#2066,.T.);
#3466=ORIENTED_EDGE('',*,*,#2481,.T.);
#3467=ORIENTED_EDGE('',*,*,#2255,.T.);
#3468=ORIENTED_EDGE('',*,*,#2480,.T.);
#3469=ORIENTED_EDGE('',*,*,#2481,.F.);
#3470=ORIENTED_EDGE('',*,*,#2065,.T.);
#3471=ORIENTED_EDGE('',*,*,#2482,.F.);
#3472=ORIENTED_EDGE('',*,*,#2256,.T.);
#3473=ORIENTED_EDGE('',*,*,#2064,.T.);
#3474=ORIENTED_EDGE('',*,*,#2483,.T.);
#3475=ORIENTED_EDGE('',*,*,#2257,.T.);
#3476=ORIENTED_EDGE('',*,*,#2482,.T.);
#3477=ORIENTED_EDGE('',*,*,#2483,.F.);
#3478=ORIENTED_EDGE('',*,*,#2063,.T.);
#3479=ORIENTED_EDGE('',*,*,#2484,.T.);
#3480=ORIENTED_EDGE('',*,*,#2258,.T.);
#3481=ORIENTED_EDGE('',*,*,#2056,.T.);
#3482=ORIENTED_EDGE('',*,*,#2485,.T.);
#3483=ORIENTED_EDGE('',*,*,#2265,.T.);
#3484=ORIENTED_EDGE('',*,*,#2486,.T.);
#3485=ORIENTED_EDGE('',*,*,#2485,.F.);
#3486=ORIENTED_EDGE('',*,*,#2055,.T.);
#3487=ORIENTED_EDGE('',*,*,#2487,.F.);
#3488=ORIENTED_EDGE('',*,*,#2266,.T.);
#3489=ORIENTED_EDGE('',*,*,#2054,.T.);
#3490=ORIENTED_EDGE('',*,*,#2488,.T.);
#3491=ORIENTED_EDGE('',*,*,#2267,.T.);
#3492=ORIENTED_EDGE('',*,*,#2487,.T.);
#3493=ORIENTED_EDGE('',*,*,#2488,.F.);
#3494=ORIENTED_EDGE('',*,*,#2053,.T.);
#3495=ORIENTED_EDGE('',*,*,#2489,.F.);
#3496=ORIENTED_EDGE('',*,*,#2268,.T.);
#3497=ORIENTED_EDGE('',*,*,#2269,.T.);
#3498=ORIENTED_EDGE('',*,*,#2489,.T.);
#3499=ORIENTED_EDGE('',*,*,#2052,.T.);
#3500=ORIENTED_EDGE('',*,*,#2490,.T.);
#3501=ORIENTED_EDGE('',*,*,#2490,.F.);
#3502=ORIENTED_EDGE('',*,*,#2051,.T.);
#3503=ORIENTED_EDGE('',*,*,#2491,.F.);
#3504=ORIENTED_EDGE('',*,*,#2270,.T.);
#3505=ORIENTED_EDGE('',*,*,#2271,.T.);
#3506=ORIENTED_EDGE('',*,*,#2491,.T.);
#3507=ORIENTED_EDGE('',*,*,#2050,.T.);
#3508=ORIENTED_EDGE('',*,*,#2492,.T.);
#3509=ORIENTED_EDGE('',*,*,#2492,.F.);
#3510=ORIENTED_EDGE('',*,*,#2049,.T.);
#3511=ORIENTED_EDGE('',*,*,#2493,.F.);
#3512=ORIENTED_EDGE('',*,*,#2272,.T.);
#3513=ORIENTED_EDGE('',*,*,#2048,.T.);
#3514=ORIENTED_EDGE('',*,*,#2494,.T.);
#3515=ORIENTED_EDGE('',*,*,#2273,.T.);
#3516=ORIENTED_EDGE('',*,*,#2493,.T.);
#3517=ORIENTED_EDGE('',*,*,#2494,.F.);
#3518=ORIENTED_EDGE('',*,*,#2047,.T.);
#3519=ORIENTED_EDGE('',*,*,#2495,.F.);
#3520=ORIENTED_EDGE('',*,*,#2274,.T.);
#3521=ORIENTED_EDGE('',*,*,#2046,.T.);
#3522=ORIENTED_EDGE('',*,*,#2496,.T.);
#3523=ORIENTED_EDGE('',*,*,#2275,.T.);
#3524=ORIENTED_EDGE('',*,*,#2495,.T.);
#3525=ORIENTED_EDGE('',*,*,#2496,.F.);
#3526=ORIENTED_EDGE('',*,*,#2045,.T.);
#3527=ORIENTED_EDGE('',*,*,#2497,.T.);
#3528=ORIENTED_EDGE('',*,*,#2276,.T.);
#3529=ORIENTED_EDGE('',*,*,#2195,.T.);
#3530=ORIENTED_EDGE('',*,*,#2498,.T.);
#3531=ORIENTED_EDGE('',*,*,#2126,.T.);
#3532=ORIENTED_EDGE('',*,*,#2499,.T.);
#3533=ORIENTED_EDGE('',*,*,#2499,.F.);
#3534=ORIENTED_EDGE('',*,*,#2125,.T.);
#3535=ORIENTED_EDGE('',*,*,#2500,.F.);
#3536=ORIENTED_EDGE('',*,*,#2196,.T.);
#3537=ORIENTED_EDGE('',*,*,#2197,.T.);
#3538=ORIENTED_EDGE('',*,*,#2500,.T.);
#3539=ORIENTED_EDGE('',*,*,#2124,.T.);
#3540=ORIENTED_EDGE('',*,*,#2501,.T.);
#3541=ORIENTED_EDGE('',*,*,#2501,.F.);
#3542=ORIENTED_EDGE('',*,*,#2123,.T.);
#3543=ORIENTED_EDGE('',*,*,#2502,.T.);
#3544=ORIENTED_EDGE('',*,*,#2198,.T.);
#3545=ORIENTED_EDGE('',*,*,#2201,.T.);
#3546=ORIENTED_EDGE('',*,*,#2503,.T.);
#3547=ORIENTED_EDGE('',*,*,#2120,.T.);
#3548=ORIENTED_EDGE('',*,*,#2504,.T.);
#3549=ORIENTED_EDGE('',*,*,#2504,.F.);
#3550=ORIENTED_EDGE('',*,*,#2119,.T.);
#3551=ORIENTED_EDGE('',*,*,#2505,.F.);
#3552=ORIENTED_EDGE('',*,*,#2202,.T.);
#3553=ORIENTED_EDGE('',*,*,#2203,.T.);
#3554=ORIENTED_EDGE('',*,*,#2505,.T.);
#3555=ORIENTED_EDGE('',*,*,#2118,.T.);
#3556=ORIENTED_EDGE('',*,*,#2506,.T.);
#3557=ORIENTED_EDGE('',*,*,#2506,.F.);
#3558=ORIENTED_EDGE('',*,*,#2117,.T.);
#3559=ORIENTED_EDGE('',*,*,#2507,.F.);
#3560=ORIENTED_EDGE('',*,*,#2204,.T.);
#3561=ORIENTED_EDGE('',*,*,#2205,.T.);
#3562=ORIENTED_EDGE('',*,*,#2507,.T.);
#3563=ORIENTED_EDGE('',*,*,#2116,.T.);
#3564=ORIENTED_EDGE('',*,*,#2508,.T.);
#3565=ORIENTED_EDGE('',*,*,#2508,.F.);
#3566=ORIENTED_EDGE('',*,*,#2115,.T.);
#3567=ORIENTED_EDGE('',*,*,#2509,.F.);
#3568=ORIENTED_EDGE('',*,*,#2206,.T.);
#3569=ORIENTED_EDGE('',*,*,#2207,.T.);
#3570=ORIENTED_EDGE('',*,*,#2509,.T.);
#3571=ORIENTED_EDGE('',*,*,#2114,.T.);
#3572=ORIENTED_EDGE('',*,*,#2510,.T.);
#3573=ORIENTED_EDGE('',*,*,#2510,.F.);
#3574=ORIENTED_EDGE('',*,*,#2113,.T.);
#3575=ORIENTED_EDGE('',*,*,#2511,.F.);
#3576=ORIENTED_EDGE('',*,*,#2208,.T.);
#3577=ORIENTED_EDGE('',*,*,#2209,.T.);
#3578=ORIENTED_EDGE('',*,*,#2511,.T.);
#3579=ORIENTED_EDGE('',*,*,#2112,.T.);
#3580=ORIENTED_EDGE('',*,*,#2512,.T.);
#3581=ORIENTED_EDGE('',*,*,#2512,.F.);
#3582=ORIENTED_EDGE('',*,*,#2111,.T.);
#3583=ORIENTED_EDGE('',*,*,#2513,.F.);
#3584=ORIENTED_EDGE('',*,*,#2210,.T.);
#3585=ORIENTED_EDGE('',*,*,#2211,.T.);
#3586=ORIENTED_EDGE('',*,*,#2513,.T.);
#3587=ORIENTED_EDGE('',*,*,#2110,.T.);
#3588=ORIENTED_EDGE('',*,*,#2514,.T.);
#3589=ORIENTED_EDGE('',*,*,#2514,.F.);
#3590=ORIENTED_EDGE('',*,*,#2109,.T.);
#3591=ORIENTED_EDGE('',*,*,#2515,.F.);
#3592=ORIENTED_EDGE('',*,*,#2212,.T.);
#3593=ORIENTED_EDGE('',*,*,#2213,.T.);
#3594=ORIENTED_EDGE('',*,*,#2515,.T.);
#3595=ORIENTED_EDGE('',*,*,#2108,.T.);
#3596=ORIENTED_EDGE('',*,*,#2516,.T.);
#3597=ORIENTED_EDGE('',*,*,#2516,.F.);
#3598=ORIENTED_EDGE('',*,*,#2107,.T.);
#3599=ORIENTED_EDGE('',*,*,#2517,.F.);
#3600=ORIENTED_EDGE('',*,*,#2214,.T.);
#3601=ORIENTED_EDGE('',*,*,#2215,.T.);
#3602=ORIENTED_EDGE('',*,*,#2517,.T.);
#3603=ORIENTED_EDGE('',*,*,#2106,.T.);
#3604=ORIENTED_EDGE('',*,*,#2518,.T.);
#3605=ORIENTED_EDGE('',*,*,#2518,.F.);
#3606=ORIENTED_EDGE('',*,*,#2105,.T.);
#3607=ORIENTED_EDGE('',*,*,#2519,.T.);
#3608=ORIENTED_EDGE('',*,*,#2216,.T.);
#3609=ORIENTED_EDGE('',*,*,#2300,.T.);
#3610=ORIENTED_EDGE('',*,*,#2520,.F.);
#3611=ORIENTED_EDGE('',*,*,#2021,.F.);
#3612=ORIENTED_EDGE('',*,*,#2412,.T.);
#3613=ORIENTED_EDGE('',*,*,#2299,.T.);
#3614=ORIENTED_EDGE('',*,*,#2521,.F.);
#3615=ORIENTED_EDGE('',*,*,#2022,.T.);
#3616=ORIENTED_EDGE('',*,*,#2520,.T.);
#3617=ORIENTED_EDGE('',*,*,#2298,.T.);
#3618=ORIENTED_EDGE('',*,*,#2522,.F.);
#3619=ORIENTED_EDGE('',*,*,#2023,.T.);
#3620=ORIENTED_EDGE('',*,*,#2521,.T.);
#3621=ORIENTED_EDGE('',*,*,#2297,.T.);
#3622=ORIENTED_EDGE('',*,*,#2523,.F.);
#3623=ORIENTED_EDGE('',*,*,#2024,.T.);
#3624=ORIENTED_EDGE('',*,*,#2522,.T.);
#3625=ORIENTED_EDGE('',*,*,#2296,.T.);
#3626=ORIENTED_EDGE('',*,*,#2524,.F.);
#3627=ORIENTED_EDGE('',*,*,#2025,.T.);
#3628=ORIENTED_EDGE('',*,*,#2523,.T.);
#3629=ORIENTED_EDGE('',*,*,#2295,.T.);
#3630=ORIENTED_EDGE('',*,*,#2525,.F.);
#3631=ORIENTED_EDGE('',*,*,#2026,.T.);
#3632=ORIENTED_EDGE('',*,*,#2524,.T.);
#3633=ORIENTED_EDGE('',*,*,#2294,.T.);
#3634=ORIENTED_EDGE('',*,*,#2526,.F.);
#3635=ORIENTED_EDGE('',*,*,#2027,.T.);
#3636=ORIENTED_EDGE('',*,*,#2525,.T.);
#3637=ORIENTED_EDGE('',*,*,#2293,.T.);
#3638=ORIENTED_EDGE('',*,*,#2527,.F.);
#3639=ORIENTED_EDGE('',*,*,#2028,.T.);
#3640=ORIENTED_EDGE('',*,*,#2526,.T.);
#3641=ORIENTED_EDGE('',*,*,#2292,.T.);
#3642=ORIENTED_EDGE('',*,*,#2528,.F.);
#3643=ORIENTED_EDGE('',*,*,#2029,.T.);
#3644=ORIENTED_EDGE('',*,*,#2527,.T.);
#3645=ORIENTED_EDGE('',*,*,#2291,.T.);
#3646=ORIENTED_EDGE('',*,*,#2529,.F.);
#3647=ORIENTED_EDGE('',*,*,#2030,.T.);
#3648=ORIENTED_EDGE('',*,*,#2528,.T.);
#3649=ORIENTED_EDGE('',*,*,#2290,.T.);
#3650=ORIENTED_EDGE('',*,*,#2530,.F.);
#3651=ORIENTED_EDGE('',*,*,#2031,.T.);
#3652=ORIENTED_EDGE('',*,*,#2529,.T.);
#3653=ORIENTED_EDGE('',*,*,#2289,.T.);
#3654=ORIENTED_EDGE('',*,*,#2531,.F.);
#3655=ORIENTED_EDGE('',*,*,#2032,.T.);
#3656=ORIENTED_EDGE('',*,*,#2530,.T.);
#3657=ORIENTED_EDGE('',*,*,#2288,.T.);
#3658=ORIENTED_EDGE('',*,*,#2532,.F.);
#3659=ORIENTED_EDGE('',*,*,#2033,.T.);
#3660=ORIENTED_EDGE('',*,*,#2531,.T.);
#3661=ORIENTED_EDGE('',*,*,#2287,.T.);
#3662=ORIENTED_EDGE('',*,*,#2533,.F.);
#3663=ORIENTED_EDGE('',*,*,#2034,.T.);
#3664=ORIENTED_EDGE('',*,*,#2532,.T.);
#3665=ORIENTED_EDGE('',*,*,#2286,.T.);
#3666=ORIENTED_EDGE('',*,*,#2534,.F.);
#3667=ORIENTED_EDGE('',*,*,#2035,.T.);
#3668=ORIENTED_EDGE('',*,*,#2533,.T.);
#3669=ORIENTED_EDGE('',*,*,#2285,.T.);
#3670=ORIENTED_EDGE('',*,*,#2535,.F.);
#3671=ORIENTED_EDGE('',*,*,#2036,.T.);
#3672=ORIENTED_EDGE('',*,*,#2534,.T.);
#3673=ORIENTED_EDGE('',*,*,#2284,.T.);
#3674=ORIENTED_EDGE('',*,*,#2536,.F.);
#3675=ORIENTED_EDGE('',*,*,#2037,.T.);
#3676=ORIENTED_EDGE('',*,*,#2535,.T.);
#3677=ORIENTED_EDGE('',*,*,#2283,.T.);
#3678=ORIENTED_EDGE('',*,*,#2537,.F.);
#3679=ORIENTED_EDGE('',*,*,#2038,.T.);
#3680=ORIENTED_EDGE('',*,*,#2536,.T.);
#3681=ORIENTED_EDGE('',*,*,#2282,.T.);
#3682=ORIENTED_EDGE('',*,*,#2538,.F.);
#3683=ORIENTED_EDGE('',*,*,#2039,.T.);
#3684=ORIENTED_EDGE('',*,*,#2537,.T.);
#3685=ORIENTED_EDGE('',*,*,#2281,.T.);
#3686=ORIENTED_EDGE('',*,*,#2539,.F.);
#3687=ORIENTED_EDGE('',*,*,#2040,.T.);
#3688=ORIENTED_EDGE('',*,*,#2538,.T.);
#3689=ORIENTED_EDGE('',*,*,#2280,.T.);
#3690=ORIENTED_EDGE('',*,*,#2540,.F.);
#3691=ORIENTED_EDGE('',*,*,#2041,.T.);
#3692=ORIENTED_EDGE('',*,*,#2539,.T.);
#3693=ORIENTED_EDGE('',*,*,#2279,.T.);
#3694=ORIENTED_EDGE('',*,*,#2541,.F.);
#3695=ORIENTED_EDGE('',*,*,#2042,.T.);
#3696=ORIENTED_EDGE('',*,*,#2540,.T.);
#3697=ORIENTED_EDGE('',*,*,#2278,.T.);
#3698=ORIENTED_EDGE('',*,*,#2542,.F.);
#3699=ORIENTED_EDGE('',*,*,#2043,.T.);
#3700=ORIENTED_EDGE('',*,*,#2541,.T.);
#3701=ORIENTED_EDGE('',*,*,#2277,.T.);
#3702=ORIENTED_EDGE('',*,*,#2497,.F.);
#3703=ORIENTED_EDGE('',*,*,#2044,.T.);
#3704=ORIENTED_EDGE('',*,*,#2542,.T.);
#3705=ORIENTED_EDGE('',*,*,#2486,.F.);
#3706=ORIENTED_EDGE('',*,*,#2264,.T.);
#3707=ORIENTED_EDGE('',*,*,#2543,.F.);
#3708=ORIENTED_EDGE('',*,*,#2057,.T.);
#3709=ORIENTED_EDGE('',*,*,#2263,.T.);
#3710=ORIENTED_EDGE('',*,*,#2544,.F.);
#3711=ORIENTED_EDGE('',*,*,#2058,.T.);
#3712=ORIENTED_EDGE('',*,*,#2543,.T.);
#3713=ORIENTED_EDGE('',*,*,#2262,.T.);
#3714=ORIENTED_EDGE('',*,*,#2545,.F.);
#3715=ORIENTED_EDGE('',*,*,#2059,.T.);
#3716=ORIENTED_EDGE('',*,*,#2544,.T.);
#3717=ORIENTED_EDGE('',*,*,#2261,.T.);
#3718=ORIENTED_EDGE('',*,*,#2546,.F.);
#3719=ORIENTED_EDGE('',*,*,#2060,.T.);
#3720=ORIENTED_EDGE('',*,*,#2545,.T.);
#3721=ORIENTED_EDGE('',*,*,#2260,.T.);
#3722=ORIENTED_EDGE('',*,*,#2547,.F.);
#3723=ORIENTED_EDGE('',*,*,#2061,.T.);
#3724=ORIENTED_EDGE('',*,*,#2546,.T.);
#3725=ORIENTED_EDGE('',*,*,#2259,.T.);
#3726=ORIENTED_EDGE('',*,*,#2484,.F.);
#3727=ORIENTED_EDGE('',*,*,#2062,.T.);
#3728=ORIENTED_EDGE('',*,*,#2547,.T.);
#3729=ORIENTED_EDGE('',*,*,#2473,.F.);
#3730=ORIENTED_EDGE('',*,*,#2246,.T.);
#3731=ORIENTED_EDGE('',*,*,#2548,.F.);
#3732=ORIENTED_EDGE('',*,*,#2075,.T.);
#3733=ORIENTED_EDGE('',*,*,#2245,.T.);
#3734=ORIENTED_EDGE('',*,*,#2549,.F.);
#3735=ORIENTED_EDGE('',*,*,#2076,.T.);
#3736=ORIENTED_EDGE('',*,*,#2548,.T.);
#3737=ORIENTED_EDGE('',*,*,#2244,.T.);
#3738=ORIENTED_EDGE('',*,*,#2550,.F.);
#3739=ORIENTED_EDGE('',*,*,#2077,.T.);
#3740=ORIENTED_EDGE('',*,*,#2549,.T.);
#3741=ORIENTED_EDGE('',*,*,#2243,.T.);
#3742=ORIENTED_EDGE('',*,*,#2551,.F.);
#3743=ORIENTED_EDGE('',*,*,#2078,.T.);
#3744=ORIENTED_EDGE('',*,*,#2550,.T.);
#3745=ORIENTED_EDGE('',*,*,#2242,.T.);
#3746=ORIENTED_EDGE('',*,*,#2552,.F.);
#3747=ORIENTED_EDGE('',*,*,#2079,.T.);
#3748=ORIENTED_EDGE('',*,*,#2551,.T.);
#3749=ORIENTED_EDGE('',*,*,#2241,.T.);
#3750=ORIENTED_EDGE('',*,*,#2553,.F.);
#3751=ORIENTED_EDGE('',*,*,#2080,.T.);
#3752=ORIENTED_EDGE('',*,*,#2552,.T.);
#3753=ORIENTED_EDGE('',*,*,#2240,.T.);
#3754=ORIENTED_EDGE('',*,*,#2554,.F.);
#3755=ORIENTED_EDGE('',*,*,#2081,.T.);
#3756=ORIENTED_EDGE('',*,*,#2553,.T.);
#3757=ORIENTED_EDGE('',*,*,#2239,.T.);
#3758=ORIENTED_EDGE('',*,*,#2555,.F.);
#3759=ORIENTED_EDGE('',*,*,#2082,.T.);
#3760=ORIENTED_EDGE('',*,*,#2554,.T.);
#3761=ORIENTED_EDGE('',*,*,#2238,.T.);
#3762=ORIENTED_EDGE('',*,*,#2556,.F.);
#3763=ORIENTED_EDGE('',*,*,#2083,.T.);
#3764=ORIENTED_EDGE('',*,*,#2555,.T.);
#3765=ORIENTED_EDGE('',*,*,#2237,.T.);
#3766=ORIENTED_EDGE('',*,*,#2557,.F.);
#3767=ORIENTED_EDGE('',*,*,#2084,.T.);
#3768=ORIENTED_EDGE('',*,*,#2556,.T.);
#3769=ORIENTED_EDGE('',*,*,#2236,.T.);
#3770=ORIENTED_EDGE('',*,*,#2558,.F.);
#3771=ORIENTED_EDGE('',*,*,#2085,.T.);
#3772=ORIENTED_EDGE('',*,*,#2557,.T.);
#3773=ORIENTED_EDGE('',*,*,#2235,.T.);
#3774=ORIENTED_EDGE('',*,*,#2559,.F.);
#3775=ORIENTED_EDGE('',*,*,#2086,.T.);
#3776=ORIENTED_EDGE('',*,*,#2558,.T.);
#3777=ORIENTED_EDGE('',*,*,#2234,.T.);
#3778=ORIENTED_EDGE('',*,*,#2560,.F.);
#3779=ORIENTED_EDGE('',*,*,#2087,.T.);
#3780=ORIENTED_EDGE('',*,*,#2559,.T.);
#3781=ORIENTED_EDGE('',*,*,#2233,.T.);
#3782=ORIENTED_EDGE('',*,*,#2561,.F.);
#3783=ORIENTED_EDGE('',*,*,#2088,.T.);
#3784=ORIENTED_EDGE('',*,*,#2560,.T.);
#3785=ORIENTED_EDGE('',*,*,#2232,.T.);
#3786=ORIENTED_EDGE('',*,*,#2562,.F.);
#3787=ORIENTED_EDGE('',*,*,#2089,.T.);
#3788=ORIENTED_EDGE('',*,*,#2561,.T.);
#3789=ORIENTED_EDGE('',*,*,#2231,.T.);
#3790=ORIENTED_EDGE('',*,*,#2563,.F.);
#3791=ORIENTED_EDGE('',*,*,#2090,.T.);
#3792=ORIENTED_EDGE('',*,*,#2562,.T.);
#3793=ORIENTED_EDGE('',*,*,#2230,.T.);
#3794=ORIENTED_EDGE('',*,*,#2564,.F.);
#3795=ORIENTED_EDGE('',*,*,#2091,.T.);
#3796=ORIENTED_EDGE('',*,*,#2563,.T.);
#3797=ORIENTED_EDGE('',*,*,#2229,.T.);
#3798=ORIENTED_EDGE('',*,*,#2565,.F.);
#3799=ORIENTED_EDGE('',*,*,#2092,.T.);
#3800=ORIENTED_EDGE('',*,*,#2564,.T.);
#3801=ORIENTED_EDGE('',*,*,#2228,.T.);
#3802=ORIENTED_EDGE('',*,*,#2566,.F.);
#3803=ORIENTED_EDGE('',*,*,#2093,.T.);
#3804=ORIENTED_EDGE('',*,*,#2565,.T.);
#3805=ORIENTED_EDGE('',*,*,#2227,.T.);
#3806=ORIENTED_EDGE('',*,*,#2567,.F.);
#3807=ORIENTED_EDGE('',*,*,#2094,.T.);
#3808=ORIENTED_EDGE('',*,*,#2566,.T.);
#3809=ORIENTED_EDGE('',*,*,#2226,.T.);
#3810=ORIENTED_EDGE('',*,*,#2568,.F.);
#3811=ORIENTED_EDGE('',*,*,#2095,.T.);
#3812=ORIENTED_EDGE('',*,*,#2567,.T.);
#3813=ORIENTED_EDGE('',*,*,#2225,.T.);
#3814=ORIENTED_EDGE('',*,*,#2569,.F.);
#3815=ORIENTED_EDGE('',*,*,#2096,.T.);
#3816=ORIENTED_EDGE('',*,*,#2568,.T.);
#3817=ORIENTED_EDGE('',*,*,#2224,.T.);
#3818=ORIENTED_EDGE('',*,*,#2570,.F.);
#3819=ORIENTED_EDGE('',*,*,#2097,.T.);
#3820=ORIENTED_EDGE('',*,*,#2569,.T.);
#3821=ORIENTED_EDGE('',*,*,#2223,.T.);
#3822=ORIENTED_EDGE('',*,*,#2471,.F.);
#3823=ORIENTED_EDGE('',*,*,#2098,.T.);
#3824=ORIENTED_EDGE('',*,*,#2570,.T.);
#3825=ORIENTED_EDGE('',*,*,#2467,.F.);
#3826=ORIENTED_EDGE('',*,*,#2218,.T.);
#3827=ORIENTED_EDGE('',*,*,#2571,.F.);
#3828=ORIENTED_EDGE('',*,*,#2103,.T.);
#3829=ORIENTED_EDGE('',*,*,#2217,.T.);
#3830=ORIENTED_EDGE('',*,*,#2519,.F.);
#3831=ORIENTED_EDGE('',*,*,#2104,.T.);
#3832=ORIENTED_EDGE('',*,*,#2571,.T.);
#3833=ORIENTED_EDGE('',*,*,#2503,.F.);
#3834=ORIENTED_EDGE('',*,*,#2200,.T.);
#3835=ORIENTED_EDGE('',*,*,#2572,.F.);
#3836=ORIENTED_EDGE('',*,*,#2121,.T.);
#3837=ORIENTED_EDGE('',*,*,#2199,.T.);
#3838=ORIENTED_EDGE('',*,*,#2502,.F.);
#3839=ORIENTED_EDGE('',*,*,#2122,.T.);
#3840=ORIENTED_EDGE('',*,*,#2572,.T.);
#3841=ORIENTED_EDGE('',*,*,#2392,.F.);
#3842=ORIENTED_EDGE('',*,*,#2127,.T.);
#3843=ORIENTED_EDGE('',*,*,#2498,.F.);
#3844=ORIENTED_EDGE('',*,*,#2194,.F.);
#3845=CYLINDRICAL_SURFACE('',#4214,0.25);
#3846=CYLINDRICAL_SURFACE('',#4357,0.38);
#3847=CYLINDRICAL_SURFACE('',#4359,0.25);
#3848=CYLINDRICAL_SURFACE('',#4361,0.25);
#3849=CYLINDRICAL_SURFACE('',#4364,0.25);
#3850=CYLINDRICAL_SURFACE('',#4367,0.25);
#3851=CYLINDRICAL_SURFACE('',#4505,0.25);
#3852=CYLINDRICAL_SURFACE('',#4507,0.25);
#3853=CYLINDRICAL_SURFACE('',#4508,0.25);
#3854=CYLINDRICAL_SURFACE('',#4510,0.25);
#3855=CYLINDRICAL_SURFACE('',#4512,0.25);
#3856=CYLINDRICAL_SURFACE('',#4514,0.25);
#3857=CYLINDRICAL_SURFACE('',#4516,0.25);
#3858=CYLINDRICAL_SURFACE('',#4518,0.25);
#3859=CYLINDRICAL_SURFACE('',#4519,0.25);
#3860=CYLINDRICAL_SURFACE('',#4521,0.25);
#3861=CYLINDRICAL_SURFACE('',#4522,0.38);
#3862=CYLINDRICAL_SURFACE('',#4523,0.25);
#3863=CYLINDRICAL_SURFACE('',#4525,0.25);
#3864=CYLINDRICAL_SURFACE('',#4526,0.38);
#3865=CYLINDRICAL_SURFACE('',#4527,0.25);
#3866=CYLINDRICAL_SURFACE('',#4529,0.25);
#3867=CYLINDRICAL_SURFACE('',#4530,0.38);
#3868=CYLINDRICAL_SURFACE('',#4531,0.25);
#3869=CYLINDRICAL_SURFACE('',#4533,0.25);
#3870=CYLINDRICAL_SURFACE('',#4534,0.38);
#3871=CYLINDRICAL_SURFACE('',#4535,0.25);
#3872=CYLINDRICAL_SURFACE('',#4537,0.25);
#3873=CYLINDRICAL_SURFACE('',#4538,0.38);
#3874=CYLINDRICAL_SURFACE('',#4539,0.25);
#3875=CYLINDRICAL_SURFACE('',#4540,1.);
#3876=CYLINDRICAL_SURFACE('',#4541,3.35);
#3877=CYLINDRICAL_SURFACE('',#4542,1.);
#3878=CYLINDRICAL_SURFACE('',#4544,0.64);
#3879=CYLINDRICAL_SURFACE('',#4546,0.64);
#3880=CYLINDRICAL_SURFACE('',#4547,0.32);
#3881=CYLINDRICAL_SURFACE('',#4548,1.78);
#3882=CYLINDRICAL_SURFACE('',#4549,0.32);
#3883=CYLINDRICAL_SURFACE('',#4550,0.64);
#3884=CYLINDRICAL_SURFACE('',#4551,0.32);
#3885=CYLINDRICAL_SURFACE('',#4552,1.78000000000002);
#3886=CYLINDRICAL_SURFACE('',#4553,0.32);
#3887=CYLINDRICAL_SURFACE('',#4554,0.64);
#3888=CYLINDRICAL_SURFACE('',#4555,0.32);
#3889=CYLINDRICAL_SURFACE('',#4556,1.77999999999999);
#3890=CYLINDRICAL_SURFACE('',#4557,0.32);
#3891=CYLINDRICAL_SURFACE('',#4558,0.64);
#3892=CYLINDRICAL_SURFACE('',#4560,0.64);
#3893=CYLINDRICAL_SURFACE('',#4562,1.);
#3894=CYLINDRICAL_SURFACE('',#4572,0.64);
#3895=CYLINDRICAL_SURFACE('',#4573,0.64);
#3896=CYLINDRICAL_SURFACE('',#4575,0.25);
#3897=CYLINDRICAL_SURFACE('',#4577,1.);
#3898=CYLINDRICAL_SURFACE('',#4579,0.64);
#3899=CYLINDRICAL_SURFACE('',#4580,0.32);
#3900=CYLINDRICAL_SURFACE('',#4581,1.78);
#3901=CYLINDRICAL_SURFACE('',#4582,0.32);
#3902=CYLINDRICAL_SURFACE('',#4583,0.64);
#3903=CYLINDRICAL_SURFACE('',#4584,0.32);
#3904=CYLINDRICAL_SURFACE('',#4585,1.78000000000002);
#3905=CYLINDRICAL_SURFACE('',#4586,0.32);
#3906=CYLINDRICAL_SURFACE('',#4587,0.64);
#3907=CYLINDRICAL_SURFACE('',#4588,0.32);
#3908=CYLINDRICAL_SURFACE('',#4589,1.77999999999995);
#3909=CYLINDRICAL_SURFACE('',#4590,0.32);
#3910=CYLINDRICAL_SURFACE('',#4591,0.64);
#3911=CYLINDRICAL_SURFACE('',#4592,0.32);
#3912=CYLINDRICAL_SURFACE('',#4594,1.);
#3913=CYLINDRICAL_SURFACE('',#4597,4.);
#3914=CYLINDRICAL_SURFACE('',#4600,4.);
#3915=CYLINDRICAL_SURFACE('',#4601,0.25);
#3916=CYLINDRICAL_SURFACE('',#4602,0.38);
#3917=CYLINDRICAL_SURFACE('',#4603,0.25);
#3918=CYLINDRICAL_SURFACE('',#4605,0.25);
#3919=CYLINDRICAL_SURFACE('',#4607,0.25);
#3920=CYLINDRICAL_SURFACE('',#4609,0.25);
#3921=CYLINDRICAL_SURFACE('',#4611,0.25);
#3922=CYLINDRICAL_SURFACE('',#4613,0.25);
#3923=CYLINDRICAL_SURFACE('',#4615,0.25);
#3924=CYLINDRICAL_SURFACE('',#4617,0.25);
#3925=CYLINDRICAL_SURFACE('',#4619,0.25);
#3926=CYLINDRICAL_SURFACE('',#4621,0.25);
#3927=CYLINDRICAL_SURFACE('',#4623,0.25);
#3928=CYLINDRICAL_SURFACE('',#4625,0.25);
#3929=CYLINDRICAL_SURFACE('',#4627,0.25);
#3930=CYLINDRICAL_SURFACE('',#4629,0.25);
#3931=CYLINDRICAL_SURFACE('',#4630,0.38);
#3932=CYLINDRICAL_SURFACE('',#4631,0.25);
#3933=CYLINDRICAL_SURFACE('',#4633,0.25);
#3934=CYLINDRICAL_SURFACE('',#4634,0.38);
#3935=CYLINDRICAL_SURFACE('',#4635,0.25);
#3936=CYLINDRICAL_SURFACE('',#4637,0.25);
#3937=CYLINDRICAL_SURFACE('',#4638,0.38);
#3938=CYLINDRICAL_SURFACE('',#4639,0.25);
#3939=CYLINDRICAL_SURFACE('',#4641,0.25);
#3940=CYLINDRICAL_SURFACE('',#4642,0.38);
#3941=CYLINDRICAL_SURFACE('',#4643,0.25);
#3942=CYLINDRICAL_SURFACE('',#4645,0.25);
#3943=CYLINDRICAL_SURFACE('',#4646,0.38);
#3944=CYLINDRICAL_SURFACE('',#4647,0.25);
#3945=CYLINDRICAL_SURFACE('',#4650,1.);
#3946=CYLINDRICAL_SURFACE('',#4651,3.35);
#3947=CYLINDRICAL_SURFACE('',#4652,1.);
#3948=CYLINDRICAL_SURFACE('',#4654,0.64);
#3949=CYLINDRICAL_SURFACE('',#4656,0.64);
#3950=CYLINDRICAL_SURFACE('',#4657,0.32);
#3951=CYLINDRICAL_SURFACE('',#4658,1.78);
#3952=CYLINDRICAL_SURFACE('',#4659,0.32);
#3953=CYLINDRICAL_SURFACE('',#4660,0.64);
#3954=CYLINDRICAL_SURFACE('',#4661,0.32);
#3955=CYLINDRICAL_SURFACE('',#4662,1.78000000000002);
#3956=CYLINDRICAL_SURFACE('',#4663,0.32);
#3957=CYLINDRICAL_SURFACE('',#4664,0.64);
#3958=CYLINDRICAL_SURFACE('',#4665,0.32);
#3959=CYLINDRICAL_SURFACE('',#4666,1.77999999999999);
#3960=CYLINDRICAL_SURFACE('',#4667,0.32);
#3961=CYLINDRICAL_SURFACE('',#4668,0.64);
#3962=CYLINDRICAL_SURFACE('',#4670,0.64);
#3963=CYLINDRICAL_SURFACE('',#4672,1.);
#3964=CYLINDRICAL_SURFACE('',#4680,0.64);
#3965=CYLINDRICAL_SURFACE('',#4681,0.64);
#3966=CYLINDRICAL_SURFACE('',#4683,0.25);
#3967=CYLINDRICAL_SURFACE('',#4685,1.);
#3968=CYLINDRICAL_SURFACE('',#4687,0.64);
#3969=CYLINDRICAL_SURFACE('',#4688,0.32);
#3970=CYLINDRICAL_SURFACE('',#4689,1.78);
#3971=CYLINDRICAL_SURFACE('',#4690,0.32);
#3972=CYLINDRICAL_SURFACE('',#4691,0.64);
#3973=CYLINDRICAL_SURFACE('',#4692,0.32);
#3974=CYLINDRICAL_SURFACE('',#4693,1.78000000000002);
#3975=CYLINDRICAL_SURFACE('',#4694,0.32);
#3976=CYLINDRICAL_SURFACE('',#4695,0.64);
#3977=CYLINDRICAL_SURFACE('',#4696,0.32);
#3978=CYLINDRICAL_SURFACE('',#4697,1.77999999999995);
#3979=CYLINDRICAL_SURFACE('',#4698,0.32);
#3980=CYLINDRICAL_SURFACE('',#4699,0.64);
#3981=CYLINDRICAL_SURFACE('',#4700,0.32);
#3982=CYLINDRICAL_SURFACE('',#4702,1.);
#3983=CYLINDRICAL_SURFACE('',#4704,4.);
#3984=CYLINDRICAL_SURFACE('',#4706,4.);
#3985=ADVANCED_FACE('',(#93),#3845,.T.);
#3986=ADVANCED_FACE('',(#94),#19,.F.);
#3987=ADVANCED_FACE('',(#95),#3846,.F.);
#3988=ADVANCED_FACE('',(#96),#3847,.T.);
#3989=ADVANCED_FACE('',(#97),#3848,.F.);
#3990=ADVANCED_FACE('',(#98),#20,.F.);
#3991=ADVANCED_FACE('',(#99),#3849,.F.);
#3992=ADVANCED_FACE('',(#100),#21,.F.);
#3993=ADVANCED_FACE('',(#101),#3850,.T.);
#3994=ADVANCED_FACE('',(#102),#22,.F.);
#3995=ADVANCED_FACE('',(#103),#23,.T.);
#3996=ADVANCED_FACE('',(#104),#3851,.T.);
#3997=ADVANCED_FACE('',(#105),#24,.F.);
#3998=ADVANCED_FACE('',(#106),#3852,.F.);
#3999=ADVANCED_FACE('',(#107),#3853,.F.);
#4000=ADVANCED_FACE('',(#108),#25,.F.);
#4001=ADVANCED_FACE('',(#109),#3854,.F.);
#4002=ADVANCED_FACE('',(#110),#26,.F.);
#4003=ADVANCED_FACE('',(#111),#3855,.F.);
#4004=ADVANCED_FACE('',(#112),#27,.F.);
#4005=ADVANCED_FACE('',(#113),#3856,.T.);
#4006=ADVANCED_FACE('',(#114),#28,.F.);
#4007=ADVANCED_FACE('',(#115),#3857,.T.);
#4008=ADVANCED_FACE('',(#116),#29,.F.);
#4009=ADVANCED_FACE('',(#117),#3858,.F.);
#4010=ADVANCED_FACE('',(#118),#3859,.F.);
#4011=ADVANCED_FACE('',(#119),#30,.F.);
#4012=ADVANCED_FACE('',(#120),#3860,.T.);
#4013=ADVANCED_FACE('',(#121),#3861,.F.);
#4014=ADVANCED_FACE('',(#122),#3862,.T.);
#4015=ADVANCED_FACE('',(#123),#31,.F.);
#4016=ADVANCED_FACE('',(#124),#3863,.T.);
#4017=ADVANCED_FACE('',(#125),#3864,.F.);
#4018=ADVANCED_FACE('',(#126),#3865,.T.);
#4019=ADVANCED_FACE('',(#127),#32,.F.);
#4020=ADVANCED_FACE('',(#128),#3866,.T.);
#4021=ADVANCED_FACE('',(#129),#3867,.F.);
#4022=ADVANCED_FACE('',(#130),#3868,.T.);
#4023=ADVANCED_FACE('',(#131),#33,.F.);
#4024=ADVANCED_FACE('',(#132),#3869,.T.);
#4025=ADVANCED_FACE('',(#133),#3870,.F.);
#4026=ADVANCED_FACE('',(#134),#3871,.T.);
#4027=ADVANCED_FACE('',(#135),#34,.F.);
#4028=ADVANCED_FACE('',(#136),#3872,.T.);
#4029=ADVANCED_FACE('',(#137),#3873,.F.);
#4030=ADVANCED_FACE('',(#138),#3874,.T.);
#4031=ADVANCED_FACE('',(#139),#3875,.F.);
#4032=ADVANCED_FACE('',(#140),#3876,.T.);
#4033=ADVANCED_FACE('',(#141),#3877,.T.);
#4034=ADVANCED_FACE('',(#142),#35,.F.);
#4035=ADVANCED_FACE('',(#143),#3878,.T.);
#4036=ADVANCED_FACE('',(#144),#36,.F.);
#4037=ADVANCED_FACE('',(#145),#3879,.T.);
#4038=ADVANCED_FACE('',(#146),#3880,.F.);
#4039=ADVANCED_FACE('',(#147),#3881,.F.);
#4040=ADVANCED_FACE('',(#148),#3882,.F.);
#4041=ADVANCED_FACE('',(#149),#3883,.T.);
#4042=ADVANCED_FACE('',(#150),#3884,.F.);
#4043=ADVANCED_FACE('',(#151),#3885,.F.);
#4044=ADVANCED_FACE('',(#152),#3886,.F.);
#4045=ADVANCED_FACE('',(#153),#3887,.T.);
#4046=ADVANCED_FACE('',(#154),#3888,.F.);
#4047=ADVANCED_FACE('',(#155),#3889,.F.);
#4048=ADVANCED_FACE('',(#156),#3890,.F.);
#4049=ADVANCED_FACE('',(#157),#3891,.T.);
#4050=ADVANCED_FACE('',(#158),#37,.F.);
#4051=ADVANCED_FACE('',(#159),#3892,.T.);
#4052=ADVANCED_FACE('',(#160),#38,.F.);
#4053=ADVANCED_FACE('',(#161),#3893,.T.);
#4054=ADVANCED_FACE('',(#162),#39,.F.);
#4055=ADVANCED_FACE('',(#163),#40,.F.);
#4056=ADVANCED_FACE('',(#164),#41,.F.);
#4057=ADVANCED_FACE('',(#165),#42,.F.);
#4058=ADVANCED_FACE('',(#166),#43,.F.);
#4059=ADVANCED_FACE('',(#167),#44,.F.);
#4060=ADVANCED_FACE('',(#168),#45,.F.);
#4061=ADVANCED_FACE('',(#169),#46,.F.);
#4062=ADVANCED_FACE('',(#170),#47,.F.);
#4063=ADVANCED_FACE('',(#171),#3894,.T.);
#4064=ADVANCED_FACE('',(#172),#3895,.F.);
#4065=ADVANCED_FACE('',(#173),#48,.F.);
#4066=ADVANCED_FACE('',(#174),#3896,.T.);
#4067=ADVANCED_FACE('',(#175),#49,.F.);
#4068=ADVANCED_FACE('',(#176),#3897,.T.);
#4069=ADVANCED_FACE('',(#177),#50,.F.);
#4070=ADVANCED_FACE('',(#178),#3898,.T.);
#4071=ADVANCED_FACE('',(#179),#3899,.F.);
#4072=ADVANCED_FACE('',(#180),#3900,.F.);
#4073=ADVANCED_FACE('',(#181),#3901,.F.);
#4074=ADVANCED_FACE('',(#182),#3902,.T.);
#4075=ADVANCED_FACE('',(#183),#3903,.F.);
#4076=ADVANCED_FACE('',(#184),#3904,.F.);
#4077=ADVANCED_FACE('',(#185),#3905,.F.);
#4078=ADVANCED_FACE('',(#186),#3906,.T.);
#4079=ADVANCED_FACE('',(#187),#3907,.F.);
#4080=ADVANCED_FACE('',(#188),#3908,.F.);
#4081=ADVANCED_FACE('',(#189),#3909,.F.);
#4082=ADVANCED_FACE('',(#190),#3910,.T.);
#4083=ADVANCED_FACE('',(#191),#3911,.F.);
#4084=ADVANCED_FACE('',(#192),#51,.F.);
#4085=ADVANCED_FACE('',(#193),#3912,.T.);
#4086=ADVANCED_FACE('',(#194),#52,.F.);
#4087=ADVANCED_FACE('',(#195),#53,.F.);
#4088=ADVANCED_FACE('',(#196),#3913,.T.);
#4089=ADVANCED_FACE('',(#197),#54,.F.);
#4090=ADVANCED_FACE('',(#198),#55,.F.);
#4091=ADVANCED_FACE('',(#199),#3914,.T.);
#4092=ADVANCED_FACE('',(#200),#3915,.T.);
#4093=ADVANCED_FACE('',(#201),#3916,.F.);
#4094=ADVANCED_FACE('',(#202),#3917,.T.);
#4095=ADVANCED_FACE('',(#203),#56,.T.);
#4096=ADVANCED_FACE('',(#204),#3918,.F.);
#4097=ADVANCED_FACE('',(#205),#57,.T.);
#4098=ADVANCED_FACE('',(#206),#3919,.F.);
#4099=ADVANCED_FACE('',(#207),#58,.T.);
#4100=ADVANCED_FACE('',(#208),#3920,.T.);
#4101=ADVANCED_FACE('',(#209),#59,.T.);
#4102=ADVANCED_FACE('',(#210),#3921,.T.);
#4103=ADVANCED_FACE('',(#211),#60,.T.);
#4104=ADVANCED_FACE('',(#212),#3922,.F.);
#4105=ADVANCED_FACE('',(#213),#61,.T.);
#4106=ADVANCED_FACE('',(#214),#3923,.F.);
#4107=ADVANCED_FACE('',(#215),#62,.T.);
#4108=ADVANCED_FACE('',(#216),#3924,.F.);
#4109=ADVANCED_FACE('',(#217),#63,.T.);
#4110=ADVANCED_FACE('',(#218),#3925,.F.);
#4111=ADVANCED_FACE('',(#219),#64,.T.);
#4112=ADVANCED_FACE('',(#220),#3926,.T.);
#4113=ADVANCED_FACE('',(#221),#65,.T.);
#4114=ADVANCED_FACE('',(#222),#3927,.T.);
#4115=ADVANCED_FACE('',(#223),#66,.T.);
#4116=ADVANCED_FACE('',(#224),#3928,.F.);
#4117=ADVANCED_FACE('',(#225),#67,.T.);
#4118=ADVANCED_FACE('',(#226),#3929,.F.);
#4119=ADVANCED_FACE('',(#227),#68,.T.);
#4120=ADVANCED_FACE('',(#228),#3930,.T.);
#4121=ADVANCED_FACE('',(#229),#3931,.F.);
#4122=ADVANCED_FACE('',(#230),#3932,.T.);
#4123=ADVANCED_FACE('',(#231),#69,.T.);
#4124=ADVANCED_FACE('',(#232),#3933,.T.);
#4125=ADVANCED_FACE('',(#233),#3934,.F.);
#4126=ADVANCED_FACE('',(#234),#3935,.T.);
#4127=ADVANCED_FACE('',(#235),#70,.T.);
#4128=ADVANCED_FACE('',(#236),#3936,.T.);
#4129=ADVANCED_FACE('',(#237),#3937,.F.);
#4130=ADVANCED_FACE('',(#238),#3938,.T.);
#4131=ADVANCED_FACE('',(#239),#71,.T.);
#4132=ADVANCED_FACE('',(#240),#3939,.T.);
#4133=ADVANCED_FACE('',(#241),#3940,.F.);
#4134=ADVANCED_FACE('',(#242),#3941,.T.);
#4135=ADVANCED_FACE('',(#243),#72,.T.);
#4136=ADVANCED_FACE('',(#244),#3942,.T.);
#4137=ADVANCED_FACE('',(#245),#3943,.F.);
#4138=ADVANCED_FACE('',(#246),#3944,.T.);
#4139=ADVANCED_FACE('',(#247),#73,.T.);
#4140=ADVANCED_FACE('',(#248),#74,.T.);
#4141=ADVANCED_FACE('',(#249),#3945,.F.);
#4142=ADVANCED_FACE('',(#250),#3946,.T.);
#4143=ADVANCED_FACE('',(#251),#3947,.T.);
#4144=ADVANCED_FACE('',(#252),#75,.T.);
#4145=ADVANCED_FACE('',(#253),#3948,.T.);
#4146=ADVANCED_FACE('',(#254),#76,.T.);
#4147=ADVANCED_FACE('',(#255),#3949,.T.);
#4148=ADVANCED_FACE('',(#256),#3950,.F.);
#4149=ADVANCED_FACE('',(#257),#3951,.F.);
#4150=ADVANCED_FACE('',(#258),#3952,.F.);
#4151=ADVANCED_FACE('',(#259),#3953,.T.);
#4152=ADVANCED_FACE('',(#260),#3954,.F.);
#4153=ADVANCED_FACE('',(#261),#3955,.F.);
#4154=ADVANCED_FACE('',(#262),#3956,.F.);
#4155=ADVANCED_FACE('',(#263),#3957,.T.);
#4156=ADVANCED_FACE('',(#264),#3958,.F.);
#4157=ADVANCED_FACE('',(#265),#3959,.F.);
#4158=ADVANCED_FACE('',(#266),#3960,.F.);
#4159=ADVANCED_FACE('',(#267),#3961,.T.);
#4160=ADVANCED_FACE('',(#268),#77,.T.);
#4161=ADVANCED_FACE('',(#269),#3962,.T.);
#4162=ADVANCED_FACE('',(#270),#78,.T.);
#4163=ADVANCED_FACE('',(#271),#3963,.T.);
#4164=ADVANCED_FACE('',(#272),#79,.T.);
#4165=ADVANCED_FACE('',(#273),#80,.T.);
#4166=ADVANCED_FACE('',(#274),#81,.T.);
#4167=ADVANCED_FACE('',(#275),#82,.T.);
#4168=ADVANCED_FACE('',(#276),#83,.T.);
#4169=ADVANCED_FACE('',(#277),#84,.T.);
#4170=ADVANCED_FACE('',(#278),#85,.T.);
#4171=ADVANCED_FACE('',(#279),#3964,.T.);
#4172=ADVANCED_FACE('',(#280),#3965,.F.);
#4173=ADVANCED_FACE('',(#281),#86,.T.);
#4174=ADVANCED_FACE('',(#282),#3966,.T.);
#4175=ADVANCED_FACE('',(#283),#87,.T.);
#4176=ADVANCED_FACE('',(#284),#3967,.T.);
#4177=ADVANCED_FACE('',(#285),#88,.T.);
#4178=ADVANCED_FACE('',(#286),#3968,.T.);
#4179=ADVANCED_FACE('',(#287),#3969,.F.);
#4180=ADVANCED_FACE('',(#288),#3970,.F.);
#4181=ADVANCED_FACE('',(#289),#3971,.F.);
#4182=ADVANCED_FACE('',(#290),#3972,.T.);
#4183=ADVANCED_FACE('',(#291),#3973,.F.);
#4184=ADVANCED_FACE('',(#292),#3974,.F.);
#4185=ADVANCED_FACE('',(#293),#3975,.F.);
#4186=ADVANCED_FACE('',(#294),#3976,.T.);
#4187=ADVANCED_FACE('',(#295),#3977,.F.);
#4188=ADVANCED_FACE('',(#296),#3978,.F.);
#4189=ADVANCED_FACE('',(#297),#3979,.F.);
#4190=ADVANCED_FACE('',(#298),#3980,.T.);
#4191=ADVANCED_FACE('',(#299),#3981,.F.);
#4192=ADVANCED_FACE('',(#300),#89,.T.);
#4193=ADVANCED_FACE('',(#301),#3982,.T.);
#4194=ADVANCED_FACE('',(#302),#90,.T.);
#4195=ADVANCED_FACE('',(#303),#3983,.T.);
#4196=ADVANCED_FACE('',(#304),#91,.T.);
#4197=ADVANCED_FACE('',(#305),#3984,.T.);
#4198=ADVANCED_FACE('',(#306),#92,.T.);
#4199=CLOSED_SHELL('',(#3985,#3986,#3987,#3988,#3989,#3990,#3991,#3992,
#3993,#3994,#3995,#3996,#3997,#3998,#3999,#4000,#4001,#4002,#4003,#4004,
#4005,#4006,#4007,#4008,#4009,#4010,#4011,#4012,#4013,#4014,#4015,#4016,
#4017,#4018,#4019,#4020,#4021,#4022,#4023,#4024,#4025,#4026,#4027,#4028,
#4029,#4030,#4031,#4032,#4033,#4034,#4035,#4036,#4037,#4038,#4039,#4040,
#4041,#4042,#4043,#4044,#4045,#4046,#4047,#4048,#4049,#4050,#4051,#4052,
#4053,#4054,#4055,#4056,#4057,#4058,#4059,#4060,#4061,#4062,#4063,#4064,
#4065,#4066,#4067,#4068,#4069,#4070,#4071,#4072,#4073,#4074,#4075,#4076,
#4077,#4078,#4079,#4080,#4081,#4082,#4083,#4084,#4085,#4086,#4087,#4088,
#4089,#4090,#4091,#4092,#4093,#4094,#4095,#4096,#4097,#4098,#4099,#4100,
#4101,#4102,#4103,#4104,#4105,#4106,#4107,#4108,#4109,#4110,#4111,#4112,
#4113,#4114,#4115,#4116,#4117,#4118,#4119,#4120,#4121,#4122,#4123,#4124,
#4125,#4126,#4127,#4128,#4129,#4130,#4131,#4132,#4133,#4134,#4135,#4136,
#4137,#4138,#4139,#4140,#4141,#4142,#4143,#4144,#4145,#4146,#4147,#4148,
#4149,#4150,#4151,#4152,#4153,#4154,#4155,#4156,#4157,#4158,#4159,#4160,
#4161,#4162,#4163,#4164,#4165,#4166,#4167,#4168,#4169,#4170,#4171,#4172,
#4173,#4174,#4175,#4176,#4177,#4178,#4179,#4180,#4181,#4182,#4183,#4184,
#4185,#4186,#4187,#4188,#4189,#4190,#4191,#4192,#4193,#4194,#4195,#4196,
#4197,#4198));
#4200=DERIVED_UNIT_ELEMENT(#4202,1.);
#4201=DERIVED_UNIT_ELEMENT(#7343,-3.);
#4202=(
MASS_UNIT()
NAMED_UNIT(*)
SI_UNIT(.KILO.,.GRAM.)
);
#4203=DERIVED_UNIT((#4200,#4201));
#4204=MEASURE_REPRESENTATION_ITEM('density measure',
POSITIVE_RATIO_MEASURE(1000.),#4203);
#4205=PROPERTY_DEFINITION_REPRESENTATION(#4210,#4207);
#4206=PROPERTY_DEFINITION_REPRESENTATION(#4211,#4208);
#4207=REPRESENTATION('material name',(#4209),#7340);
#4208=REPRESENTATION('density',(#4204),#7340);
#4209=DESCRIPTIVE_REPRESENTATION_ITEM('Generic','Generic');
#4210=PROPERTY_DEFINITION('material property','material name',#7355);
#4211=PROPERTY_DEFINITION('material property','density of part',#7355);
#4212=AXIS2_PLACEMENT_3D('',#6059,#4709,#4710);
#4213=AXIS2_PLACEMENT_3D('',#6060,#4711,#4712);
#4214=AXIS2_PLACEMENT_3D('',#6061,#4713,#4714);
#4215=AXIS2_PLACEMENT_3D('',#6064,#4715,#4716);
#4216=AXIS2_PLACEMENT_3D('',#6068,#4718,#4719);
#4217=AXIS2_PLACEMENT_3D('',#6070,#4721,#4722);
#4218=AXIS2_PLACEMENT_3D('',#6072,#4723,#4724);
#4219=AXIS2_PLACEMENT_3D('',#6074,#4725,#4726);
#4220=AXIS2_PLACEMENT_3D('',#6078,#4728,#4729);
#4221=AXIS2_PLACEMENT_3D('',#6082,#4731,#4732);
#4222=AXIS2_PLACEMENT_3D('',#6084,#4733,#4734);
#4223=AXIS2_PLACEMENT_3D('',#6086,#4735,#4736);
#4224=AXIS2_PLACEMENT_3D('',#6088,#4737,#4738);
#4225=AXIS2_PLACEMENT_3D('',#6090,#4739,#4740);
#4226=AXIS2_PLACEMENT_3D('',#6092,#4741,#4742);
#4227=AXIS2_PLACEMENT_3D('',#6094,#4743,#4744);
#4228=AXIS2_PLACEMENT_3D('',#6096,#4745,#4746);
#4229=AXIS2_PLACEMENT_3D('',#6098,#4747,#4748);
#4230=AXIS2_PLACEMENT_3D('',#6100,#4749,#4750);
#4231=AXIS2_PLACEMENT_3D('',#6102,#4751,#4752);
#4232=AXIS2_PLACEMENT_3D('',#6104,#4753,#4754);
#4233=AXIS2_PLACEMENT_3D('',#6106,#4755,#4756);
#4234=AXIS2_PLACEMENT_3D('',#6108,#4757,#4758);
#4235=AXIS2_PLACEMENT_3D('',#6112,#4760,#4761);
#4236=AXIS2_PLACEMENT_3D('',#6116,#4763,#4764);
#4237=AXIS2_PLACEMENT_3D('',#6120,#4766,#4767);
#4238=AXIS2_PLACEMENT_3D('',#6122,#4768,#4769);
#4239=AXIS2_PLACEMENT_3D('',#6126,#4771,#4772);
#4240=AXIS2_PLACEMENT_3D('',#6130,#4774,#4775);
#4241=AXIS2_PLACEMENT_3D('',#6134,#4777,#4778);
#4242=AXIS2_PLACEMENT_3D('',#6138,#4780,#4781);
#4243=AXIS2_PLACEMENT_3D('',#6142,#4783,#4784);
#4244=AXIS2_PLACEMENT_3D('',#6146,#4786,#4787);
#4245=AXIS2_PLACEMENT_3D('',#6162,#4795,#4796);
#4246=AXIS2_PLACEMENT_3D('',#6166,#4798,#4799);
#4247=AXIS2_PLACEMENT_3D('',#6170,#4801,#4802);
#4248=AXIS2_PLACEMENT_3D('',#6174,#4804,#4805);
#4249=AXIS2_PLACEMENT_3D('',#6178,#4807,#4808);
#4250=AXIS2_PLACEMENT_3D('',#6182,#4810,#4811);
#4251=AXIS2_PLACEMENT_3D('',#6186,#4813,#4814);
#4252=AXIS2_PLACEMENT_3D('',#6190,#4816,#4817);
#4253=AXIS2_PLACEMENT_3D('',#6194,#4819,#4820);
#4254=AXIS2_PLACEMENT_3D('',#6196,#4821,#4822);
#4255=AXIS2_PLACEMENT_3D('',#6198,#4823,#4824);
#4256=AXIS2_PLACEMENT_3D('',#6200,#4825,#4826);
#4257=AXIS2_PLACEMENT_3D('',#6202,#4827,#4828);
#4258=AXIS2_PLACEMENT_3D('',#6204,#4829,#4830);
#4259=AXIS2_PLACEMENT_3D('',#6206,#4831,#4832);
#4260=AXIS2_PLACEMENT_3D('',#6208,#4833,#4834);
#4261=AXIS2_PLACEMENT_3D('',#6210,#4835,#4836);
#4262=AXIS2_PLACEMENT_3D('',#6212,#4837,#4838);
#4263=AXIS2_PLACEMENT_3D('',#6214,#4839,#4840);
#4264=AXIS2_PLACEMENT_3D('',#6216,#4841,#4842);
#4265=AXIS2_PLACEMENT_3D('',#6218,#4843,#4844);
#4266=AXIS2_PLACEMENT_3D('',#6222,#4846,#4847);
#4267=AXIS2_PLACEMENT_3D('',#6226,#4849,#4850);
#4268=AXIS2_PLACEMENT_3D('',#6228,#4851,#4852);
#4269=AXIS2_PLACEMENT_3D('',#6230,#4853,#4854);
#4270=AXIS2_PLACEMENT_3D('',#6234,#4856,#4857);
#4271=AXIS2_PLACEMENT_3D('',#6236,#4858,#4859);
#4272=AXIS2_PLACEMENT_3D('',#6238,#4860,#4861);
#4273=AXIS2_PLACEMENT_3D('',#6242,#4863,#4864);
#4274=AXIS2_PLACEMENT_3D('',#6246,#4866,#4867);
#4275=AXIS2_PLACEMENT_3D('',#6248,#4868,#4869);
#4276=AXIS2_PLACEMENT_3D('',#6250,#4870,#4871);
#4277=AXIS2_PLACEMENT_3D('',#6252,#4872,#4873);
#4278=AXIS2_PLACEMENT_3D('',#6254,#4874,#4875);
#4279=AXIS2_PLACEMENT_3D('',#6256,#4876,#4877);
#4280=AXIS2_PLACEMENT_3D('',#6258,#4878,#4879);
#4281=AXIS2_PLACEMENT_3D('',#6260,#4880,#4881);
#4282=AXIS2_PLACEMENT_3D('',#6262,#4882,#4883);
#4283=AXIS2_PLACEMENT_3D('',#6264,#4884,#4885);
#4284=AXIS2_PLACEMENT_3D('',#6266,#4886,#4887);
#4285=AXIS2_PLACEMENT_3D('',#6268,#4888,#4889);
#4286=AXIS2_PLACEMENT_3D('',#6270,#4890,#4891);
#4287=AXIS2_PLACEMENT_3D('',#6274,#4893,#4894);
#4288=AXIS2_PLACEMENT_3D('',#6278,#4896,#4897);
#4289=AXIS2_PLACEMENT_3D('',#6282,#4899,#4900);
#4290=AXIS2_PLACEMENT_3D('',#6286,#4902,#4903);
#4291=AXIS2_PLACEMENT_3D('',#6290,#4905,#4906);
#4292=AXIS2_PLACEMENT_3D('',#6294,#4908,#4909);
#4293=AXIS2_PLACEMENT_3D('',#6298,#4911,#4912);
#4294=AXIS2_PLACEMENT_3D('',#6302,#4914,#4915);
#4295=AXIS2_PLACEMENT_3D('',#6318,#4923,#4924);
#4296=AXIS2_PLACEMENT_3D('',#6322,#4926,#4927);
#4297=AXIS2_PLACEMENT_3D('',#6326,#4929,#4930);
#4298=AXIS2_PLACEMENT_3D('',#6330,#4932,#4933);
#4299=AXIS2_PLACEMENT_3D('',#6334,#4935,#4936);
#4300=AXIS2_PLACEMENT_3D('',#6338,#4938,#4939);
#4301=AXIS2_PLACEMENT_3D('',#6342,#4941,#4942);
#4302=AXIS2_PLACEMENT_3D('',#6344,#4943,#4944);
#4303=AXIS2_PLACEMENT_3D('',#6348,#4946,#4947);
#4304=AXIS2_PLACEMENT_3D('',#6352,#4949,#4950);
#4305=AXIS2_PLACEMENT_3D('',#6356,#4952,#4953);
#4306=AXIS2_PLACEMENT_3D('',#6358,#4954,#4955);
#4307=AXIS2_PLACEMENT_3D('',#6360,#4956,#4957);
#4308=AXIS2_PLACEMENT_3D('',#6362,#4958,#4959);
#4309=AXIS2_PLACEMENT_3D('',#6364,#4960,#4961);
#4310=AXIS2_PLACEMENT_3D('',#6366,#4962,#4963);
#4311=AXIS2_PLACEMENT_3D('',#6368,#4964,#4965);
#4312=AXIS2_PLACEMENT_3D('',#6370,#4966,#4967);
#4313=AXIS2_PLACEMENT_3D('',#6372,#4968,#4969);
#4314=AXIS2_PLACEMENT_3D('',#6374,#4970,#4971);
#4315=AXIS2_PLACEMENT_3D('',#6376,#4972,#4973);
#4316=AXIS2_PLACEMENT_3D('',#6378,#4974,#4975);
#4317=AXIS2_PLACEMENT_3D('',#6380,#4976,#4977);
#4318=AXIS2_PLACEMENT_3D('',#6382,#4978,#4979);
#4319=AXIS2_PLACEMENT_3D('',#6386,#4981,#4982);
#4320=AXIS2_PLACEMENT_3D('',#6390,#4984,#4985);
#4321=AXIS2_PLACEMENT_3D('',#6392,#4986,#4987);
#4322=AXIS2_PLACEMENT_3D('',#6394,#4988,#4989);
#4323=AXIS2_PLACEMENT_3D('',#6398,#4991,#4992);
#4324=AXIS2_PLACEMENT_3D('',#6402,#4994,#4995);
#4325=AXIS2_PLACEMENT_3D('',#6404,#4996,#4997);
#4326=AXIS2_PLACEMENT_3D('',#6406,#4998,#4999);
#4327=AXIS2_PLACEMENT_3D('',#6410,#5001,#5002);
#4328=AXIS2_PLACEMENT_3D('',#6412,#5003,#5004);
#4329=AXIS2_PLACEMENT_3D('',#6414,#5005,#5006);
#4330=AXIS2_PLACEMENT_3D('',#6418,#5008,#5009);
#4331=AXIS2_PLACEMENT_3D('',#6420,#5010,#5011);
#4332=AXIS2_PLACEMENT_3D('',#6422,#5012,#5013);
#4333=AXIS2_PLACEMENT_3D('',#6426,#5015,#5016);
#4334=AXIS2_PLACEMENT_3D('',#6428,#5017,#5018);
#4335=AXIS2_PLACEMENT_3D('',#6430,#5019,#5020);
#4336=AXIS2_PLACEMENT_3D('',#6434,#5022,#5023);
#4337=AXIS2_PLACEMENT_3D('',#6438,#5025,#5026);
#4338=AXIS2_PLACEMENT_3D('',#6440,#5027,#5028);
#4339=AXIS2_PLACEMENT_3D('',#6442,#5029,#5030);
#4340=AXIS2_PLACEMENT_3D('',#6446,#5032,#5033);
#4341=AXIS2_PLACEMENT_3D('',#6448,#5034,#5035);
#4342=AXIS2_PLACEMENT_3D('',#6450,#5036,#5037);
#4343=AXIS2_PLACEMENT_3D('',#6454,#5039,#5040);
#4344=AXIS2_PLACEMENT_3D('',#6458,#5042,#5043);
#4345=AXIS2_PLACEMENT_3D('',#6460,#5044,#5045);
#4346=AXIS2_PLACEMENT_3D('',#6462,#5046,#5047);
#4347=AXIS2_PLACEMENT_3D('',#6466,#5049,#5050);
#4348=AXIS2_PLACEMENT_3D('',#6468,#5051,#5052);
#4349=AXIS2_PLACEMENT_3D('',#6470,#5053,#5054);
#4350=AXIS2_PLACEMENT_3D('',#6474,#5056,#5057);
#4351=AXIS2_PLACEMENT_3D('',#6476,#5058,#5059);
#4352=AXIS2_PLACEMENT_3D('',#6478,#5060,#5061);
#4353=AXIS2_PLACEMENT_3D('',#6482,#5063,#5064);
#4354=AXIS2_PLACEMENT_3D('',#6484,#5065,#5066);
#4355=AXIS2_PLACEMENT_3D('',#6486,#5067,#5068);
#4356=AXIS2_PLACEMENT_3D('',#6490,#5070,#5071);
#4357=AXIS2_PLACEMENT_3D('',#6492,#5073,#5074);
#4358=AXIS2_PLACEMENT_3D('',#6494,#5075,#5076);
#4359=AXIS2_PLACEMENT_3D('',#6496,#5078,#5079);
#4360=AXIS2_PLACEMENT_3D('',#6498,#5080,#5081);
#4361=AXIS2_PLACEMENT_3D('',#6500,#5083,#5084);
#4362=AXIS2_PLACEMENT_3D('',#6504,#5086,#5087);
#4363=AXIS2_PLACEMENT_3D('',#6506,#5089,#5090);
#4364=AXIS2_PLACEMENT_3D('',#6510,#5093,#5094);
#4365=AXIS2_PLACEMENT_3D('',#6514,#5096,#5097);
#4366=AXIS2_PLACEMENT_3D('',#6516,#5099,#5100);
#4367=AXIS2_PLACEMENT_3D('',#6518,#5102,#5103);
#4368=AXIS2_PLACEMENT_3D('',#6521,#5104,#5105);
#4369=AXIS2_PLACEMENT_3D('',#6524,#5108,#5109);
#4370=AXIS2_PLACEMENT_3D('',#6528,#5112,#5113);
#4371=AXIS2_PLACEMENT_3D('',#6532,#5115,#5116);
#4372=AXIS2_PLACEMENT_3D('',#6536,#5118,#5119);
#4373=AXIS2_PLACEMENT_3D('',#6538,#5120,#5121);
#4374=AXIS2_PLACEMENT_3D('',#6540,#5122,#5123);
#4375=AXIS2_PLACEMENT_3D('',#6544,#5125,#5126);
#4376=AXIS2_PLACEMENT_3D('',#6546,#5127,#5128);
#4377=AXIS2_PLACEMENT_3D('',#6548,#5129,#5130);
#4378=AXIS2_PLACEMENT_3D('',#6552,#5132,#5133);
#4379=AXIS2_PLACEMENT_3D('',#6554,#5134,#5135);
#4380=AXIS2_PLACEMENT_3D('',#6556,#5136,#5137);
#4381=AXIS2_PLACEMENT_3D('',#6560,#5139,#5140);
#4382=AXIS2_PLACEMENT_3D('',#6562,#5141,#5142);
#4383=AXIS2_PLACEMENT_3D('',#6564,#5143,#5144);
#4384=AXIS2_PLACEMENT_3D('',#6568,#5146,#5147);
#4385=AXIS2_PLACEMENT_3D('',#6572,#5149,#5150);
#4386=AXIS2_PLACEMENT_3D('',#6574,#5151,#5152);
#4387=AXIS2_PLACEMENT_3D('',#6576,#5153,#5154);
#4388=AXIS2_PLACEMENT_3D('',#6580,#5156,#5157);
#4389=AXIS2_PLACEMENT_3D('',#6582,#5158,#5159);
#4390=AXIS2_PLACEMENT_3D('',#6584,#5160,#5161);
#4391=AXIS2_PLACEMENT_3D('',#6588,#5163,#5164);
#4392=AXIS2_PLACEMENT_3D('',#6592,#5166,#5167);
#4393=AXIS2_PLACEMENT_3D('',#6594,#5168,#5169);
#4394=AXIS2_PLACEMENT_3D('',#6596,#5170,#5171);
#4395=AXIS2_PLACEMENT_3D('',#6600,#5173,#5174);
#4396=AXIS2_PLACEMENT_3D('',#6602,#5175,#5176);
#4397=AXIS2_PLACEMENT_3D('',#6604,#5177,#5178);
#4398=AXIS2_PLACEMENT_3D('',#6608,#5180,#5181);
#4399=AXIS2_PLACEMENT_3D('',#6610,#5182,#5183);
#4400=AXIS2_PLACEMENT_3D('',#6612,#5184,#5185);
#4401=AXIS2_PLACEMENT_3D('',#6616,#5187,#5188);
#4402=AXIS2_PLACEMENT_3D('',#6618,#5189,#5190);
#4403=AXIS2_PLACEMENT_3D('',#6620,#5191,#5192);
#4404=AXIS2_PLACEMENT_3D('',#6624,#5194,#5195);
#4405=AXIS2_PLACEMENT_3D('',#6628,#5197,#5198);
#4406=AXIS2_PLACEMENT_3D('',#6630,#5199,#5200);
#4407=AXIS2_PLACEMENT_3D('',#6632,#5201,#5202);
#4408=AXIS2_PLACEMENT_3D('',#6636,#5204,#5205);
#4409=AXIS2_PLACEMENT_3D('',#6640,#5207,#5208);
#4410=AXIS2_PLACEMENT_3D('',#6642,#5209,#5210);
#4411=AXIS2_PLACEMENT_3D('',#6644,#5211,#5212);
#4412=AXIS2_PLACEMENT_3D('',#6646,#5213,#5214);
#4413=AXIS2_PLACEMENT_3D('',#6648,#5215,#5216);
#4414=AXIS2_PLACEMENT_3D('',#6650,#5217,#5218);
#4415=AXIS2_PLACEMENT_3D('',#6652,#5219,#5220);
#4416=AXIS2_PLACEMENT_3D('',#6654,#5221,#5222);
#4417=AXIS2_PLACEMENT_3D('',#6656,#5223,#5224);
#4418=AXIS2_PLACEMENT_3D('',#6658,#5225,#5226);
#4419=AXIS2_PLACEMENT_3D('',#6660,#5227,#5228);
#4420=AXIS2_PLACEMENT_3D('',#6662,#5229,#5230);
#4421=AXIS2_PLACEMENT_3D('',#6664,#5231,#5232);
#4422=AXIS2_PLACEMENT_3D('',#6666,#5233,#5234);
#4423=AXIS2_PLACEMENT_3D('',#6670,#5236,#5237);
#4424=AXIS2_PLACEMENT_3D('',#6674,#5239,#5240);
#4425=AXIS2_PLACEMENT_3D('',#6678,#5242,#5243);
#4426=AXIS2_PLACEMENT_3D('',#6680,#5244,#5245);
#4427=AXIS2_PLACEMENT_3D('',#6684,#5247,#5248);
#4428=AXIS2_PLACEMENT_3D('',#6688,#5250,#5251);
#4429=AXIS2_PLACEMENT_3D('',#6692,#5253,#5254);
#4430=AXIS2_PLACEMENT_3D('',#6696,#5256,#5257);
#4431=AXIS2_PLACEMENT_3D('',#6700,#5259,#5260);
#4432=AXIS2_PLACEMENT_3D('',#6704,#5262,#5263);
#4433=AXIS2_PLACEMENT_3D('',#6720,#5271,#5272);
#4434=AXIS2_PLACEMENT_3D('',#6724,#5274,#5275);
#4435=AXIS2_PLACEMENT_3D('',#6728,#5277,#5278);
#4436=AXIS2_PLACEMENT_3D('',#6732,#5280,#5281);
#4437=AXIS2_PLACEMENT_3D('',#6736,#5283,#5284);
#4438=AXIS2_PLACEMENT_3D('',#6740,#5286,#5287);
#4439=AXIS2_PLACEMENT_3D('',#6744,#5289,#5290);
#4440=AXIS2_PLACEMENT_3D('',#6748,#5292,#5293);
#4441=AXIS2_PLACEMENT_3D('',#6752,#5295,#5296);
#4442=AXIS2_PLACEMENT_3D('',#6754,#5297,#5298);
#4443=AXIS2_PLACEMENT_3D('',#6756,#5299,#5300);
#4444=AXIS2_PLACEMENT_3D('',#6758,#5301,#5302);
#4445=AXIS2_PLACEMENT_3D('',#6760,#5303,#5304);
#4446=AXIS2_PLACEMENT_3D('',#6762,#5305,#5306);
#4447=AXIS2_PLACEMENT_3D('',#6764,#5307,#5308);
#4448=AXIS2_PLACEMENT_3D('',#6766,#5309,#5310);
#4449=AXIS2_PLACEMENT_3D('',#6768,#5311,#5312);
#4450=AXIS2_PLACEMENT_3D('',#6770,#5313,#5314);
#4451=AXIS2_PLACEMENT_3D('',#6772,#5315,#5316);
#4452=AXIS2_PLACEMENT_3D('',#6774,#5317,#5318);
#4453=AXIS2_PLACEMENT_3D('',#6776,#5319,#5320);
#4454=AXIS2_PLACEMENT_3D('',#6780,#5322,#5323);
#4455=AXIS2_PLACEMENT_3D('',#6784,#5325,#5326);
#4456=AXIS2_PLACEMENT_3D('',#6786,#5327,#5328);
#4457=AXIS2_PLACEMENT_3D('',#6788,#5329,#5330);
#4458=AXIS2_PLACEMENT_3D('',#6792,#5332,#5333);
#4459=AXIS2_PLACEMENT_3D('',#6794,#5334,#5335);
#4460=AXIS2_PLACEMENT_3D('',#6796,#5336,#5337);
#4461=AXIS2_PLACEMENT_3D('',#6800,#5339,#5340);
#4462=AXIS2_PLACEMENT_3D('',#6804,#5342,#5343);
#4463=AXIS2_PLACEMENT_3D('',#6806,#5344,#5345);
#4464=AXIS2_PLACEMENT_3D('',#6808,#5346,#5347);
#4465=AXIS2_PLACEMENT_3D('',#6810,#5348,#5349);
#4466=AXIS2_PLACEMENT_3D('',#6812,#5350,#5351);
#4467=AXIS2_PLACEMENT_3D('',#6814,#5352,#5353);
#4468=AXIS2_PLACEMENT_3D('',#6816,#5354,#5355);
#4469=AXIS2_PLACEMENT_3D('',#6818,#5356,#5357);
#4470=AXIS2_PLACEMENT_3D('',#6820,#5358,#5359);
#4471=AXIS2_PLACEMENT_3D('',#6822,#5360,#5361);
#4472=AXIS2_PLACEMENT_3D('',#6824,#5362,#5363);
#4473=AXIS2_PLACEMENT_3D('',#6826,#5364,#5365);
#4474=AXIS2_PLACEMENT_3D('',#6828,#5366,#5367);
#4475=AXIS2_PLACEMENT_3D('',#6832,#5369,#5370);
#4476=AXIS2_PLACEMENT_3D('',#6836,#5372,#5373);
#4477=AXIS2_PLACEMENT_3D('',#6840,#5375,#5376);
#4478=AXIS2_PLACEMENT_3D('',#6844,#5378,#5379);
#4479=AXIS2_PLACEMENT_3D('',#6848,#5381,#5382);
#4480=AXIS2_PLACEMENT_3D('',#6852,#5384,#5385);
#4481=AXIS2_PLACEMENT_3D('',#6856,#5387,#5388);
#4482=AXIS2_PLACEMENT_3D('',#6860,#5390,#5391);
#4483=AXIS2_PLACEMENT_3D('',#6876,#5399,#5400);
#4484=AXIS2_PLACEMENT_3D('',#6880,#5402,#5403);
#4485=AXIS2_PLACEMENT_3D('',#6883,#5405,#5406);
#4486=AXIS2_PLACEMENT_3D('',#6886,#5408,#5409);
#4487=AXIS2_PLACEMENT_3D('',#6888,#5410,#5411);
#4488=AXIS2_PLACEMENT_3D('',#6892,#5413,#5414);
#4489=AXIS2_PLACEMENT_3D('',#6896,#5416,#5417);
#4490=AXIS2_PLACEMENT_3D('',#6900,#5419,#5420);
#4491=AXIS2_PLACEMENT_3D('',#6902,#5421,#5422);
#4492=AXIS2_PLACEMENT_3D('',#6904,#5423,#5424);
#4493=AXIS2_PLACEMENT_3D('',#6906,#5425,#5426);
#4494=AXIS2_PLACEMENT_3D('',#6908,#5427,#5428);
#4495=AXIS2_PLACEMENT_3D('',#6910,#5429,#5430);
#4496=AXIS2_PLACEMENT_3D('',#6912,#5431,#5432);
#4497=AXIS2_PLACEMENT_3D('',#6914,#5433,#5434);
#4498=AXIS2_PLACEMENT_3D('',#6916,#5435,#5436);
#4499=AXIS2_PLACEMENT_3D('',#6918,#5437,#5438);
#4500=AXIS2_PLACEMENT_3D('',#6920,#5439,#5440);
#4501=AXIS2_PLACEMENT_3D('',#6922,#5441,#5442);
#4502=AXIS2_PLACEMENT_3D('',#6924,#5443,#5444);
#4503=AXIS2_PLACEMENT_3D('',#6926,#5445,#5446);
#4504=AXIS2_PLACEMENT_3D('',#6930,#5448,#5449);
#4505=AXIS2_PLACEMENT_3D('',#6932,#5451,#5452);
#4506=AXIS2_PLACEMENT_3D('',#6934,#5454,#5455);
#4507=AXIS2_PLACEMENT_3D('',#6936,#5457,#5458);
#4508=AXIS2_PLACEMENT_3D('',#6938,#5460,#5461);
#4509=AXIS2_PLACEMENT_3D('',#6941,#5464,#5465);
#4510=AXIS2_PLACEMENT_3D('',#6942,#5466,#5467);
#4511=AXIS2_PLACEMENT_3D('',#6945,#5470,#5471);
#4512=AXIS2_PLACEMENT_3D('',#6947,#5473,#5474);
#4513=AXIS2_PLACEMENT_3D('',#6950,#5477,#5478);
#4514=AXIS2_PLACEMENT_3D('',#6951,#5479,#5480);
#4515=AXIS2_PLACEMENT_3D('',#6954,#5483,#5484);
#4516=AXIS2_PLACEMENT_3D('',#6956,#5486,#5487);
#4517=AXIS2_PLACEMENT_3D('',#6958,#5489,#5490);
#4518=AXIS2_PLACEMENT_3D('',#6960,#5492,#5493);
#4519=AXIS2_PLACEMENT_3D('',#6962,#5495,#5496);
#4520=AXIS2_PLACEMENT_3D('',#6965,#5499,#5500);
#4521=AXIS2_PLACEMENT_3D('',#6966,#5501,#5502);
#4522=AXIS2_PLACEMENT_3D('',#6969,#5505,#5506);
#4523=AXIS2_PLACEMENT_3D('',#6971,#5508,#5509);
#4524=AXIS2_PLACEMENT_3D('',#6973,#5511,#5512);
#4525=AXIS2_PLACEMENT_3D('',#6975,#5514,#5515);
#4526=AXIS2_PLACEMENT_3D('',#6978,#5518,#5519);
#4527=AXIS2_PLACEMENT_3D('',#6980,#5521,#5522);
#4528=AXIS2_PLACEMENT_3D('',#6982,#5524,#5525);
#4529=AXIS2_PLACEMENT_3D('',#6984,#5527,#5528);
#4530=AXIS2_PLACEMENT_3D('',#6986,#5530,#5531);
#4531=AXIS2_PLACEMENT_3D('',#6988,#5533,#5534);
#4532=AXIS2_PLACEMENT_3D('',#6990,#5536,#5537);
#4533=AXIS2_PLACEMENT_3D('',#6992,#5539,#5540);
#4534=AXIS2_PLACEMENT_3D('',#6994,#5542,#5543);
#4535=AXIS2_PLACEMENT_3D('',#6996,#5545,#5546);
#4536=AXIS2_PLACEMENT_3D('',#6998,#5548,#5549);
#4537=AXIS2_PLACEMENT_3D('',#7000,#5551,#5552);
#4538=AXIS2_PLACEMENT_3D('',#7002,#5554,#5555);
#4539=AXIS2_PLACEMENT_3D('',#7004,#5557,#5558);
#4540=AXIS2_PLACEMENT_3D('',#7006,#5560,#5561);
#4541=AXIS2_PLACEMENT_3D('',#7009,#5564,#5565);
#4542=AXIS2_PLACEMENT_3D('',#7011,#5567,#5568);
#4543=AXIS2_PLACEMENT_3D('',#7013,#5570,#5571);
#4544=AXIS2_PLACEMENT_3D('',#7015,#5573,#5574);
#4545=AXIS2_PLACEMENT_3D('',#7017,#5576,#5577);
#4546=AXIS2_PLACEMENT_3D('',#7019,#5579,#5580);
#4547=AXIS2_PLACEMENT_3D('',#7021,#5582,#5583);
#4548=AXIS2_PLACEMENT_3D('',#7023,#5585,#5586);
#4549=AXIS2_PLACEMENT_3D('',#7025,#5588,#5589);
#4550=AXIS2_PLACEMENT_3D('',#7027,#5591,#5592);
#4551=AXIS2_PLACEMENT_3D('',#7029,#5594,#5595);
#4552=AXIS2_PLACEMENT_3D('',#7031,#5597,#5598);
#4553=AXIS2_PLACEMENT_3D('',#7033,#5600,#5601);
#4554=AXIS2_PLACEMENT_3D('',#7035,#5603,#5604);
#4555=AXIS2_PLACEMENT_3D('',#7037,#5606,#5607);
#4556=AXIS2_PLACEMENT_3D('',#7039,#5609,#5610);
#4557=AXIS2_PLACEMENT_3D('',#7041,#5612,#5613);
#4558=AXIS2_PLACEMENT_3D('',#7043,#5615,#5616);
#4559=AXIS2_PLACEMENT_3D('',#7045,#5618,#5619);
#4560=AXIS2_PLACEMENT_3D('',#7047,#5621,#5622);
#4561=AXIS2_PLACEMENT_3D('',#7049,#5624,#5625);
#4562=AXIS2_PLACEMENT_3D('',#7051,#5627,#5628);
#4563=AXIS2_PLACEMENT_3D('',#7053,#5630,#5631);
#4564=AXIS2_PLACEMENT_3D('',#7054,#5632,#5633);
#4565=AXIS2_PLACEMENT_3D('',#7055,#5634,#5635);
#4566=AXIS2_PLACEMENT_3D('',#7057,#5637,#5638);
#4567=AXIS2_PLACEMENT_3D('',#7059,#5640,#5641);
#4568=AXIS2_PLACEMENT_3D('',#7061,#5643,#5644);
#4569=AXIS2_PLACEMENT_3D('',#7063,#5646,#5647);
#4570=AXIS2_PLACEMENT_3D('',#7065,#5649,#5650);
#4571=AXIS2_PLACEMENT_3D('',#7066,#5651,#5652);
#4572=AXIS2_PLACEMENT_3D('',#7067,#5653,#5654);
#4573=AXIS2_PLACEMENT_3D('',#7069,#5656,#5657);
#4574=AXIS2_PLACEMENT_3D('',#7071,#5659,#5660);
#4575=AXIS2_PLACEMENT_3D('',#7073,#5662,#5663);
#4576=AXIS2_PLACEMENT_3D('',#7075,#5665,#5666);
#4577=AXIS2_PLACEMENT_3D('',#7077,#5668,#5669);
#4578=AXIS2_PLACEMENT_3D('',#7079,#5671,#5672);
#4579=AXIS2_PLACEMENT_3D('',#7081,#5674,#5675);
#4580=AXIS2_PLACEMENT_3D('',#7083,#5677,#5678);
#4581=AXIS2_PLACEMENT_3D('',#7085,#5680,#5681);
#4582=AXIS2_PLACEMENT_3D('',#7087,#5683,#5684);
#4583=AXIS2_PLACEMENT_3D('',#7089,#5686,#5687);
#4584=AXIS2_PLACEMENT_3D('',#7091,#5689,#5690);
#4585=AXIS2_PLACEMENT_3D('',#7093,#5692,#5693);
#4586=AXIS2_PLACEMENT_3D('',#7095,#5695,#5696);
#4587=AXIS2_PLACEMENT_3D('',#7097,#5698,#5699);
#4588=AXIS2_PLACEMENT_3D('',#7099,#5701,#5702);
#4589=AXIS2_PLACEMENT_3D('',#7101,#5704,#5705);
#4590=AXIS2_PLACEMENT_3D('',#7103,#5707,#5708);
#4591=AXIS2_PLACEMENT_3D('',#7105,#5710,#5711);
#4592=AXIS2_PLACEMENT_3D('',#7107,#5713,#5714);
#4593=AXIS2_PLACEMENT_3D('',#7109,#5716,#5717);
#4594=AXIS2_PLACEMENT_3D('',#7111,#5719,#5720);
#4595=AXIS2_PLACEMENT_3D('',#7113,#5722,#5723);
#4596=AXIS2_PLACEMENT_3D('',#7114,#5724,#5725);
#4597=AXIS2_PLACEMENT_3D('',#7116,#5727,#5728);
#4598=AXIS2_PLACEMENT_3D('',#7118,#5730,#5731);
#4599=AXIS2_PLACEMENT_3D('',#7119,#5732,#5733);
#4600=AXIS2_PLACEMENT_3D('',#7121,#5735,#5736);
#4601=AXIS2_PLACEMENT_3D('',#7122,#5737,#5738);
#4602=AXIS2_PLACEMENT_3D('',#7125,#5741,#5742);
#4603=AXIS2_PLACEMENT_3D('',#7127,#5744,#5745);
#4604=AXIS2_PLACEMENT_3D('',#7129,#5747,#5748);
#4605=AXIS2_PLACEMENT_3D('',#7131,#5750,#5751);
#4606=AXIS2_PLACEMENT_3D('',#7134,#5754,#5755);
#4607=AXIS2_PLACEMENT_3D('',#7136,#5757,#5758);
#4608=AXIS2_PLACEMENT_3D('',#7138,#5760,#5761);
#4609=AXIS2_PLACEMENT_3D('',#7140,#5763,#5764);
#4610=AXIS2_PLACEMENT_3D('',#7142,#5766,#5767);
#4611=AXIS2_PLACEMENT_3D('',#7144,#5769,#5770);
#4612=AXIS2_PLACEMENT_3D('',#7146,#5772,#5773);
#4613=AXIS2_PLACEMENT_3D('',#7148,#5775,#5776);
#4614=AXIS2_PLACEMENT_3D('',#7150,#5778,#5779);
#4615=AXIS2_PLACEMENT_3D('',#7152,#5781,#5782);
#4616=AXIS2_PLACEMENT_3D('',#7154,#5784,#5785);
#4617=AXIS2_PLACEMENT_3D('',#7156,#5787,#5788);
#4618=AXIS2_PLACEMENT_3D('',#7159,#5791,#5792);
#4619=AXIS2_PLACEMENT_3D('',#7161,#5794,#5795);
#4620=AXIS2_PLACEMENT_3D('',#7163,#5797,#5798);
#4621=AXIS2_PLACEMENT_3D('',#7165,#5800,#5801);
#4622=AXIS2_PLACEMENT_3D('',#7167,#5803,#5804);
#4623=AXIS2_PLACEMENT_3D('',#7169,#5806,#5807);
#4624=AXIS2_PLACEMENT_3D('',#7171,#5809,#5810);
#4625=AXIS2_PLACEMENT_3D('',#7173,#5812,#5813);
#4626=AXIS2_PLACEMENT_3D('',#7175,#5815,#5816);
#4627=AXIS2_PLACEMENT_3D('',#7177,#5818,#5819);
#4628=AXIS2_PLACEMENT_3D('',#7179,#5821,#5822);
#4629=AXIS2_PLACEMENT_3D('',#7181,#5824,#5825);
#4630=AXIS2_PLACEMENT_3D('',#7184,#5828,#5829);
#4631=AXIS2_PLACEMENT_3D('',#7186,#5831,#5832);
#4632=AXIS2_PLACEMENT_3D('',#7188,#5834,#5835);
#4633=AXIS2_PLACEMENT_3D('',#7190,#5837,#5838);
#4634=AXIS2_PLACEMENT_3D('',#7193,#5841,#5842);
#4635=AXIS2_PLACEMENT_3D('',#7195,#5844,#5845);
#4636=AXIS2_PLACEMENT_3D('',#7197,#5847,#5848);
#4637=AXIS2_PLACEMENT_3D('',#7199,#5850,#5851);
#4638=AXIS2_PLACEMENT_3D('',#7201,#5853,#5854);
#4639=AXIS2_PLACEMENT_3D('',#7203,#5856,#5857);
#4640=AXIS2_PLACEMENT_3D('',#7205,#5859,#5860);
#4641=AXIS2_PLACEMENT_3D('',#7207,#5862,#5863);
#4642=AXIS2_PLACEMENT_3D('',#7209,#5865,#5866);
#4643=AXIS2_PLACEMENT_3D('',#7211,#5868,#5869);
#4644=AXIS2_PLACEMENT_3D('',#7213,#5871,#5872);
#4645=AXIS2_PLACEMENT_3D('',#7215,#5874,#5875);
#4646=AXIS2_PLACEMENT_3D('',#7217,#5877,#5878);
#4647=AXIS2_PLACEMENT_3D('',#7219,#5880,#5881);
#4648=AXIS2_PLACEMENT_3D('',#7221,#5883,#5884);
#4649=AXIS2_PLACEMENT_3D('',#7223,#5886,#5887);
#4650=AXIS2_PLACEMENT_3D('',#7225,#5889,#5890);
#4651=AXIS2_PLACEMENT_3D('',#7227,#5892,#5893);
#4652=AXIS2_PLACEMENT_3D('',#7229,#5895,#5896);
#4653=AXIS2_PLACEMENT_3D('',#7231,#5898,#5899);
#4654=AXIS2_PLACEMENT_3D('',#7233,#5901,#5902);
#4655=AXIS2_PLACEMENT_3D('',#7235,#5904,#5905);
#4656=AXIS2_PLACEMENT_3D('',#7237,#5907,#5908);
#4657=AXIS2_PLACEMENT_3D('',#7239,#5910,#5911);
#4658=AXIS2_PLACEMENT_3D('',#7241,#5913,#5914);
#4659=AXIS2_PLACEMENT_3D('',#7243,#5916,#5917);
#4660=AXIS2_PLACEMENT_3D('',#7245,#5919,#5920);
#4661=AXIS2_PLACEMENT_3D('',#7247,#5922,#5923);
#4662=AXIS2_PLACEMENT_3D('',#7249,#5925,#5926);
#4663=AXIS2_PLACEMENT_3D('',#7251,#5928,#5929);
#4664=AXIS2_PLACEMENT_3D('',#7253,#5931,#5932);
#4665=AXIS2_PLACEMENT_3D('',#7255,#5934,#5935);
#4666=AXIS2_PLACEMENT_3D('',#7257,#5937,#5938);
#4667=AXIS2_PLACEMENT_3D('',#7259,#5940,#5941);
#4668=AXIS2_PLACEMENT_3D('',#7261,#5943,#5944);
#4669=AXIS2_PLACEMENT_3D('',#7263,#5946,#5947);
#4670=AXIS2_PLACEMENT_3D('',#7265,#5949,#5950);
#4671=AXIS2_PLACEMENT_3D('',#7267,#5952,#5953);
#4672=AXIS2_PLACEMENT_3D('',#7269,#5955,#5956);
#4673=AXIS2_PLACEMENT_3D('',#7270,#5957,#5958);
#4674=AXIS2_PLACEMENT_3D('',#7272,#5960,#5961);
#4675=AXIS2_PLACEMENT_3D('',#7274,#5963,#5964);
#4676=AXIS2_PLACEMENT_3D('',#7276,#5966,#5967);
#4677=AXIS2_PLACEMENT_3D('',#7278,#5969,#5970);
#4678=AXIS2_PLACEMENT_3D('',#7280,#5972,#5973);
#4679=AXIS2_PLACEMENT_3D('',#7281,#5974,#5975);
#4680=AXIS2_PLACEMENT_3D('',#7283,#5977,#5978);
#4681=AXIS2_PLACEMENT_3D('',#7285,#5980,#5981);
#4682=AXIS2_PLACEMENT_3D('',#7287,#5983,#5984);
#4683=AXIS2_PLACEMENT_3D('',#7289,#5986,#5987);
#4684=AXIS2_PLACEMENT_3D('',#7291,#5989,#5990);
#4685=AXIS2_PLACEMENT_3D('',#7293,#5992,#5993);
#4686=AXIS2_PLACEMENT_3D('',#7295,#5995,#5996);
#4687=AXIS2_PLACEMENT_3D('',#7297,#5998,#5999);
#4688=AXIS2_PLACEMENT_3D('',#7299,#6001,#6002);
#4689=AXIS2_PLACEMENT_3D('',#7301,#6004,#6005);
#4690=AXIS2_PLACEMENT_3D('',#7303,#6007,#6008);
#4691=AXIS2_PLACEMENT_3D('',#7305,#6010,#6011);
#4692=AXIS2_PLACEMENT_3D('',#7307,#6013,#6014);
#4693=AXIS2_PLACEMENT_3D('',#7309,#6016,#6017);
#4694=AXIS2_PLACEMENT_3D('',#7311,#6019,#6020);
#4695=AXIS2_PLACEMENT_3D('',#7313,#6022,#6023);
#4696=AXIS2_PLACEMENT_3D('',#7315,#6025,#6026);
#4697=AXIS2_PLACEMENT_3D('',#7317,#6028,#6029);
#4698=AXIS2_PLACEMENT_3D('',#7319,#6031,#6032);
#4699=AXIS2_PLACEMENT_3D('',#7321,#6034,#6035);
#4700=AXIS2_PLACEMENT_3D('',#7323,#6037,#6038);
#4701=AXIS2_PLACEMENT_3D('',#7325,#6040,#6041);
#4702=AXIS2_PLACEMENT_3D('',#7327,#6043,#6044);
#4703=AXIS2_PLACEMENT_3D('',#7328,#6045,#6046);
#4704=AXIS2_PLACEMENT_3D('',#7330,#6048,#6049);
#4705=AXIS2_PLACEMENT_3D('',#7331,#6050,#6051);
#4706=AXIS2_PLACEMENT_3D('',#7333,#6053,#6054);
#4707=AXIS2_PLACEMENT_3D('',#7334,#6055,#6056);
#4708=AXIS2_PLACEMENT_3D('',#7335,#6057,#6058);
#4709=DIRECTION('axis',(0.,0.,1.));
#4710=DIRECTION('refdir',(1.,0.,0.));
#4711=DIRECTION('axis',(0.,0.,1.));
#4712=DIRECTION('refdir',(1.,0.,0.));
#4713=DIRECTION('center_axis',(0.,0.,1.));
#4714=DIRECTION('ref_axis',(-0.54916964736527,-0.835710894037349,0.));
#4715=DIRECTION('center_axis',(0.,0.,-1.));
#4716=DIRECTION('ref_axis',(-0.54916964736527,-0.835710894037349,0.));
#4717=DIRECTION('',(0.,0.,-1.));
#4718=DIRECTION('center_axis',(0.,0.,1.));
#4719=DIRECTION('ref_axis',(-0.54916964736527,-0.835710894037349,0.));
#4720=DIRECTION('',(0.,0.,1.));
#4721=DIRECTION('center_axis',(0.,0.,1.));
#4722=DIRECTION('ref_axis',(1.,0.,0.));
#4723=DIRECTION('center_axis',(0.,0.,1.));
#4724=DIRECTION('ref_axis',(0.,-1.,0.));
#4725=DIRECTION('center_axis',(0.,0.,1.));
#4726=DIRECTION('ref_axis',(-0.83571089403734,-0.549169647365284,0.));
#4727=DIRECTION('',(0.,1.,0.));
#4728=DIRECTION('center_axis',(0.,0.,-1.));
#4729=DIRECTION('ref_axis',(-1.,0.,0.));
#4730=DIRECTION('',(1.,-2.91976201482639E-15,0.));
#4731=DIRECTION('center_axis',(0.,0.,1.));
#4732=DIRECTION('ref_axis',(-0.508961111611633,0.860789513683253,0.));
#4733=DIRECTION('center_axis',(0.,0.,-1.));
#4734=DIRECTION('ref_axis',(-0.508961111611629,0.860789513683255,0.));
#4735=DIRECTION('center_axis',(0.,0.,1.));
#4736=DIRECTION('ref_axis',(-0.0213033723943378,0.999773057410845,0.));
#4737=DIRECTION('center_axis',(0.,0.,1.));
#4738=DIRECTION('ref_axis',(-0.704377985549156,0.709825086534502,0.));
#4739=DIRECTION('center_axis',(0.,0.,1.));
#4740=DIRECTION('ref_axis',(-0.966631327327225,-0.256171577325835,0.));
#4741=DIRECTION('center_axis',(0.,0.,-1.));
#4742=DIRECTION('ref_axis',(-0.96663132732722,-0.256171577325854,0.));
#4743=DIRECTION('center_axis',(0.,0.,1.));
#4744=DIRECTION('ref_axis',(-0.999773057410845,-0.0213033723943242,0.));
#4745=DIRECTION('center_axis',(0.,0.,1.));
#4746=DIRECTION('ref_axis',(-0.706723030087005,-0.707490324134996,0.));
#4747=DIRECTION('center_axis',(0.,0.,1.));
#4748=DIRECTION('ref_axis',(0.260416710510965,-0.965496316350636,0.));
#4749=DIRECTION('center_axis',(0.,0.,-1.));
#4750=DIRECTION('ref_axis',(0.260416710510956,-0.965496316350639,0.));
#4751=DIRECTION('center_axis',(0.,0.,1.));
#4752=DIRECTION('ref_axis',(0.0256964057547828,-0.999669792847261,0.));
#4753=DIRECTION('center_axis',(0.,0.,1.));
#4754=DIRECTION('ref_axis',(0.613883111972531,-0.789396937437004,0.));
#4755=DIRECTION('center_axis',(0.,0.,1.));
#4756=DIRECTION('ref_axis',(0.990426490869151,0.138041175685445,0.));
#4757=DIRECTION('center_axis',(0.,0.,-1.));
#4758=DIRECTION('ref_axis',(0.990426490869152,0.138041175685437,0.));
#4759=DIRECTION('',(-1.,-4.66029298189799E-15,0.));
#4760=DIRECTION('center_axis',(0.,0.,-1.));
#4761=DIRECTION('ref_axis',(0.,-1.,0.));
#4762=DIRECTION('',(0.,1.,0.));
#4763=DIRECTION('center_axis',(0.,0.,-1.));
#4764=DIRECTION('ref_axis',(-1.,0.,0.));
#4765=DIRECTION('',(1.,-1.10888128683358E-14,0.));
#4766=DIRECTION('center_axis',(0.,0.,1.));
#4767=DIRECTION('ref_axis',(-0.726184377413893,0.687499999999997,0.));
#4768=DIRECTION('center_axis',(0.,0.,-1.));
#4769=DIRECTION('ref_axis',(-0.726184377413887,0.687500000000004,0.));
#4770=DIRECTION('',(1.,-9.42864564437502E-16,0.));
#4771=DIRECTION('center_axis',(0.,0.,-1.));
#4772=DIRECTION('ref_axis',(0.70710678118656,-0.707106781186535,0.));
#4773=DIRECTION('',(0.,1.,0.));
#4774=DIRECTION('center_axis',(0.,0.,-1.));
#4775=DIRECTION('ref_axis',(0.707106781186548,0.707106781186548,0.));
#4776=DIRECTION('',(-1.,0.,0.));
#4777=DIRECTION('center_axis',(0.,0.,1.));
#4778=DIRECTION('ref_axis',(-0.70710678118656,-0.707106781186535,0.));
#4779=DIRECTION('',(0.,1.,0.));
#4780=DIRECTION('center_axis',(0.,0.,1.));
#4781=DIRECTION('ref_axis',(-0.707106781186554,0.707106781186541,0.));
#4782=DIRECTION('',(1.,0.,0.));
#4783=DIRECTION('center_axis',(0.,0.,-1.));
#4784=DIRECTION('ref_axis',(0.707106781186554,-0.707106781186541,0.));
#4785=DIRECTION('',(4.44089209850062E-15,1.,0.));
#4786=DIRECTION('center_axis',(0.,0.,-1.));
#4787=DIRECTION('ref_axis',(0.70710678118656,0.707106781186535,0.));
#4788=DIRECTION('',(-1.,0.,0.));
#4789=DIRECTION('',(0.,1.,0.));
#4790=DIRECTION('',(1.,-8.88178419700119E-16,0.));
#4791=DIRECTION('',(0.,1.,0.));
#4792=DIRECTION('',(-1.,0.,0.));
#4793=DIRECTION('',(0.,1.,0.));
#4794=DIRECTION('',(1.,0.,0.));
#4795=DIRECTION('center_axis',(0.,0.,-1.));
#4796=DIRECTION('ref_axis',(0.707106781186554,-0.707106781186541,0.));
#4797=DIRECTION('',(4.44089209850062E-15,1.,0.));
#4798=DIRECTION('center_axis',(0.,0.,-1.));
#4799=DIRECTION('ref_axis',(0.707106781186554,0.707106781186541,0.));
#4800=DIRECTION('',(-1.,0.,0.));
#4801=DIRECTION('center_axis',(0.,0.,1.));
#4802=DIRECTION('ref_axis',(-0.707106781186554,-0.707106781186541,0.));
#4803=DIRECTION('',(5.9211894646675E-15,1.,0.));
#4804=DIRECTION('center_axis',(0.,0.,1.));
#4805=DIRECTION('ref_axis',(-0.707106781186551,0.707106781186544,0.));
#4806=DIRECTION('',(1.,0.,0.));
#4807=DIRECTION('center_axis',(0.,0.,-1.));
#4808=DIRECTION('ref_axis',(0.707106781186551,-0.707106781186544,0.));
#4809=DIRECTION('',(0.,1.,0.));
#4810=DIRECTION('center_axis',(0.,0.,-1.));
#4811=DIRECTION('ref_axis',(0.707106781186551,0.707106781186544,0.));
#4812=DIRECTION('',(-1.,-4.82989396590171E-16,0.));
#4813=DIRECTION('center_axis',(0.,0.,-1.));
#4814=DIRECTION('ref_axis',(0.,-1.,0.));
#4815=DIRECTION('',(-0.857167300702109,0.515038074910059,0.));
#4816=DIRECTION('center_axis',(0.,0.,-1.));
#4817=DIRECTION('ref_axis',(-0.51503807491006,-0.857167300702109,0.));
#4818=DIRECTION('',(0.70710678118654,0.707106781186555,0.));
#4819=DIRECTION('center_axis',(0.,0.,-1.));
#4820=DIRECTION('ref_axis',(-0.707106781186547,0.707106781186547,0.));
#4821=DIRECTION('center_axis',(0.,0.,1.));
#4822=DIRECTION('ref_axis',(-0.449452051083826,0.89330445749282,0.));
#4823=DIRECTION('center_axis',(0.,0.,1.));
#4824=DIRECTION('ref_axis',(-0.918993053301302,0.394273722157527,0.));
#4825=DIRECTION('center_axis',(0.,0.,1.));
#4826=DIRECTION('ref_axis',(-0.800281398104245,-0.599624619114588,0.));
#4827=DIRECTION('center_axis',(0.,0.,-1.));
#4828=DIRECTION('ref_axis',(-0.800281398104261,-0.599624619114566,0.));
#4829=DIRECTION('center_axis',(0.,0.,1.));
#4830=DIRECTION('ref_axis',(-0.918993053301298,-0.394273722157535,0.));
#4831=DIRECTION('center_axis',(0.,0.,1.));
#4832=DIRECTION('ref_axis',(-0.394273722157526,-0.918993053301302,0.));
#4833=DIRECTION('center_axis',(0.,0.,1.));
#4834=DIRECTION('ref_axis',(0.599624619114584,-0.800281398104248,0.));
#4835=DIRECTION('center_axis',(0.,0.,-1.));
#4836=DIRECTION('ref_axis',(0.599624619114575,-0.800281398104255,0.));
#4837=DIRECTION('center_axis',(0.,0.,1.));
#4838=DIRECTION('ref_axis',(0.394273722157528,-0.918993053301301,0.));
#4839=DIRECTION('center_axis',(0.,0.,1.));
#4840=DIRECTION('ref_axis',(0.893304457492824,-0.449452051083819,0.));
#4841=DIRECTION('center_axis',(0.,0.,1.));
#4842=DIRECTION('ref_axis',(0.835278322673113,0.549827358061047,0.));
#4843=DIRECTION('center_axis',(0.,0.,-1.));
#4844=DIRECTION('ref_axis',(0.835278322673118,0.54982735806104,0.));
#4845=DIRECTION('',(-0.707106781186543,-0.707106781186552,0.));
#4846=DIRECTION('center_axis',(0.,0.,-1.));
#4847=DIRECTION('ref_axis',(0.707106781186547,-0.707106781186548,0.));
#4848=DIRECTION('',(-0.707106781186575,0.70710678118652,0.));
#4849=DIRECTION('center_axis',(0.,0.,-1.));
#4850=DIRECTION('ref_axis',(-0.707106781186551,-0.707106781186544,0.));
#4851=DIRECTION('center_axis',(0.,0.,-1.));
#4852=DIRECTION('ref_axis',(-0.992092306574858,0.125510378993043,0.));
#4853=DIRECTION('center_axis',(0.,0.,1.));
#4854=DIRECTION('ref_axis',(0.,-1.,0.));
#4855=DIRECTION('',(-1.,1.2783770905207E-16,0.));
#4856=DIRECTION('center_axis',(0.,0.,-1.));
#4857=DIRECTION('ref_axis',(0.,-1.,0.));
#4858=DIRECTION('center_axis',(0.,0.,1.));
#4859=DIRECTION('ref_axis',(0.992092306574858,0.125510378993043,0.));
#4860=DIRECTION('center_axis',(0.,0.,1.));
#4861=DIRECTION('ref_axis',(0.707106781186551,-0.707106781186544,0.));
#4862=DIRECTION('',(0.707106781186575,0.70710678118652,0.));
#4863=DIRECTION('center_axis',(0.,0.,1.));
#4864=DIRECTION('ref_axis',(-0.707106781186547,-0.707106781186548,0.));
#4865=DIRECTION('',(0.707106781186543,-0.707106781186552,0.));
#4866=DIRECTION('center_axis',(0.,0.,1.));
#4867=DIRECTION('ref_axis',(-0.835278322673118,0.54982735806104,0.));
#4868=DIRECTION('center_axis',(0.,0.,-1.));
#4869=DIRECTION('ref_axis',(-0.835278322673113,0.549827358061047,0.));
#4870=DIRECTION('center_axis',(0.,0.,-1.));
#4871=DIRECTION('ref_axis',(-0.893304457492824,-0.449452051083819,0.));
#4872=DIRECTION('center_axis',(0.,0.,-1.));
#4873=DIRECTION('ref_axis',(-0.394273722157528,-0.918993053301301,0.));
#4874=DIRECTION('center_axis',(0.,0.,1.));
#4875=DIRECTION('ref_axis',(-0.599624619114575,-0.800281398104255,0.));
#4876=DIRECTION('center_axis',(0.,0.,-1.));
#4877=DIRECTION('ref_axis',(-0.599624619114584,-0.800281398104248,0.));
#4878=DIRECTION('center_axis',(0.,0.,-1.));
#4879=DIRECTION('ref_axis',(0.394273722157526,-0.918993053301302,0.));
#4880=DIRECTION('center_axis',(0.,0.,-1.));
#4881=DIRECTION('ref_axis',(0.918993053301298,-0.394273722157535,0.));
#4882=DIRECTION('center_axis',(0.,0.,1.));
#4883=DIRECTION('ref_axis',(0.800281398104261,-0.599624619114566,0.));
#4884=DIRECTION('center_axis',(0.,0.,-1.));
#4885=DIRECTION('ref_axis',(0.800281398104245,-0.599624619114588,0.));
#4886=DIRECTION('center_axis',(0.,0.,-1.));
#4887=DIRECTION('ref_axis',(0.918993053301302,0.394273722157527,0.));
#4888=DIRECTION('center_axis',(0.,0.,-1.));
#4889=DIRECTION('ref_axis',(0.449452051083826,0.89330445749282,0.));
#4890=DIRECTION('center_axis',(0.,0.,1.));
#4891=DIRECTION('ref_axis',(0.707106781186547,0.707106781186547,0.));
#4892=DIRECTION('',(-0.70710678118654,0.707106781186555,0.));
#4893=DIRECTION('center_axis',(0.,0.,1.));
#4894=DIRECTION('ref_axis',(0.51503807491006,-0.857167300702109,0.));
#4895=DIRECTION('',(0.857167300702109,0.515038074910059,0.));
#4896=DIRECTION('center_axis',(0.,0.,1.));
#4897=DIRECTION('ref_axis',(0.,-1.,0.));
#4898=DIRECTION('',(1.,-4.82989396590171E-16,0.));
#4899=DIRECTION('center_axis',(0.,0.,-1.));
#4900=DIRECTION('ref_axis',(-0.707106781186551,0.707106781186544,0.));
#4901=DIRECTION('',(0.,1.,0.));
#4902=DIRECTION('center_axis',(0.,0.,-1.));
#4903=DIRECTION('ref_axis',(-0.707106781186554,-0.707106781186541,0.));
#4904=DIRECTION('',(-1.,0.,0.));
#4905=DIRECTION('center_axis',(0.,0.,1.));
#4906=DIRECTION('ref_axis',(0.707106781186526,0.70710678118657,0.));
#4907=DIRECTION('',(-5.9211894646675E-15,1.,0.));
#4908=DIRECTION('center_axis',(0.,0.,1.));
#4909=DIRECTION('ref_axis',(0.707106781186554,-0.707106781186541,0.));
#4910=DIRECTION('',(1.,0.,0.));
#4911=DIRECTION('center_axis',(0.,0.,-1.));
#4912=DIRECTION('ref_axis',(-0.707106781186579,0.707106781186516,0.));
#4913=DIRECTION('',(-4.44089209850062E-15,1.,0.));
#4914=DIRECTION('center_axis',(0.,0.,-1.));
#4915=DIRECTION('ref_axis',(-0.707106781186554,-0.707106781186541,0.));
#4916=DIRECTION('',(-1.,0.,0.));
#4917=DIRECTION('',(0.,1.,0.));
#4918=DIRECTION('',(1.,0.,0.));
#4919=DIRECTION('',(0.,1.,0.));
#4920=DIRECTION('',(-1.,-8.88178419700119E-16,0.));
#4921=DIRECTION('',(0.,1.,0.));
#4922=DIRECTION('',(1.,0.,0.));
#4923=DIRECTION('center_axis',(0.,0.,-1.));
#4924=DIRECTION('ref_axis',(-0.707106781186585,0.70710678118651,0.));
#4925=DIRECTION('',(-4.44089209850062E-15,1.,0.));
#4926=DIRECTION('center_axis',(0.,0.,-1.));
#4927=DIRECTION('ref_axis',(-0.707106781186548,-0.707106781186548,0.));
#4928=DIRECTION('',(-1.,0.,0.));
#4929=DIRECTION('center_axis',(0.,0.,1.));
#4930=DIRECTION('ref_axis',(0.707106781186554,0.707106781186541,0.));
#4931=DIRECTION('',(0.,1.,0.));
#4932=DIRECTION('center_axis',(0.,0.,1.));
#4933=DIRECTION('ref_axis',(0.70710678118656,-0.707106781186535,0.));
#4934=DIRECTION('',(1.,0.,0.));
#4935=DIRECTION('center_axis',(0.,0.,-1.));
#4936=DIRECTION('ref_axis',(-0.70710678118656,0.707106781186535,0.));
#4937=DIRECTION('',(0.,1.,0.));
#4938=DIRECTION('center_axis',(0.,0.,-1.));
#4939=DIRECTION('ref_axis',(-0.70710678118656,-0.707106781186535,0.));
#4940=DIRECTION('',(-1.,-9.42864564437502E-16,0.));
#4941=DIRECTION('center_axis',(0.,0.,1.));
#4942=DIRECTION('ref_axis',(0.726184377413887,0.687500000000004,0.));
#4943=DIRECTION('center_axis',(0.,0.,-1.));
#4944=DIRECTION('ref_axis',(0.726184377413893,0.687499999999997,0.));
#4945=DIRECTION('',(-1.,-1.10888128683358E-14,0.));
#4946=DIRECTION('center_axis',(0.,0.,1.));
#4947=DIRECTION('ref_axis',(1.,0.,0.));
#4948=DIRECTION('',(0.,1.,0.));
#4949=DIRECTION('center_axis',(0.,0.,1.));
#4950=DIRECTION('ref_axis',(0.,-1.,0.));
#4951=DIRECTION('',(1.,-4.66029298189799E-15,0.));
#4952=DIRECTION('center_axis',(0.,0.,1.));
#4953=DIRECTION('ref_axis',(-0.990426490869152,0.138041175685437,0.));
#4954=DIRECTION('center_axis',(0.,0.,-1.));
#4955=DIRECTION('ref_axis',(-0.990426490869151,0.138041175685445,0.));
#4956=DIRECTION('center_axis',(0.,0.,-1.));
#4957=DIRECTION('ref_axis',(-0.613883111972531,-0.789396937437004,0.));
#4958=DIRECTION('center_axis',(0.,0.,-1.));
#4959=DIRECTION('ref_axis',(-0.0256964057547828,-0.999669792847261,0.));
#4960=DIRECTION('center_axis',(0.,0.,1.));
#4961=DIRECTION('ref_axis',(-0.260416710510956,-0.965496316350639,0.));
#4962=DIRECTION('center_axis',(0.,0.,-1.));
#4963=DIRECTION('ref_axis',(-0.260416710510965,-0.965496316350636,0.));
#4964=DIRECTION('center_axis',(0.,0.,-1.));
#4965=DIRECTION('ref_axis',(0.706723030087005,-0.707490324134996,0.));
#4966=DIRECTION('center_axis',(0.,0.,-1.));
#4967=DIRECTION('ref_axis',(0.999773057410845,-0.0213033723943242,0.));
#4968=DIRECTION('center_axis',(0.,0.,1.));
#4969=DIRECTION('ref_axis',(0.96663132732722,-0.256171577325854,0.));
#4970=DIRECTION('center_axis',(0.,0.,-1.));
#4971=DIRECTION('ref_axis',(0.966631327327225,-0.256171577325835,0.));
#4972=DIRECTION('center_axis',(0.,0.,-1.));
#4973=DIRECTION('ref_axis',(0.704377985549156,0.709825086534502,0.));
#4974=DIRECTION('center_axis',(0.,0.,-1.));
#4975=DIRECTION('ref_axis',(0.0213033723943378,0.999773057410845,0.));
#4976=DIRECTION('center_axis',(0.,0.,1.));
#4977=DIRECTION('ref_axis',(0.508961111611629,0.860789513683255,0.));
#4978=DIRECTION('center_axis',(0.,0.,-1.));
#4979=DIRECTION('ref_axis',(0.508961111611633,0.860789513683253,0.));
#4980=DIRECTION('',(-1.,-2.91976201482639E-15,0.));
#4981=DIRECTION('center_axis',(0.,0.,1.));
#4982=DIRECTION('ref_axis',(1.,0.,0.));
#4983=DIRECTION('',(0.,1.,0.));
#4984=DIRECTION('center_axis',(0.,0.,1.));
#4985=DIRECTION('ref_axis',(0.83571089403734,-0.549169647365284,0.));
#4986=DIRECTION('center_axis',(0.,0.,-1.));
#4987=DIRECTION('ref_axis',(0.,-1.,0.));
#4988=DIRECTION('center_axis',(0.,0.,1.));
#4989=DIRECTION('ref_axis',(0.54916964736527,-0.835710894037349,0.));
#4990=DIRECTION('',(1.,0.,0.));
#4991=DIRECTION('center_axis',(0.,0.,1.));
#4992=DIRECTION('ref_axis',(-1.,0.,0.));
#4993=DIRECTION('',(0.,-1.,0.));
#4994=DIRECTION('center_axis',(0.,0.,1.));
#4995=DIRECTION('ref_axis',(-0.83571089403734,0.549169647365284,0.));
#4996=DIRECTION('center_axis',(0.,0.,-1.));
#4997=DIRECTION('ref_axis',(0.,1.,0.));
#4998=DIRECTION('center_axis',(0.,0.,1.));
#4999=DIRECTION('ref_axis',(-0.83571089403734,-0.549169647365284,0.));
#5000=DIRECTION('',(0.,-1.,0.));
#5001=DIRECTION('center_axis',(0.,0.,1.));
#5002=DIRECTION('ref_axis',(-0.835710894037345,0.549169647365277,0.));
#5003=DIRECTION('center_axis',(0.,0.,-1.));
#5004=DIRECTION('ref_axis',(0.,1.,0.));
#5005=DIRECTION('center_axis',(0.,0.,1.));
#5006=DIRECTION('ref_axis',(-0.835710894037345,-0.549169647365277,0.));
#5007=DIRECTION('',(0.,-1.,0.));
#5008=DIRECTION('center_axis',(0.,0.,1.));
#5009=DIRECTION('ref_axis',(-0.835710894037345,0.549169647365277,0.));
#5010=DIRECTION('center_axis',(0.,0.,-1.));
#5011=DIRECTION('ref_axis',(-2.3373116307898E-14,1.,0.));
#5012=DIRECTION('center_axis',(0.,0.,1.));
#5013=DIRECTION('ref_axis',(-0.835710894037349,-0.54916964736527,0.));
#5014=DIRECTION('',(-1.66014657887874E-15,-1.,0.));
#5015=DIRECTION('center_axis',(0.,0.,1.));
#5016=DIRECTION('ref_axis',(-0.835710894037355,0.549169647365261,0.));
#5017=DIRECTION('center_axis',(0.,0.,-1.));
#5018=DIRECTION('ref_axis',(0.,1.,0.));
#5019=DIRECTION('center_axis',(0.,0.,1.));
#5020=DIRECTION('ref_axis',(-0.83571089403734,-0.549169647365284,0.));
#5021=DIRECTION('',(6.08341383356251E-15,-1.,0.));
#5022=DIRECTION('center_axis',(0.,0.,1.));
#5023=DIRECTION('ref_axis',(0.,1.,0.));
#5024=DIRECTION('',(-1.,-1.50849822686875E-16,0.));
#5025=DIRECTION('center_axis',(0.,0.,1.));
#5026=DIRECTION('ref_axis',(0.549169647365269,0.83571089403735,0.));
#5027=DIRECTION('center_axis',(0.,0.,-1.));
#5028=DIRECTION('ref_axis',(1.,0.,0.));
#5029=DIRECTION('center_axis',(0.,0.,1.));
#5030=DIRECTION('ref_axis',(-0.549169647365269,0.83571089403735,0.));
#5031=DIRECTION('',(-1.,-6.77573134505768E-17,0.));
#5032=DIRECTION('center_axis',(0.,0.,1.));
#5033=DIRECTION('ref_axis',(0.5491696473653,0.835710894037329,0.));
#5034=DIRECTION('center_axis',(0.,0.,1.));
#5035=DIRECTION('ref_axis',(-1.,0.,0.));
#5036=DIRECTION('center_axis',(0.,0.,1.));
#5037=DIRECTION('ref_axis',(-0.549169647365269,0.83571089403735,0.));
#5038=DIRECTION('',(1.,-1.50849822686875E-16,0.));
#5039=DIRECTION('center_axis',(0.,0.,-1.));
#5040=DIRECTION('ref_axis',(0.,1.,0.));
#5041=DIRECTION('',(-6.08341383356251E-15,-1.,0.));
#5042=DIRECTION('center_axis',(0.,0.,1.));
#5043=DIRECTION('ref_axis',(0.83571089403734,-0.549169647365284,0.));
#5044=DIRECTION('center_axis',(0.,0.,1.));
#5045=DIRECTION('ref_axis',(0.,1.,0.));
#5046=DIRECTION('center_axis',(0.,0.,1.));
#5047=DIRECTION('ref_axis',(0.835710894037355,0.549169647365261,0.));
#5048=DIRECTION('',(1.66014657887874E-15,-1.,0.));
#5049=DIRECTION('center_axis',(0.,0.,1.));
#5050=DIRECTION('ref_axis',(0.835710894037349,-0.54916964736527,0.));
#5051=DIRECTION('center_axis',(0.,0.,1.));
#5052=DIRECTION('ref_axis',(2.3373116307898E-14,1.,0.));
#5053=DIRECTION('center_axis',(0.,0.,1.));
#5054=DIRECTION('ref_axis',(0.835710894037345,0.549169647365277,0.));
#5055=DIRECTION('',(0.,-1.,0.));
#5056=DIRECTION('center_axis',(0.,0.,1.));
#5057=DIRECTION('ref_axis',(0.835710894037345,-0.549169647365277,0.));
#5058=DIRECTION('center_axis',(0.,0.,1.));
#5059=DIRECTION('ref_axis',(0.,1.,0.));
#5060=DIRECTION('center_axis',(0.,0.,1.));
#5061=DIRECTION('ref_axis',(0.835710894037345,0.549169647365277,0.));
#5062=DIRECTION('',(0.,-1.,0.));
#5063=DIRECTION('center_axis',(0.,0.,1.));
#5064=DIRECTION('ref_axis',(0.83571089403734,-0.549169647365284,0.));
#5065=DIRECTION('center_axis',(0.,0.,1.));
#5066=DIRECTION('ref_axis',(0.,1.,0.));
#5067=DIRECTION('center_axis',(0.,0.,1.));
#5068=DIRECTION('ref_axis',(0.83571089403734,0.549169647365284,0.));
#5069=DIRECTION('',(0.,-1.,0.));
#5070=DIRECTION('center_axis',(0.,0.,-1.));
#5071=DIRECTION('ref_axis',(1.,0.,0.));
#5072=DIRECTION('',(-1.,0.,0.));
#5073=DIRECTION('center_axis',(0.,0.,-1.));
#5074=DIRECTION('ref_axis',(0.,-1.,0.));
#5075=DIRECTION('center_axis',(0.,0.,-1.));
#5076=DIRECTION('ref_axis',(0.,-1.,0.));
#5077=DIRECTION('',(0.,0.,1.));
#5078=DIRECTION('center_axis',(0.,0.,1.));
#5079=DIRECTION('ref_axis',(-0.83571089403734,-0.549169647365284,0.));
#5080=DIRECTION('center_axis',(0.,0.,-1.));
#5081=DIRECTION('ref_axis',(-0.83571089403734,-0.549169647365284,0.));
#5082=DIRECTION('',(0.,0.,-1.));
#5083=DIRECTION('center_axis',(0.,0.,1.));
#5084=DIRECTION('ref_axis',(0.70710678118656,-0.707106781186535,0.));
#5085=DIRECTION('',(0.,0.,1.));
#5086=DIRECTION('center_axis',(0.,0.,1.));
#5087=DIRECTION('ref_axis',(0.70710678118656,-0.707106781186535,0.));
#5088=DIRECTION('',(0.,0.,-1.));
#5089=DIRECTION('center_axis',(-9.42864564437502E-16,-1.,0.));
#5090=DIRECTION('ref_axis',(0.,0.,1.));
#5091=DIRECTION('',(0.,0.,1.));
#5092=DIRECTION('',(-1.,9.42864564437502E-16,0.));
#5093=DIRECTION('center_axis',(0.,0.,1.));
#5094=DIRECTION('ref_axis',(0.707106781186548,0.707106781186548,0.));
#5095=DIRECTION('',(0.,0.,1.));
#5096=DIRECTION('center_axis',(0.,0.,1.));
#5097=DIRECTION('ref_axis',(0.707106781186548,0.707106781186548,0.));
#5098=DIRECTION('',(0.,0.,-1.));
#5099=DIRECTION('center_axis',(1.,0.,0.));
#5100=DIRECTION('ref_axis',(0.,0.,-1.));
#5101=DIRECTION('',(0.,-1.,0.));
#5102=DIRECTION('center_axis',(0.,0.,1.));
#5103=DIRECTION('ref_axis',(-0.70710678118656,-0.707106781186535,0.));
#5104=DIRECTION('center_axis',(0.,0.,-1.));
#5105=DIRECTION('ref_axis',(-0.70710678118656,-0.707106781186535,0.));
#5106=DIRECTION('',(0.,0.,-1.));
#5107=DIRECTION('',(0.,0.,1.));
#5108=DIRECTION('center_axis',(1.,0.,0.));
#5109=DIRECTION('ref_axis',(0.,0.,-1.));
#5110=DIRECTION('',(0.,-1.,0.));
#5111=DIRECTION('',(0.,0.,1.));
#5112=DIRECTION('center_axis',(0.,0.,1.));
#5113=DIRECTION('ref_axis',(1.,0.,0.));
#5114=DIRECTION('',(1.,0.,0.));
#5115=DIRECTION('center_axis',(0.,0.,1.));
#5116=DIRECTION('ref_axis',(1.,0.,0.));
#5117=DIRECTION('',(0.,1.,0.));
#5118=DIRECTION('center_axis',(0.,0.,-1.));
#5119=DIRECTION('ref_axis',(0.83571089403734,0.549169647365284,0.));
#5120=DIRECTION('center_axis',(0.,0.,-1.));
#5121=DIRECTION('ref_axis',(0.,1.,0.));
#5122=DIRECTION('center_axis',(0.,0.,-1.));
#5123=DIRECTION('ref_axis',(0.83571089403734,-0.549169647365284,0.));
#5124=DIRECTION('',(0.,1.,0.));
#5125=DIRECTION('center_axis',(0.,0.,-1.));
#5126=DIRECTION('ref_axis',(0.835710894037345,0.549169647365277,0.));
#5127=DIRECTION('center_axis',(0.,0.,-1.));
#5128=DIRECTION('ref_axis',(0.,1.,0.));
#5129=DIRECTION('center_axis',(0.,0.,-1.));
#5130=DIRECTION('ref_axis',(0.835710894037345,-0.549169647365277,0.));
#5131=DIRECTION('',(0.,1.,0.));
#5132=DIRECTION('center_axis',(0.,0.,-1.));
#5133=DIRECTION('ref_axis',(0.835710894037345,0.549169647365277,0.));
#5134=DIRECTION('center_axis',(0.,0.,-1.));
#5135=DIRECTION('ref_axis',(2.3373116307898E-14,1.,0.));
#5136=DIRECTION('center_axis',(0.,0.,-1.));
#5137=DIRECTION('ref_axis',(0.835710894037349,-0.54916964736527,0.));
#5138=DIRECTION('',(-1.66014657887874E-15,1.,0.));
#5139=DIRECTION('center_axis',(0.,0.,-1.));
#5140=DIRECTION('ref_axis',(0.835710894037355,0.549169647365261,0.));
#5141=DIRECTION('center_axis',(0.,0.,-1.));
#5142=DIRECTION('ref_axis',(0.,1.,0.));
#5143=DIRECTION('center_axis',(0.,0.,-1.));
#5144=DIRECTION('ref_axis',(0.83571089403734,-0.549169647365284,0.));
#5145=DIRECTION('',(6.08341383356251E-15,1.,0.));
#5146=DIRECTION('center_axis',(0.,0.,1.));
#5147=DIRECTION('ref_axis',(0.,1.,0.));
#5148=DIRECTION('',(-1.,1.50849822686875E-16,0.));
#5149=DIRECTION('center_axis',(0.,0.,-1.));
#5150=DIRECTION('ref_axis',(-0.549169647365269,0.83571089403735,0.));
#5151=DIRECTION('center_axis',(0.,0.,-1.));
#5152=DIRECTION('ref_axis',(-1.,0.,0.));
#5153=DIRECTION('center_axis',(0.,0.,-1.));
#5154=DIRECTION('ref_axis',(0.5491696473653,0.835710894037329,0.));
#5155=DIRECTION('',(-1.,6.77573134505768E-17,0.));
#5156=DIRECTION('center_axis',(0.,0.,-1.));
#5157=DIRECTION('ref_axis',(-0.549169647365269,0.83571089403735,0.));
#5158=DIRECTION('center_axis',(0.,0.,1.));
#5159=DIRECTION('ref_axis',(1.,0.,0.));
#5160=DIRECTION('center_axis',(0.,0.,-1.));
#5161=DIRECTION('ref_axis',(0.549169647365269,0.83571089403735,0.));
#5162=DIRECTION('',(1.,1.50849822686875E-16,0.));
#5163=DIRECTION('center_axis',(0.,0.,-1.));
#5164=DIRECTION('ref_axis',(0.,1.,0.));
#5165=DIRECTION('',(-6.08341383356251E-15,1.,0.));
#5166=DIRECTION('center_axis',(0.,0.,-1.));
#5167=DIRECTION('ref_axis',(-0.83571089403734,-0.549169647365284,0.));
#5168=DIRECTION('center_axis',(0.,0.,1.));
#5169=DIRECTION('ref_axis',(0.,1.,0.));
#5170=DIRECTION('center_axis',(0.,0.,-1.));
#5171=DIRECTION('ref_axis',(-0.835710894037355,0.549169647365261,0.));
#5172=DIRECTION('',(1.66014657887874E-15,1.,0.));
#5173=DIRECTION('center_axis',(0.,0.,-1.));
#5174=DIRECTION('ref_axis',(-0.835710894037349,-0.54916964736527,0.));
#5175=DIRECTION('center_axis',(0.,0.,1.));
#5176=DIRECTION('ref_axis',(-2.3373116307898E-14,1.,0.));
#5177=DIRECTION('center_axis',(0.,0.,-1.));
#5178=DIRECTION('ref_axis',(-0.835710894037345,0.549169647365277,0.));
#5179=DIRECTION('',(0.,1.,0.));
#5180=DIRECTION('center_axis',(0.,0.,-1.));
#5181=DIRECTION('ref_axis',(-0.835710894037345,-0.549169647365277,0.));
#5182=DIRECTION('center_axis',(0.,0.,1.));
#5183=DIRECTION('ref_axis',(0.,1.,0.));
#5184=DIRECTION('center_axis',(0.,0.,-1.));
#5185=DIRECTION('ref_axis',(-0.835710894037345,0.549169647365277,0.));
#5186=DIRECTION('',(0.,1.,0.));
#5187=DIRECTION('center_axis',(0.,0.,-1.));
#5188=DIRECTION('ref_axis',(-0.83571089403734,-0.549169647365284,0.));
#5189=DIRECTION('center_axis',(0.,0.,1.));
#5190=DIRECTION('ref_axis',(0.,1.,0.));
#5191=DIRECTION('center_axis',(0.,0.,-1.));
#5192=DIRECTION('ref_axis',(-0.83571089403734,0.549169647365284,0.));
#5193=DIRECTION('',(0.,1.,0.));
#5194=DIRECTION('center_axis',(0.,0.,-1.));
#5195=DIRECTION('ref_axis',(-1.,0.,0.));
#5196=DIRECTION('',(-1.,0.,0.));
#5197=DIRECTION('center_axis',(0.,0.,-1.));
#5198=DIRECTION('ref_axis',(0.54916964736527,-0.835710894037349,0.));
#5199=DIRECTION('center_axis',(0.,0.,1.));
#5200=DIRECTION('ref_axis',(0.,-1.,0.));
#5201=DIRECTION('center_axis',(0.,0.,-1.));
#5202=DIRECTION('ref_axis',(0.83571089403734,-0.549169647365284,0.));
#5203=DIRECTION('',(0.,-1.,0.));
#5204=DIRECTION('center_axis',(0.,0.,-1.));
#5205=DIRECTION('ref_axis',(1.,0.,0.));
#5206=DIRECTION('',(1.,2.91976201482639E-15,0.));
#5207=DIRECTION('center_axis',(0.,0.,1.));
#5208=DIRECTION('ref_axis',(0.508961111611633,0.860789513683253,0.));
#5209=DIRECTION('center_axis',(0.,0.,-1.));
#5210=DIRECTION('ref_axis',(0.508961111611629,0.860789513683255,0.));
#5211=DIRECTION('center_axis',(0.,0.,1.));
#5212=DIRECTION('ref_axis',(0.0213033723943378,0.999773057410845,0.));
#5213=DIRECTION('center_axis',(0.,0.,1.));
#5214=DIRECTION('ref_axis',(0.704377985549156,0.709825086534502,0.));
#5215=DIRECTION('center_axis',(0.,0.,1.));
#5216=DIRECTION('ref_axis',(0.966631327327225,-0.256171577325835,0.));
#5217=DIRECTION('center_axis',(0.,0.,-1.));
#5218=DIRECTION('ref_axis',(0.96663132732722,-0.256171577325854,0.));
#5219=DIRECTION('center_axis',(0.,0.,1.));
#5220=DIRECTION('ref_axis',(0.999773057410845,-0.0213033723943242,0.));
#5221=DIRECTION('center_axis',(0.,0.,1.));
#5222=DIRECTION('ref_axis',(0.706723030087005,-0.707490324134996,0.));
#5223=DIRECTION('center_axis',(0.,0.,1.));
#5224=DIRECTION('ref_axis',(-0.260416710510965,-0.965496316350636,0.));
#5225=DIRECTION('center_axis',(0.,0.,-1.));
#5226=DIRECTION('ref_axis',(-0.260416710510956,-0.965496316350639,0.));
#5227=DIRECTION('center_axis',(0.,0.,1.));
#5228=DIRECTION('ref_axis',(-0.0256964057547828,-0.999669792847261,0.));
#5229=DIRECTION('center_axis',(0.,0.,1.));
#5230=DIRECTION('ref_axis',(-0.613883111972531,-0.789396937437004,0.));
#5231=DIRECTION('center_axis',(0.,0.,1.));
#5232=DIRECTION('ref_axis',(-0.990426490869151,0.138041175685445,0.));
#5233=DIRECTION('center_axis',(0.,0.,-1.));
#5234=DIRECTION('ref_axis',(-0.990426490869152,0.138041175685437,0.));
#5235=DIRECTION('',(-1.,4.66029298189799E-15,0.));
#5236=DIRECTION('center_axis',(0.,0.,-1.));
#5237=DIRECTION('ref_axis',(0.,-1.,0.));
#5238=DIRECTION('',(0.,-1.,0.));
#5239=DIRECTION('center_axis',(0.,0.,-1.));
#5240=DIRECTION('ref_axis',(1.,0.,0.));
#5241=DIRECTION('',(1.,1.10888128683358E-14,0.));
#5242=DIRECTION('center_axis',(0.,0.,1.));
#5243=DIRECTION('ref_axis',(0.726184377413893,0.687499999999997,0.));
#5244=DIRECTION('center_axis',(0.,0.,-1.));
#5245=DIRECTION('ref_axis',(0.726184377413887,0.687500000000004,0.));
#5246=DIRECTION('',(1.,9.42864564437502E-16,0.));
#5247=DIRECTION('center_axis',(0.,0.,1.));
#5248=DIRECTION('ref_axis',(-0.70710678118656,-0.707106781186535,0.));
#5249=DIRECTION('',(0.,-1.,0.));
#5250=DIRECTION('center_axis',(0.,0.,1.));
#5251=DIRECTION('ref_axis',(-0.70710678118656,0.707106781186535,0.));
#5252=DIRECTION('',(-1.,0.,0.));
#5253=DIRECTION('center_axis',(0.,0.,-1.));
#5254=DIRECTION('ref_axis',(0.70710678118656,-0.707106781186535,0.));
#5255=DIRECTION('',(0.,-1.,0.));
#5256=DIRECTION('center_axis',(0.,0.,-1.));
#5257=DIRECTION('ref_axis',(0.707106781186554,0.707106781186541,0.));
#5258=DIRECTION('',(1.,0.,0.));
#5259=DIRECTION('center_axis',(0.,0.,1.));
#5260=DIRECTION('ref_axis',(-0.707106781186548,-0.707106781186548,0.));
#5261=DIRECTION('',(4.44089209850062E-15,-1.,0.));
#5262=DIRECTION('center_axis',(0.,0.,1.));
#5263=DIRECTION('ref_axis',(-0.707106781186585,0.70710678118651,0.));
#5264=DIRECTION('',(-1.,0.,0.));
#5265=DIRECTION('',(0.,-1.,0.));
#5266=DIRECTION('',(1.,8.88178419700119E-16,0.));
#5267=DIRECTION('',(0.,-1.,0.));
#5268=DIRECTION('',(-1.,0.,0.));
#5269=DIRECTION('',(0.,-1.,0.));
#5270=DIRECTION('',(1.,0.,0.));
#5271=DIRECTION('center_axis',(0.,0.,1.));
#5272=DIRECTION('ref_axis',(-0.707106781186554,-0.707106781186541,0.));
#5273=DIRECTION('',(4.44089209850062E-15,-1.,0.));
#5274=DIRECTION('center_axis',(0.,0.,1.));
#5275=DIRECTION('ref_axis',(-0.707106781186579,0.707106781186516,0.));
#5276=DIRECTION('',(-1.,0.,0.));
#5277=DIRECTION('center_axis',(0.,0.,-1.));
#5278=DIRECTION('ref_axis',(0.707106781186554,-0.707106781186541,0.));
#5279=DIRECTION('',(5.9211894646675E-15,-1.,0.));
#5280=DIRECTION('center_axis',(0.,0.,-1.));
#5281=DIRECTION('ref_axis',(0.707106781186526,0.70710678118657,0.));
#5282=DIRECTION('',(1.,0.,0.));
#5283=DIRECTION('center_axis',(0.,0.,1.));
#5284=DIRECTION('ref_axis',(-0.707106781186554,-0.707106781186541,0.));
#5285=DIRECTION('',(0.,-1.,0.));
#5286=DIRECTION('center_axis',(0.,0.,1.));
#5287=DIRECTION('ref_axis',(-0.707106781186551,0.707106781186544,0.));
#5288=DIRECTION('',(-1.,4.82989396590171E-16,0.));
#5289=DIRECTION('center_axis',(0.,0.,-1.));
#5290=DIRECTION('ref_axis',(0.,-1.,0.));
#5291=DIRECTION('',(-0.857167300702109,-0.515038074910059,0.));
#5292=DIRECTION('center_axis',(0.,0.,-1.));
#5293=DIRECTION('ref_axis',(0.51503807491006,-0.857167300702109,0.));
#5294=DIRECTION('',(0.70710678118654,-0.707106781186555,0.));
#5295=DIRECTION('center_axis',(0.,0.,-1.));
#5296=DIRECTION('ref_axis',(0.707106781186547,0.707106781186547,0.));
#5297=DIRECTION('center_axis',(0.,0.,1.));
#5298=DIRECTION('ref_axis',(0.449452051083826,0.89330445749282,0.));
#5299=DIRECTION('center_axis',(0.,0.,1.));
#5300=DIRECTION('ref_axis',(0.918993053301302,0.394273722157527,0.));
#5301=DIRECTION('center_axis',(0.,0.,1.));
#5302=DIRECTION('ref_axis',(0.800281398104245,-0.599624619114588,0.));
#5303=DIRECTION('center_axis',(0.,0.,-1.));
#5304=DIRECTION('ref_axis',(0.800281398104261,-0.599624619114566,0.));
#5305=DIRECTION('center_axis',(0.,0.,1.));
#5306=DIRECTION('ref_axis',(0.918993053301298,-0.394273722157535,0.));
#5307=DIRECTION('center_axis',(0.,0.,1.));
#5308=DIRECTION('ref_axis',(0.394273722157526,-0.918993053301302,0.));
#5309=DIRECTION('center_axis',(0.,0.,1.));
#5310=DIRECTION('ref_axis',(-0.599624619114584,-0.800281398104248,0.));
#5311=DIRECTION('center_axis',(0.,0.,-1.));
#5312=DIRECTION('ref_axis',(-0.599624619114575,-0.800281398104255,0.));
#5313=DIRECTION('center_axis',(0.,0.,1.));
#5314=DIRECTION('ref_axis',(-0.394273722157528,-0.918993053301301,0.));
#5315=DIRECTION('center_axis',(0.,0.,1.));
#5316=DIRECTION('ref_axis',(-0.893304457492824,-0.449452051083819,0.));
#5317=DIRECTION('center_axis',(0.,0.,1.));
#5318=DIRECTION('ref_axis',(-0.835278322673113,0.549827358061047,0.));
#5319=DIRECTION('center_axis',(0.,0.,-1.));
#5320=DIRECTION('ref_axis',(-0.835278322673118,0.54982735806104,0.));
#5321=DIRECTION('',(-0.707106781186543,0.707106781186552,0.));
#5322=DIRECTION('center_axis',(0.,0.,-1.));
#5323=DIRECTION('ref_axis',(-0.707106781186547,-0.707106781186548,0.));
#5324=DIRECTION('',(-0.707106781186575,-0.70710678118652,0.));
#5325=DIRECTION('center_axis',(0.,0.,-1.));
#5326=DIRECTION('ref_axis',(0.707106781186551,-0.707106781186544,0.));
#5327=DIRECTION('center_axis',(0.,0.,-1.));
#5328=DIRECTION('ref_axis',(0.992092306574858,0.125510378993043,0.));
#5329=DIRECTION('center_axis',(0.,0.,1.));
#5330=DIRECTION('ref_axis',(0.,-1.,0.));
#5331=DIRECTION('',(-1.,-1.2783770905207E-16,0.));
#5332=DIRECTION('center_axis',(0.,0.,-1.));
#5333=DIRECTION('ref_axis',(0.,-1.,0.));
#5334=DIRECTION('center_axis',(0.,0.,1.));
#5335=DIRECTION('ref_axis',(-0.992092306574858,0.125510378993043,0.));
#5336=DIRECTION('center_axis',(0.,0.,1.));
#5337=DIRECTION('ref_axis',(-0.707106781186551,-0.707106781186544,0.));
#5338=DIRECTION('',(0.707106781186575,-0.70710678118652,0.));
#5339=DIRECTION('center_axis',(0.,0.,1.));
#5340=DIRECTION('ref_axis',(0.707106781186547,-0.707106781186548,0.));
#5341=DIRECTION('',(0.707106781186543,0.707106781186552,0.));
#5342=DIRECTION('center_axis',(0.,0.,1.));
#5343=DIRECTION('ref_axis',(0.835278322673118,0.54982735806104,0.));
#5344=DIRECTION('center_axis',(0.,0.,-1.));
#5345=DIRECTION('ref_axis',(0.835278322673113,0.549827358061047,0.));
#5346=DIRECTION('center_axis',(0.,0.,-1.));
#5347=DIRECTION('ref_axis',(0.893304457492824,-0.449452051083819,0.));
#5348=DIRECTION('center_axis',(0.,0.,-1.));
#5349=DIRECTION('ref_axis',(0.394273722157528,-0.918993053301301,0.));
#5350=DIRECTION('center_axis',(0.,0.,1.));
#5351=DIRECTION('ref_axis',(0.599624619114575,-0.800281398104255,0.));
#5352=DIRECTION('center_axis',(0.,0.,-1.));
#5353=DIRECTION('ref_axis',(0.599624619114584,-0.800281398104248,0.));
#5354=DIRECTION('center_axis',(0.,0.,-1.));
#5355=DIRECTION('ref_axis',(-0.394273722157526,-0.918993053301302,0.));
#5356=DIRECTION('center_axis',(0.,0.,-1.));
#5357=DIRECTION('ref_axis',(-0.918993053301298,-0.394273722157535,0.));
#5358=DIRECTION('center_axis',(0.,0.,1.));
#5359=DIRECTION('ref_axis',(-0.800281398104261,-0.599624619114566,0.));
#5360=DIRECTION('center_axis',(0.,0.,-1.));
#5361=DIRECTION('ref_axis',(-0.800281398104245,-0.599624619114588,0.));
#5362=DIRECTION('center_axis',(0.,0.,-1.));
#5363=DIRECTION('ref_axis',(-0.918993053301302,0.394273722157527,0.));
#5364=DIRECTION('center_axis',(0.,0.,-1.));
#5365=DIRECTION('ref_axis',(-0.449452051083826,0.89330445749282,0.));
#5366=DIRECTION('center_axis',(0.,0.,1.));
#5367=DIRECTION('ref_axis',(-0.707106781186547,0.707106781186547,0.));
#5368=DIRECTION('',(-0.70710678118654,-0.707106781186555,0.));
#5369=DIRECTION('center_axis',(0.,0.,1.));
#5370=DIRECTION('ref_axis',(-0.51503807491006,-0.857167300702109,0.));
#5371=DIRECTION('',(0.857167300702109,-0.515038074910059,0.));
#5372=DIRECTION('center_axis',(0.,0.,1.));
#5373=DIRECTION('ref_axis',(0.,-1.,0.));
#5374=DIRECTION('',(1.,4.82989396590171E-16,0.));
#5375=DIRECTION('center_axis',(0.,0.,1.));
#5376=DIRECTION('ref_axis',(0.707106781186551,0.707106781186544,0.));
#5377=DIRECTION('',(0.,-1.,0.));
#5378=DIRECTION('center_axis',(0.,0.,1.));
#5379=DIRECTION('ref_axis',(0.707106781186551,-0.707106781186544,0.));
#5380=DIRECTION('',(-1.,0.,0.));
#5381=DIRECTION('center_axis',(0.,0.,-1.));
#5382=DIRECTION('ref_axis',(-0.707106781186551,0.707106781186544,0.));
#5383=DIRECTION('',(-5.9211894646675E-15,-1.,0.));
#5384=DIRECTION('center_axis',(0.,0.,-1.));
#5385=DIRECTION('ref_axis',(-0.707106781186554,-0.707106781186541,0.));
#5386=DIRECTION('',(1.,0.,0.));
#5387=DIRECTION('center_axis',(0.,0.,1.));
#5388=DIRECTION('ref_axis',(0.707106781186554,0.707106781186541,0.));
#5389=DIRECTION('',(-4.44089209850062E-15,-1.,0.));
#5390=DIRECTION('center_axis',(0.,0.,1.));
#5391=DIRECTION('ref_axis',(0.707106781186554,-0.707106781186541,0.));
#5392=DIRECTION('',(-1.,0.,0.));
#5393=DIRECTION('',(0.,-1.,0.));
#5394=DIRECTION('',(1.,0.,0.));
#5395=DIRECTION('',(0.,-1.,0.));
#5396=DIRECTION('',(-1.,8.88178419700119E-16,0.));
#5397=DIRECTION('',(0.,-1.,0.));
#5398=DIRECTION('',(1.,0.,0.));
#5399=DIRECTION('center_axis',(0.,0.,1.));
#5400=DIRECTION('ref_axis',(0.70710678118656,0.707106781186535,0.));
#5401=DIRECTION('',(-4.44089209850062E-15,-1.,0.));
#5402=DIRECTION('center_axis',(0.,0.,1.));
#5403=DIRECTION('ref_axis',(0.707106781186554,-0.707106781186541,0.));
#5404=DIRECTION('',(-1.,0.,0.));
#5405=DIRECTION('center_axis',(0.,0.,-1.));
#5406=DIRECTION('ref_axis',(-0.707106781186554,0.707106781186541,0.));
#5407=DIRECTION('',(1.,0.,0.));
#5408=DIRECTION('center_axis',(0.,0.,1.));
#5409=DIRECTION('ref_axis',(-0.726184377413887,0.687500000000004,0.));
#5410=DIRECTION('center_axis',(0.,0.,-1.));
#5411=DIRECTION('ref_axis',(-0.726184377413893,0.687499999999997,0.));
#5412=DIRECTION('',(-1.,1.10888128683358E-14,0.));
#5413=DIRECTION('center_axis',(0.,0.,1.));
#5414=DIRECTION('ref_axis',(-1.,0.,0.));
#5415=DIRECTION('',(0.,-1.,0.));
#5416=DIRECTION('center_axis',(0.,0.,1.));
#5417=DIRECTION('ref_axis',(0.,-1.,0.));
#5418=DIRECTION('',(1.,4.66029298189799E-15,0.));
#5419=DIRECTION('center_axis',(0.,0.,1.));
#5420=DIRECTION('ref_axis',(0.990426490869152,0.138041175685437,0.));
#5421=DIRECTION('center_axis',(0.,0.,-1.));
#5422=DIRECTION('ref_axis',(0.990426490869151,0.138041175685445,0.));
#5423=DIRECTION('center_axis',(0.,0.,-1.));
#5424=DIRECTION('ref_axis',(0.613883111972531,-0.789396937437004,0.));
#5425=DIRECTION('center_axis',(0.,0.,-1.));
#5426=DIRECTION('ref_axis',(0.0256964057547828,-0.999669792847261,0.));
#5427=DIRECTION('center_axis',(0.,0.,1.));
#5428=DIRECTION('ref_axis',(0.260416710510956,-0.965496316350639,0.));
#5429=DIRECTION('center_axis',(0.,0.,-1.));
#5430=DIRECTION('ref_axis',(0.260416710510965,-0.965496316350636,0.));
#5431=DIRECTION('center_axis',(0.,0.,-1.));
#5432=DIRECTION('ref_axis',(-0.706723030087005,-0.707490324134996,0.));
#5433=DIRECTION('center_axis',(0.,0.,-1.));
#5434=DIRECTION('ref_axis',(-0.999773057410845,-0.0213033723943242,0.));
#5435=DIRECTION('center_axis',(0.,0.,1.));
#5436=DIRECTION('ref_axis',(-0.96663132732722,-0.256171577325854,0.));
#5437=DIRECTION('center_axis',(0.,0.,-1.));
#5438=DIRECTION('ref_axis',(-0.966631327327225,-0.256171577325835,0.));
#5439=DIRECTION('center_axis',(0.,0.,-1.));
#5440=DIRECTION('ref_axis',(-0.704377985549156,0.709825086534502,0.));
#5441=DIRECTION('center_axis',(0.,0.,-1.));
#5442=DIRECTION('ref_axis',(-0.0213033723943378,0.999773057410845,0.));
#5443=DIRECTION('center_axis',(0.,0.,1.));
#5444=DIRECTION('ref_axis',(-0.508961111611629,0.860789513683255,0.));
#5445=DIRECTION('center_axis',(0.,0.,-1.));
#5446=DIRECTION('ref_axis',(-0.508961111611633,0.860789513683253,0.));
#5447=DIRECTION('',(-1.,2.91976201482639E-15,0.));
#5448=DIRECTION('center_axis',(0.,0.,1.));
#5449=DIRECTION('ref_axis',(-1.,0.,0.));
#5450=DIRECTION('',(0.,-1.,0.));
#5451=DIRECTION('center_axis',(0.,0.,1.));
#5452=DIRECTION('ref_axis',(-0.707106781186554,0.707106781186541,0.));
#5453=DIRECTION('',(0.,0.,-1.));
#5454=DIRECTION('center_axis',(0.,-1.,0.));
#5455=DIRECTION('ref_axis',(0.,0.,1.));
#5456=DIRECTION('',(0.,0.,1.));
#5457=DIRECTION('center_axis',(0.,0.,1.));
#5458=DIRECTION('ref_axis',(0.707106781186554,-0.707106781186541,0.));
#5459=DIRECTION('',(0.,0.,-1.));
#5460=DIRECTION('center_axis',(0.,0.,1.));
#5461=DIRECTION('ref_axis',(0.70710678118656,0.707106781186535,0.));
#5462=DIRECTION('',(0.,0.,1.));
#5463=DIRECTION('',(0.,0.,-1.));
#5464=DIRECTION('center_axis',(1.,-4.44089209850062E-15,0.));
#5465=DIRECTION('ref_axis',(0.,0.,-1.));
#5466=DIRECTION('center_axis',(0.,0.,1.));
#5467=DIRECTION('ref_axis',(0.707106781186554,-0.707106781186541,0.));
#5468=DIRECTION('',(0.,0.,1.));
#5469=DIRECTION('',(0.,0.,-1.));
#5470=DIRECTION('center_axis',(0.,-1.,0.));
#5471=DIRECTION('ref_axis',(0.,0.,1.));
#5472=DIRECTION('',(0.,0.,1.));
#5473=DIRECTION('center_axis',(0.,0.,1.));
#5474=DIRECTION('ref_axis',(0.707106781186554,0.707106781186541,0.));
#5475=DIRECTION('',(0.,0.,1.));
#5476=DIRECTION('',(0.,0.,-1.));
#5477=DIRECTION('center_axis',(1.,-4.44089209850062E-15,0.));
#5478=DIRECTION('ref_axis',(0.,0.,-1.));
#5479=DIRECTION('center_axis',(0.,0.,1.));
#5480=DIRECTION('ref_axis',(-0.707106781186554,-0.707106781186541,0.));
#5481=DIRECTION('',(0.,0.,-1.));
#5482=DIRECTION('',(0.,0.,1.));
#5483=DIRECTION('center_axis',(1.,-5.9211894646675E-15,0.));
#5484=DIRECTION('ref_axis',(0.,0.,-1.));
#5485=DIRECTION('',(0.,0.,1.));
#5486=DIRECTION('center_axis',(0.,0.,1.));
#5487=DIRECTION('ref_axis',(-0.707106781186551,0.707106781186544,0.));
#5488=DIRECTION('',(0.,0.,-1.));
#5489=DIRECTION('center_axis',(0.,-1.,0.));
#5490=DIRECTION('ref_axis',(0.,0.,1.));
#5491=DIRECTION('',(0.,0.,1.));
#5492=DIRECTION('center_axis',(0.,0.,1.));
#5493=DIRECTION('ref_axis',(0.707106781186551,-0.707106781186544,0.));
#5494=DIRECTION('',(0.,0.,-1.));
#5495=DIRECTION('center_axis',(0.,0.,1.));
#5496=DIRECTION('ref_axis',(0.707106781186551,0.707106781186544,0.));
#5497=DIRECTION('',(0.,0.,1.));
#5498=DIRECTION('',(0.,0.,-1.));
#5499=DIRECTION('center_axis',(1.,0.,0.));
#5500=DIRECTION('ref_axis',(0.,0.,-1.));
#5501=DIRECTION('center_axis',(0.,0.,1.));
#5502=DIRECTION('ref_axis',(0.5491696473653,0.835710894037329,0.));
#5503=DIRECTION('',(0.,0.,-1.));
#5504=DIRECTION('',(0.,0.,1.));
#5505=DIRECTION('center_axis',(0.,0.,-1.));
#5506=DIRECTION('ref_axis',(-1.,0.,0.));
#5507=DIRECTION('',(0.,0.,1.));
#5508=DIRECTION('center_axis',(0.,0.,1.));
#5509=DIRECTION('ref_axis',(-0.549169647365269,0.83571089403735,0.));
#5510=DIRECTION('',(0.,0.,-1.));
#5511=DIRECTION('center_axis',(-1.50849822686875E-16,-1.,0.));
#5512=DIRECTION('ref_axis',(0.,0.,1.));
#5513=DIRECTION('',(0.,0.,1.));
#5514=DIRECTION('center_axis',(0.,0.,1.));
#5515=DIRECTION('ref_axis',(0.83571089403734,-0.549169647365284,0.));
#5516=DIRECTION('',(0.,0.,-1.));
#5517=DIRECTION('',(0.,0.,1.));
#5518=DIRECTION('center_axis',(0.,0.,-1.));
#5519=DIRECTION('ref_axis',(0.,1.,0.));
#5520=DIRECTION('',(0.,0.,1.));
#5521=DIRECTION('center_axis',(0.,0.,1.));
#5522=DIRECTION('ref_axis',(0.835710894037355,0.549169647365261,0.));
#5523=DIRECTION('',(0.,0.,-1.));
#5524=DIRECTION('center_axis',(-1.,-1.66014657887874E-15,0.));
#5525=DIRECTION('ref_axis',(0.,0.,1.));
#5526=DIRECTION('',(0.,0.,1.));
#5527=DIRECTION('center_axis',(0.,0.,1.));
#5528=DIRECTION('ref_axis',(0.835710894037349,-0.54916964736527,0.));
#5529=DIRECTION('',(0.,0.,-1.));
#5530=DIRECTION('center_axis',(0.,0.,-1.));
#5531=DIRECTION('ref_axis',(2.3373116307898E-14,1.,0.));
#5532=DIRECTION('',(0.,0.,1.));
#5533=DIRECTION('center_axis',(0.,0.,1.));
#5534=DIRECTION('ref_axis',(0.835710894037345,0.549169647365277,0.));
#5535=DIRECTION('',(0.,0.,-1.));
#5536=DIRECTION('center_axis',(-1.,0.,0.));
#5537=DIRECTION('ref_axis',(0.,0.,1.));
#5538=DIRECTION('',(0.,0.,1.));
#5539=DIRECTION('center_axis',(0.,0.,1.));
#5540=DIRECTION('ref_axis',(0.835710894037345,-0.549169647365277,0.));
#5541=DIRECTION('',(0.,0.,-1.));
#5542=DIRECTION('center_axis',(0.,0.,-1.));
#5543=DIRECTION('ref_axis',(0.,1.,0.));
#5544=DIRECTION('',(0.,0.,1.));
#5545=DIRECTION('center_axis',(0.,0.,1.));
#5546=DIRECTION('ref_axis',(0.835710894037345,0.549169647365277,0.));
#5547=DIRECTION('',(0.,0.,-1.));
#5548=DIRECTION('center_axis',(-1.,0.,0.));
#5549=DIRECTION('ref_axis',(0.,0.,1.));
#5550=DIRECTION('',(0.,0.,1.));
#5551=DIRECTION('center_axis',(0.,0.,1.));
#5552=DIRECTION('ref_axis',(0.83571089403734,-0.549169647365284,0.));
#5553=DIRECTION('',(0.,0.,-1.));
#5554=DIRECTION('center_axis',(0.,0.,-1.));
#5555=DIRECTION('ref_axis',(0.,1.,0.));
#5556=DIRECTION('',(0.,0.,1.));
#5557=DIRECTION('center_axis',(0.,0.,1.));
#5558=DIRECTION('ref_axis',(0.83571089403734,0.549169647365284,0.));
#5559=DIRECTION('',(0.,0.,-1.));
#5560=DIRECTION('center_axis',(0.,0.,-1.));
#5561=DIRECTION('ref_axis',(0.,-1.,0.));
#5562=DIRECTION('',(0.,0.,1.));
#5563=DIRECTION('',(0.,0.,1.));
#5564=DIRECTION('center_axis',(0.,0.,-1.));
#5565=DIRECTION('ref_axis',(-0.992092306574858,0.125510378993043,0.));
#5566=DIRECTION('',(0.,0.,1.));
#5567=DIRECTION('center_axis',(0.,0.,-1.));
#5568=DIRECTION('ref_axis',(-0.707106781186551,-0.707106781186544,0.));
#5569=DIRECTION('',(0.,0.,1.));
#5570=DIRECTION('center_axis',(0.70710678118652,0.707106781186575,0.));
#5571=DIRECTION('ref_axis',(0.,0.,-1.));
#5572=DIRECTION('',(0.,0.,1.));
#5573=DIRECTION('center_axis',(0.,0.,-1.));
#5574=DIRECTION('ref_axis',(0.707106781186547,-0.707106781186548,0.));
#5575=DIRECTION('',(0.,0.,1.));
#5576=DIRECTION('center_axis',(-0.707106781186552,0.707106781186543,0.));
#5577=DIRECTION('ref_axis',(0.,0.,1.));
#5578=DIRECTION('',(0.,0.,1.));
#5579=DIRECTION('center_axis',(0.,0.,-1.));
#5580=DIRECTION('ref_axis',(0.835278322673118,0.54982735806104,0.));
#5581=DIRECTION('',(0.,0.,1.));
#5582=DIRECTION('center_axis',(0.,0.,-1.));
#5583=DIRECTION('ref_axis',(0.835278322673113,0.549827358061047,0.));
#5584=DIRECTION('',(0.,0.,1.));
#5585=DIRECTION('center_axis',(0.,0.,-1.));
#5586=DIRECTION('ref_axis',(0.893304457492824,-0.449452051083819,0.));
#5587=DIRECTION('',(0.,0.,1.));
#5588=DIRECTION('center_axis',(0.,0.,-1.));
#5589=DIRECTION('ref_axis',(0.394273722157528,-0.918993053301301,0.));
#5590=DIRECTION('',(0.,0.,1.));
#5591=DIRECTION('center_axis',(0.,0.,-1.));
#5592=DIRECTION('ref_axis',(0.599624619114575,-0.800281398104255,0.));
#5593=DIRECTION('',(0.,0.,1.));
#5594=DIRECTION('center_axis',(0.,0.,-1.));
#5595=DIRECTION('ref_axis',(0.599624619114584,-0.800281398104248,0.));
#5596=DIRECTION('',(0.,0.,1.));
#5597=DIRECTION('center_axis',(0.,0.,-1.));
#5598=DIRECTION('ref_axis',(-0.394273722157526,-0.918993053301302,0.));
#5599=DIRECTION('',(0.,0.,1.));
#5600=DIRECTION('center_axis',(0.,0.,-1.));
#5601=DIRECTION('ref_axis',(-0.918993053301298,-0.394273722157535,0.));
#5602=DIRECTION('',(0.,0.,1.));
#5603=DIRECTION('center_axis',(0.,0.,-1.));
#5604=DIRECTION('ref_axis',(-0.800281398104261,-0.599624619114566,0.));
#5605=DIRECTION('',(0.,0.,1.));
#5606=DIRECTION('center_axis',(0.,0.,-1.));
#5607=DIRECTION('ref_axis',(-0.800281398104245,-0.599624619114588,0.));
#5608=DIRECTION('',(0.,0.,1.));
#5609=DIRECTION('center_axis',(0.,0.,-1.));
#5610=DIRECTION('ref_axis',(-0.918993053301302,0.394273722157527,0.));
#5611=DIRECTION('',(0.,0.,1.));
#5612=DIRECTION('center_axis',(0.,0.,-1.));
#5613=DIRECTION('ref_axis',(-0.449452051083826,0.89330445749282,0.));
#5614=DIRECTION('',(0.,0.,1.));
#5615=DIRECTION('center_axis',(0.,0.,-1.));
#5616=DIRECTION('ref_axis',(-0.707106781186547,0.707106781186547,0.));
#5617=DIRECTION('',(0.,0.,1.));
#5618=DIRECTION('center_axis',(0.707106781186555,-0.70710678118654,0.));
#5619=DIRECTION('ref_axis',(0.,0.,-1.));
#5620=DIRECTION('',(0.,0.,1.));
#5621=DIRECTION('center_axis',(0.,0.,-1.));
#5622=DIRECTION('ref_axis',(-0.51503807491006,-0.857167300702109,0.));
#5623=DIRECTION('',(0.,0.,1.));
#5624=DIRECTION('center_axis',(0.515038074910059,0.857167300702109,0.));
#5625=DIRECTION('ref_axis',(0.,0.,-1.));
#5626=DIRECTION('',(0.,0.,1.));
#5627=DIRECTION('center_axis',(0.,0.,-1.));
#5628=DIRECTION('ref_axis',(0.,-1.,0.));
#5629=DIRECTION('',(0.,0.,1.));
#5630=DIRECTION('center_axis',(-4.82989396590171E-16,1.,0.));
#5631=DIRECTION('ref_axis',(0.,0.,-1.));
#5632=DIRECTION('center_axis',(0.,1.,0.));
#5633=DIRECTION('ref_axis',(0.,0.,-1.));
#5634=DIRECTION('center_axis',(1.,0.,0.));
#5635=DIRECTION('ref_axis',(0.,0.,-1.));
#5636=DIRECTION('',(0.,0.,1.));
#5637=DIRECTION('center_axis',(0.,1.,0.));
#5638=DIRECTION('ref_axis',(0.,0.,-1.));
#5639=DIRECTION('',(0.,0.,1.));
#5640=DIRECTION('center_axis',(1.,0.,0.));
#5641=DIRECTION('ref_axis',(0.,0.,-1.));
#5642=DIRECTION('',(0.,0.,1.));
#5643=DIRECTION('center_axis',(-8.88178419700119E-16,-1.,0.));
#5644=DIRECTION('ref_axis',(0.,0.,1.));
#5645=DIRECTION('',(0.,0.,1.));
#5646=DIRECTION('center_axis',(1.,0.,0.));
#5647=DIRECTION('ref_axis',(0.,0.,-1.));
#5648=DIRECTION('',(0.,0.,1.));
#5649=DIRECTION('center_axis',(0.,1.,0.));
#5650=DIRECTION('ref_axis',(0.,0.,-1.));
#5651=DIRECTION('center_axis',(0.,1.,0.));
#5652=DIRECTION('ref_axis',(0.,0.,-1.));
#5653=DIRECTION('center_axis',(0.,0.,-1.));
#5654=DIRECTION('ref_axis',(-0.726184377413887,0.687500000000004,0.));
#5655=DIRECTION('',(0.,0.,1.));
#5656=DIRECTION('center_axis',(0.,0.,-1.));
#5657=DIRECTION('ref_axis',(-0.726184377413893,0.687499999999997,0.));
#5658=DIRECTION('',(0.,0.,1.));
#5659=DIRECTION('center_axis',(-1.10888128683358E-14,-1.,0.));
#5660=DIRECTION('ref_axis',(0.,0.,1.));
#5661=DIRECTION('',(0.,0.,1.));
#5662=DIRECTION('center_axis',(0.,0.,-1.));
#5663=DIRECTION('ref_axis',(-1.,0.,0.));
#5664=DIRECTION('',(0.,0.,1.));
#5665=DIRECTION('center_axis',(1.,0.,0.));
#5666=DIRECTION('ref_axis',(0.,0.,-1.));
#5667=DIRECTION('',(0.,0.,1.));
#5668=DIRECTION('center_axis',(0.,0.,-1.));
#5669=DIRECTION('ref_axis',(0.,-1.,0.));
#5670=DIRECTION('',(0.,0.,1.));
#5671=DIRECTION('center_axis',(-4.66029298189799E-15,1.,0.));
#5672=DIRECTION('ref_axis',(0.,0.,-1.));
#5673=DIRECTION('',(0.,0.,1.));
#5674=DIRECTION('center_axis',(0.,0.,-1.));
#5675=DIRECTION('ref_axis',(0.990426490869152,0.138041175685437,0.));
#5676=DIRECTION('',(0.,0.,1.));
#5677=DIRECTION('center_axis',(0.,0.,-1.));
#5678=DIRECTION('ref_axis',(0.990426490869151,0.138041175685445,0.));
#5679=DIRECTION('',(0.,0.,1.));
#5680=DIRECTION('center_axis',(0.,0.,-1.));
#5681=DIRECTION('ref_axis',(0.613883111972531,-0.789396937437004,0.));
#5682=DIRECTION('',(0.,0.,1.));
#5683=DIRECTION('center_axis',(0.,0.,-1.));
#5684=DIRECTION('ref_axis',(0.0256964057547828,-0.999669792847261,0.));
#5685=DIRECTION('',(0.,0.,1.));
#5686=DIRECTION('center_axis',(0.,0.,-1.));
#5687=DIRECTION('ref_axis',(0.260416710510956,-0.965496316350639,0.));
#5688=DIRECTION('',(0.,0.,1.));
#5689=DIRECTION('center_axis',(0.,0.,-1.));
#5690=DIRECTION('ref_axis',(0.260416710510965,-0.965496316350636,0.));
#5691=DIRECTION('',(0.,0.,1.));
#5692=DIRECTION('center_axis',(0.,0.,-1.));
#5693=DIRECTION('ref_axis',(-0.706723030087005,-0.707490324134996,0.));
#5694=DIRECTION('',(0.,0.,1.));
#5695=DIRECTION('center_axis',(0.,0.,-1.));
#5696=DIRECTION('ref_axis',(-0.999773057410845,-0.0213033723943242,0.));
#5697=DIRECTION('',(0.,0.,1.));
#5698=DIRECTION('center_axis',(0.,0.,-1.));
#5699=DIRECTION('ref_axis',(-0.96663132732722,-0.256171577325854,0.));
#5700=DIRECTION('',(0.,0.,1.));
#5701=DIRECTION('center_axis',(0.,0.,-1.));
#5702=DIRECTION('ref_axis',(-0.966631327327225,-0.256171577325835,0.));
#5703=DIRECTION('',(0.,0.,1.));
#5704=DIRECTION('center_axis',(0.,0.,-1.));
#5705=DIRECTION('ref_axis',(-0.704377985549156,0.709825086534502,0.));
#5706=DIRECTION('',(0.,0.,1.));
#5707=DIRECTION('center_axis',(0.,0.,-1.));
#5708=DIRECTION('ref_axis',(-0.0213033723943378,0.999773057410845,0.));
#5709=DIRECTION('',(0.,0.,1.));
#5710=DIRECTION('center_axis',(0.,0.,-1.));
#5711=DIRECTION('ref_axis',(-0.508961111611629,0.860789513683255,0.));
#5712=DIRECTION('',(0.,0.,1.));
#5713=DIRECTION('center_axis',(0.,0.,-1.));
#5714=DIRECTION('ref_axis',(-0.508961111611633,0.860789513683253,0.));
#5715=DIRECTION('',(0.,0.,1.));
#5716=DIRECTION('center_axis',(-2.91976201482639E-15,-1.,0.));
#5717=DIRECTION('ref_axis',(0.,0.,1.));
#5718=DIRECTION('',(0.,0.,1.));
#5719=DIRECTION('center_axis',(0.,0.,-1.));
#5720=DIRECTION('ref_axis',(-1.,0.,0.));
#5721=DIRECTION('',(0.,0.,1.));
#5722=DIRECTION('center_axis',(1.,0.,0.));
#5723=DIRECTION('ref_axis',(0.,0.,-1.));
#5724=DIRECTION('center_axis',(0.,1.,0.));
#5725=DIRECTION('ref_axis',(0.,0.,-1.));
#5726=DIRECTION('',(0.,0.,1.));
#5727=DIRECTION('center_axis',(0.,0.,-1.));
#5728=DIRECTION('ref_axis',(1.,0.,0.));
#5729=DIRECTION('',(0.,0.,1.));
#5730=DIRECTION('center_axis',(-1.,0.,0.));
#5731=DIRECTION('ref_axis',(0.,0.,1.));
#5732=DIRECTION('center_axis',(-1.,6.08341383356251E-15,0.));
#5733=DIRECTION('ref_axis',(0.,0.,1.));
#5734=DIRECTION('',(0.,0.,1.));
#5735=DIRECTION('center_axis',(0.,0.,-1.));
#5736=DIRECTION('ref_axis',(0.,1.,0.));
#5737=DIRECTION('center_axis',(0.,0.,1.));
#5738=DIRECTION('ref_axis',(0.54916964736527,-0.835710894037349,0.));
#5739=DIRECTION('',(0.,0.,-1.));
#5740=DIRECTION('',(0.,0.,1.));
#5741=DIRECTION('center_axis',(0.,0.,1.));
#5742=DIRECTION('ref_axis',(0.,-1.,0.));
#5743=DIRECTION('',(0.,0.,-1.));
#5744=DIRECTION('center_axis',(0.,0.,1.));
#5745=DIRECTION('ref_axis',(0.83571089403734,-0.549169647365284,0.));
#5746=DIRECTION('',(0.,0.,1.));
#5747=DIRECTION('center_axis',(1.,0.,0.));
#5748=DIRECTION('ref_axis',(0.,0.,-1.));
#5749=DIRECTION('',(0.,0.,1.));
#5750=DIRECTION('center_axis',(0.,0.,1.));
#5751=DIRECTION('ref_axis',(-0.70710678118656,-0.707106781186535,0.));
#5752=DIRECTION('',(0.,0.,1.));
#5753=DIRECTION('',(0.,0.,-1.));
#5754=DIRECTION('center_axis',(1.,0.,0.));
#5755=DIRECTION('ref_axis',(0.,0.,-1.));
#5756=DIRECTION('',(0.,0.,-1.));
#5757=DIRECTION('center_axis',(0.,0.,1.));
#5758=DIRECTION('ref_axis',(-0.70710678118656,0.707106781186535,0.));
#5759=DIRECTION('',(0.,0.,1.));
#5760=DIRECTION('center_axis',(0.,-1.,0.));
#5761=DIRECTION('ref_axis',(0.,0.,-1.));
#5762=DIRECTION('',(0.,0.,-1.));
#5763=DIRECTION('center_axis',(0.,0.,1.));
#5764=DIRECTION('ref_axis',(0.70710678118656,-0.707106781186535,0.));
#5765=DIRECTION('',(0.,0.,1.));
#5766=DIRECTION('center_axis',(1.,0.,0.));
#5767=DIRECTION('ref_axis',(0.,0.,-1.));
#5768=DIRECTION('',(0.,0.,-1.));
#5769=DIRECTION('center_axis',(0.,0.,1.));
#5770=DIRECTION('ref_axis',(0.707106781186554,0.707106781186541,0.));
#5771=DIRECTION('',(0.,0.,1.));
#5772=DIRECTION('center_axis',(0.,1.,0.));
#5773=DIRECTION('ref_axis',(0.,0.,1.));
#5774=DIRECTION('',(0.,0.,-1.));
#5775=DIRECTION('center_axis',(0.,0.,1.));
#5776=DIRECTION('ref_axis',(-0.707106781186548,-0.707106781186548,0.));
#5777=DIRECTION('',(0.,0.,1.));
#5778=DIRECTION('center_axis',(1.,4.44089209850062E-15,0.));
#5779=DIRECTION('ref_axis',(0.,0.,-1.));
#5780=DIRECTION('',(0.,0.,-1.));
#5781=DIRECTION('center_axis',(0.,0.,1.));
#5782=DIRECTION('ref_axis',(-0.707106781186585,0.70710678118651,0.));
#5783=DIRECTION('',(0.,0.,1.));
#5784=DIRECTION('center_axis',(0.,-1.,0.));
#5785=DIRECTION('ref_axis',(0.,0.,-1.));
#5786=DIRECTION('',(0.,0.,1.));
#5787=DIRECTION('center_axis',(0.,0.,1.));
#5788=DIRECTION('ref_axis',(-0.707106781186554,-0.707106781186541,0.));
#5789=DIRECTION('',(0.,0.,1.));
#5790=DIRECTION('',(0.,0.,-1.));
#5791=DIRECTION('center_axis',(1.,4.44089209850062E-15,0.));
#5792=DIRECTION('ref_axis',(0.,0.,-1.));
#5793=DIRECTION('',(0.,0.,-1.));
#5794=DIRECTION('center_axis',(0.,0.,1.));
#5795=DIRECTION('ref_axis',(-0.707106781186579,0.707106781186516,0.));
#5796=DIRECTION('',(0.,0.,1.));
#5797=DIRECTION('center_axis',(0.,-1.,0.));
#5798=DIRECTION('ref_axis',(0.,0.,-1.));
#5799=DIRECTION('',(0.,0.,-1.));
#5800=DIRECTION('center_axis',(0.,0.,1.));
#5801=DIRECTION('ref_axis',(0.707106781186554,-0.707106781186541,0.));
#5802=DIRECTION('',(0.,0.,1.));
#5803=DIRECTION('center_axis',(1.,5.9211894646675E-15,0.));
#5804=DIRECTION('ref_axis',(0.,0.,-1.));
#5805=DIRECTION('',(0.,0.,-1.));
#5806=DIRECTION('center_axis',(0.,0.,1.));
#5807=DIRECTION('ref_axis',(0.707106781186526,0.70710678118657,0.));
#5808=DIRECTION('',(0.,0.,1.));
#5809=DIRECTION('center_axis',(0.,1.,0.));
#5810=DIRECTION('ref_axis',(0.,0.,1.));
#5811=DIRECTION('',(0.,0.,-1.));
#5812=DIRECTION('center_axis',(0.,0.,1.));
#5813=DIRECTION('ref_axis',(-0.707106781186554,-0.707106781186541,0.));
#5814=DIRECTION('',(0.,0.,1.));
#5815=DIRECTION('center_axis',(1.,0.,0.));
#5816=DIRECTION('ref_axis',(0.,0.,-1.));
#5817=DIRECTION('',(0.,0.,-1.));
#5818=DIRECTION('center_axis',(0.,0.,1.));
#5819=DIRECTION('ref_axis',(-0.707106781186551,0.707106781186544,0.));
#5820=DIRECTION('',(0.,0.,1.));
#5821=DIRECTION('center_axis',(-4.82989396590171E-16,-1.,0.));
#5822=DIRECTION('ref_axis',(0.,0.,-1.));
#5823=DIRECTION('',(0.,0.,1.));
#5824=DIRECTION('center_axis',(0.,0.,1.));
#5825=DIRECTION('ref_axis',(-0.549169647365269,0.83571089403735,0.));
#5826=DIRECTION('',(0.,0.,-1.));
#5827=DIRECTION('',(0.,0.,1.));
#5828=DIRECTION('center_axis',(0.,0.,1.));
#5829=DIRECTION('ref_axis',(1.,0.,0.));
#5830=DIRECTION('',(0.,0.,-1.));
#5831=DIRECTION('center_axis',(0.,0.,1.));
#5832=DIRECTION('ref_axis',(0.549169647365269,0.83571089403735,0.));
#5833=DIRECTION('',(0.,0.,1.));
#5834=DIRECTION('center_axis',(-1.50849822686875E-16,1.,0.));
#5835=DIRECTION('ref_axis',(0.,0.,1.));
#5836=DIRECTION('',(0.,0.,1.));
#5837=DIRECTION('center_axis',(0.,0.,1.));
#5838=DIRECTION('ref_axis',(-0.83571089403734,-0.549169647365284,0.));
#5839=DIRECTION('',(0.,0.,-1.));
#5840=DIRECTION('',(0.,0.,1.));
#5841=DIRECTION('center_axis',(0.,0.,1.));
#5842=DIRECTION('ref_axis',(0.,1.,0.));
#5843=DIRECTION('',(0.,0.,-1.));
#5844=DIRECTION('center_axis',(0.,0.,1.));
#5845=DIRECTION('ref_axis',(-0.835710894037355,0.549169647365261,0.));
#5846=DIRECTION('',(0.,0.,1.));
#5847=DIRECTION('center_axis',(-1.,1.66014657887874E-15,0.));
#5848=DIRECTION('ref_axis',(0.,0.,1.));
#5849=DIRECTION('',(0.,0.,-1.));
#5850=DIRECTION('center_axis',(0.,0.,1.));
#5851=DIRECTION('ref_axis',(-0.835710894037349,-0.54916964736527,0.));
#5852=DIRECTION('',(0.,0.,1.));
#5853=DIRECTION('center_axis',(0.,0.,1.));
#5854=DIRECTION('ref_axis',(-2.3373116307898E-14,1.,0.));
#5855=DIRECTION('',(0.,0.,-1.));
#5856=DIRECTION('center_axis',(0.,0.,1.));
#5857=DIRECTION('ref_axis',(-0.835710894037345,0.549169647365277,0.));
#5858=DIRECTION('',(0.,0.,1.));
#5859=DIRECTION('center_axis',(-1.,0.,0.));
#5860=DIRECTION('ref_axis',(0.,0.,1.));
#5861=DIRECTION('',(0.,0.,-1.));
#5862=DIRECTION('center_axis',(0.,0.,1.));
#5863=DIRECTION('ref_axis',(-0.835710894037345,-0.549169647365277,0.));
#5864=DIRECTION('',(0.,0.,1.));
#5865=DIRECTION('center_axis',(0.,0.,1.));
#5866=DIRECTION('ref_axis',(0.,1.,0.));
#5867=DIRECTION('',(0.,0.,-1.));
#5868=DIRECTION('center_axis',(0.,0.,1.));
#5869=DIRECTION('ref_axis',(-0.835710894037345,0.549169647365277,0.));
#5870=DIRECTION('',(0.,0.,1.));
#5871=DIRECTION('center_axis',(-1.,0.,0.));
#5872=DIRECTION('ref_axis',(0.,0.,1.));
#5873=DIRECTION('',(0.,0.,-1.));
#5874=DIRECTION('center_axis',(0.,0.,1.));
#5875=DIRECTION('ref_axis',(-0.83571089403734,-0.549169647365284,0.));
#5876=DIRECTION('',(0.,0.,1.));
#5877=DIRECTION('center_axis',(0.,0.,1.));
#5878=DIRECTION('ref_axis',(0.,1.,0.));
#5879=DIRECTION('',(0.,0.,-1.));
#5880=DIRECTION('center_axis',(0.,0.,1.));
#5881=DIRECTION('ref_axis',(-0.83571089403734,0.549169647365284,0.));
#5882=DIRECTION('',(0.,0.,1.));
#5883=DIRECTION('center_axis',(-1.,0.,0.));
#5884=DIRECTION('ref_axis',(0.,0.,1.));
#5885=DIRECTION('',(0.,0.,1.));
#5886=DIRECTION('center_axis',(1.2783770905207E-16,-1.,0.));
#5887=DIRECTION('ref_axis',(0.,0.,-1.));
#5888=DIRECTION('',(0.,0.,1.));
#5889=DIRECTION('center_axis',(0.,0.,1.));
#5890=DIRECTION('ref_axis',(0.,-1.,0.));
#5891=DIRECTION('',(0.,0.,1.));
#5892=DIRECTION('center_axis',(0.,0.,1.));
#5893=DIRECTION('ref_axis',(0.992092306574858,0.125510378993043,0.));
#5894=DIRECTION('',(0.,0.,1.));
#5895=DIRECTION('center_axis',(0.,0.,1.));
#5896=DIRECTION('ref_axis',(0.707106781186551,-0.707106781186544,0.));
#5897=DIRECTION('',(0.,0.,1.));
#5898=DIRECTION('center_axis',(0.70710678118652,-0.707106781186575,0.));
#5899=DIRECTION('ref_axis',(0.,0.,-1.));
#5900=DIRECTION('',(0.,0.,1.));
#5901=DIRECTION('center_axis',(0.,0.,1.));
#5902=DIRECTION('ref_axis',(-0.707106781186547,-0.707106781186548,0.));
#5903=DIRECTION('',(0.,0.,1.));
#5904=DIRECTION('center_axis',(-0.707106781186552,-0.707106781186543,0.));
#5905=DIRECTION('ref_axis',(0.,0.,1.));
#5906=DIRECTION('',(0.,0.,1.));
#5907=DIRECTION('center_axis',(0.,0.,1.));
#5908=DIRECTION('ref_axis',(-0.835278322673118,0.54982735806104,0.));
#5909=DIRECTION('',(0.,0.,1.));
#5910=DIRECTION('center_axis',(0.,0.,1.));
#5911=DIRECTION('ref_axis',(-0.835278322673113,0.549827358061047,0.));
#5912=DIRECTION('',(0.,0.,1.));
#5913=DIRECTION('center_axis',(0.,0.,1.));
#5914=DIRECTION('ref_axis',(-0.893304457492824,-0.449452051083819,0.));
#5915=DIRECTION('',(0.,0.,1.));
#5916=DIRECTION('center_axis',(0.,0.,1.));
#5917=DIRECTION('ref_axis',(-0.394273722157528,-0.918993053301301,0.));
#5918=DIRECTION('',(0.,0.,1.));
#5919=DIRECTION('center_axis',(0.,0.,1.));
#5920=DIRECTION('ref_axis',(-0.599624619114575,-0.800281398104255,0.));
#5921=DIRECTION('',(0.,0.,1.));
#5922=DIRECTION('center_axis',(0.,0.,1.));
#5923=DIRECTION('ref_axis',(-0.599624619114584,-0.800281398104248,0.));
#5924=DIRECTION('',(0.,0.,1.));
#5925=DIRECTION('center_axis',(0.,0.,1.));
#5926=DIRECTION('ref_axis',(0.394273722157526,-0.918993053301302,0.));
#5927=DIRECTION('',(0.,0.,1.));
#5928=DIRECTION('center_axis',(0.,0.,1.));
#5929=DIRECTION('ref_axis',(0.918993053301298,-0.394273722157535,0.));
#5930=DIRECTION('',(0.,0.,1.));
#5931=DIRECTION('center_axis',(0.,0.,1.));
#5932=DIRECTION('ref_axis',(0.800281398104261,-0.599624619114566,0.));
#5933=DIRECTION('',(0.,0.,1.));
#5934=DIRECTION('center_axis',(0.,0.,1.));
#5935=DIRECTION('ref_axis',(0.800281398104245,-0.599624619114588,0.));
#5936=DIRECTION('',(0.,0.,1.));
#5937=DIRECTION('center_axis',(0.,0.,1.));
#5938=DIRECTION('ref_axis',(0.918993053301302,0.394273722157527,0.));
#5939=DIRECTION('',(0.,0.,1.));
#5940=DIRECTION('center_axis',(0.,0.,1.));
#5941=DIRECTION('ref_axis',(0.449452051083826,0.89330445749282,0.));
#5942=DIRECTION('',(0.,0.,1.));
#5943=DIRECTION('center_axis',(0.,0.,1.));
#5944=DIRECTION('ref_axis',(0.707106781186547,0.707106781186547,0.));
#5945=DIRECTION('',(0.,0.,1.));
#5946=DIRECTION('center_axis',(0.707106781186555,0.70710678118654,0.));
#5947=DIRECTION('ref_axis',(0.,0.,-1.));
#5948=DIRECTION('',(0.,0.,1.));
#5949=DIRECTION('center_axis',(0.,0.,1.));
#5950=DIRECTION('ref_axis',(0.51503807491006,-0.857167300702109,0.));
#5951=DIRECTION('',(0.,0.,1.));
#5952=DIRECTION('center_axis',(0.515038074910059,-0.857167300702109,0.));
#5953=DIRECTION('ref_axis',(0.,0.,-1.));
#5954=DIRECTION('',(0.,0.,1.));
#5955=DIRECTION('center_axis',(0.,0.,1.));
#5956=DIRECTION('ref_axis',(0.,-1.,0.));
#5957=DIRECTION('center_axis',(0.,1.,0.));
#5958=DIRECTION('ref_axis',(0.,0.,1.));
#5959=DIRECTION('',(0.,0.,1.));
#5960=DIRECTION('center_axis',(1.,0.,0.));
#5961=DIRECTION('ref_axis',(0.,0.,-1.));
#5962=DIRECTION('',(0.,0.,1.));
#5963=DIRECTION('center_axis',(0.,-1.,0.));
#5964=DIRECTION('ref_axis',(0.,0.,-1.));
#5965=DIRECTION('',(0.,0.,1.));
#5966=DIRECTION('center_axis',(1.,0.,0.));
#5967=DIRECTION('ref_axis',(0.,0.,-1.));
#5968=DIRECTION('',(0.,0.,1.));
#5969=DIRECTION('center_axis',(-8.88178419700119E-16,1.,0.));
#5970=DIRECTION('ref_axis',(0.,0.,1.));
#5971=DIRECTION('',(0.,0.,1.));
#5972=DIRECTION('center_axis',(1.,0.,0.));
#5973=DIRECTION('ref_axis',(0.,0.,-1.));
#5974=DIRECTION('center_axis',(-9.42864564437502E-16,1.,0.));
#5975=DIRECTION('ref_axis',(0.,0.,1.));
#5976=DIRECTION('',(0.,0.,1.));
#5977=DIRECTION('center_axis',(0.,0.,1.));
#5978=DIRECTION('ref_axis',(0.726184377413887,0.687500000000004,0.));
#5979=DIRECTION('',(0.,0.,1.));
#5980=DIRECTION('center_axis',(0.,0.,1.));
#5981=DIRECTION('ref_axis',(0.726184377413893,0.687499999999997,0.));
#5982=DIRECTION('',(0.,0.,1.));
#5983=DIRECTION('center_axis',(-1.10888128683358E-14,1.,0.));
#5984=DIRECTION('ref_axis',(0.,0.,1.));
#5985=DIRECTION('',(0.,0.,1.));
#5986=DIRECTION('center_axis',(0.,0.,1.));
#5987=DIRECTION('ref_axis',(1.,0.,0.));
#5988=DIRECTION('',(0.,0.,1.));
#5989=DIRECTION('center_axis',(1.,0.,0.));
#5990=DIRECTION('ref_axis',(0.,0.,-1.));
#5991=DIRECTION('',(0.,0.,1.));
#5992=DIRECTION('center_axis',(0.,0.,1.));
#5993=DIRECTION('ref_axis',(0.,-1.,0.));
#5994=DIRECTION('',(0.,0.,1.));
#5995=DIRECTION('center_axis',(-4.66029298189799E-15,-1.,0.));
#5996=DIRECTION('ref_axis',(0.,0.,-1.));
#5997=DIRECTION('',(0.,0.,1.));
#5998=DIRECTION('center_axis',(0.,0.,1.));
#5999=DIRECTION('ref_axis',(-0.990426490869152,0.138041175685437,0.));
#6000=DIRECTION('',(0.,0.,1.));
#6001=DIRECTION('center_axis',(0.,0.,1.));
#6002=DIRECTION('ref_axis',(-0.990426490869151,0.138041175685445,0.));
#6003=DIRECTION('',(0.,0.,1.));
#6004=DIRECTION('center_axis',(0.,0.,1.));
#6005=DIRECTION('ref_axis',(-0.613883111972531,-0.789396937437004,0.));
#6006=DIRECTION('',(0.,0.,1.));
#6007=DIRECTION('center_axis',(0.,0.,1.));
#6008=DIRECTION('ref_axis',(-0.0256964057547828,-0.999669792847261,0.));
#6009=DIRECTION('',(0.,0.,1.));
#6010=DIRECTION('center_axis',(0.,0.,1.));
#6011=DIRECTION('ref_axis',(-0.260416710510956,-0.965496316350639,0.));
#6012=DIRECTION('',(0.,0.,1.));
#6013=DIRECTION('center_axis',(0.,0.,1.));
#6014=DIRECTION('ref_axis',(-0.260416710510965,-0.965496316350636,0.));
#6015=DIRECTION('',(0.,0.,1.));
#6016=DIRECTION('center_axis',(0.,0.,1.));
#6017=DIRECTION('ref_axis',(0.706723030087005,-0.707490324134996,0.));
#6018=DIRECTION('',(0.,0.,1.));
#6019=DIRECTION('center_axis',(0.,0.,1.));
#6020=DIRECTION('ref_axis',(0.999773057410845,-0.0213033723943242,0.));
#6021=DIRECTION('',(0.,0.,1.));
#6022=DIRECTION('center_axis',(0.,0.,1.));
#6023=DIRECTION('ref_axis',(0.96663132732722,-0.256171577325854,0.));
#6024=DIRECTION('',(0.,0.,1.));
#6025=DIRECTION('center_axis',(0.,0.,1.));
#6026=DIRECTION('ref_axis',(0.966631327327225,-0.256171577325835,0.));
#6027=DIRECTION('',(0.,0.,1.));
#6028=DIRECTION('center_axis',(0.,0.,1.));
#6029=DIRECTION('ref_axis',(0.704377985549156,0.709825086534502,0.));
#6030=DIRECTION('',(0.,0.,1.));
#6031=DIRECTION('center_axis',(0.,0.,1.));
#6032=DIRECTION('ref_axis',(0.0213033723943378,0.999773057410845,0.));
#6033=DIRECTION('',(0.,0.,1.));
#6034=DIRECTION('center_axis',(0.,0.,1.));
#6035=DIRECTION('ref_axis',(0.508961111611629,0.860789513683255,0.));
#6036=DIRECTION('',(0.,0.,1.));
#6037=DIRECTION('center_axis',(0.,0.,1.));
#6038=DIRECTION('ref_axis',(0.508961111611633,0.860789513683253,0.));
#6039=DIRECTION('',(0.,0.,1.));
#6040=DIRECTION('center_axis',(-2.91976201482639E-15,1.,0.));
#6041=DIRECTION('ref_axis',(0.,0.,1.));
#6042=DIRECTION('',(0.,0.,1.));
#6043=DIRECTION('center_axis',(0.,0.,1.));
#6044=DIRECTION('ref_axis',(1.,0.,0.));
#6045=DIRECTION('center_axis',(0.,-1.,0.));
#6046=DIRECTION('ref_axis',(0.,0.,-1.));
#6047=DIRECTION('',(0.,0.,1.));
#6048=DIRECTION('center_axis',(0.,0.,1.));
#6049=DIRECTION('ref_axis',(-1.,0.,0.));
#6050=DIRECTION('center_axis',(-1.,-6.08341383356251E-15,0.));
#6051=DIRECTION('ref_axis',(0.,0.,1.));
#6052=DIRECTION('',(0.,0.,1.));
#6053=DIRECTION('center_axis',(0.,0.,1.));
#6054=DIRECTION('ref_axis',(0.,1.,0.));
#6055=DIRECTION('center_axis',(-6.77573134505768E-17,1.,0.));
#6056=DIRECTION('ref_axis',(0.,0.,1.));
#6057=DIRECTION('',(0.,0.,1.));
#6058=DIRECTION('',(1.,0.,0.));
#6059=CARTESIAN_POINT('',(0.,0.,0.));
#6060=CARTESIAN_POINT('',(0.,0.,0.));
#6061=CARTESIAN_POINT('Origin',(44.2882732917921,-30.26,0.));
#6062=CARTESIAN_POINT('',(44.2882732917921,-30.51,60.));
#6063=CARTESIAN_POINT('',(44.0587997633032,-30.3592063492064,60.));
#6064=CARTESIAN_POINT('Origin',(44.2882732917921,-30.26,60.));
#6065=CARTESIAN_POINT('',(44.0587997633032,-30.3592063492064,-60.));
#6066=CARTESIAN_POINT('',(44.0587997633032,-30.3592063492064,0.));
#6067=CARTESIAN_POINT('',(44.2882732917921,-30.51,-60.));
#6068=CARTESIAN_POINT('Origin',(44.2882732917921,-30.26,-60.));
#6069=CARTESIAN_POINT('',(44.2882732917921,-30.51,0.));
#6070=CARTESIAN_POINT('Origin',(-37.2299091033442,-9.42687925931256,-60.));
#6071=CARTESIAN_POINT('',(43.8607936507937,-30.1612002366969,-60.));
#6072=CARTESIAN_POINT('Origin',(43.71,-30.51,-60.));
#6073=CARTESIAN_POINT('',(43.71,-29.931726708208,-60.));
#6074=CARTESIAN_POINT('Origin',(43.96,-29.931726708208,-60.));
#6075=CARTESIAN_POINT('',(43.71,-28.96,-60.));
#6076=CARTESIAN_POINT('',(43.71,-30.13,-60.));
#6077=CARTESIAN_POINT('',(44.71,-27.96,-60.));
#6078=CARTESIAN_POINT('Origin',(44.71,-28.96,-60.));
#6079=CARTESIAN_POINT('',(46.2309774207453,-27.96,-60.));
#6080=CARTESIAN_POINT('',(44.71,-27.96,-60.));
#6081=CARTESIAN_POINT('',(46.393844976461,-27.9154526443786,-60.));
#6082=CARTESIAN_POINT('Origin',(46.2309774207453,-27.64,-60.));
#6083=CARTESIAN_POINT('',(47.267261978428,-28.1352317535919,-60.));
#6084=CARTESIAN_POINT('Origin',(46.7195800878924,-28.4663579331359,-60.));
#6085=CARTESIAN_POINT('',(47.5479200028619,-28.2895960421913,-60.));
#6086=CARTESIAN_POINT('Origin',(47.5411029236957,-27.9696686638199,-60.));
#6087=CARTESIAN_POINT('',(48.7637928142775,-27.7734886540314,-60.));
#6088=CARTESIAN_POINT('Origin',(47.51,-26.51,-60.));
#6089=CARTESIAN_POINT('',(48.8477138836465,-27.4643697215961,-60.));
#6090=CARTESIAN_POINT('Origin',(48.5383918589018,-27.5463446263404,-60.));
#6091=CARTESIAN_POINT('',(49.1352317535919,-26.752738021572,-60.));
#6092=CARTESIAN_POINT('Origin',(49.4663579331359,-27.3004199121076,-60.));
#6093=CARTESIAN_POINT('',(49.2895960421913,-26.4720799971381,-60.));
#6094=CARTESIAN_POINT('Origin',(48.9696686638199,-26.4788970763043,-60.));
#6095=CARTESIAN_POINT('',(48.7679669935549,-25.2506672230397,-60.));
#6096=CARTESIAN_POINT('Origin',(47.51,-26.51,-60.));
#6097=CARTESIAN_POINT('',(48.4584822765635,-25.1681053055307,-60.));
#6098=CARTESIAN_POINT('Origin',(48.541815623927,-25.4770641267629,-60.));
#6099=CARTESIAN_POINT('',(47.7455940256775,-24.8837172893174,-60.));
#6100=CARTESIAN_POINT('Origin',(48.2918155818365,-24.5501876630663,-60.));
#6101=CARTESIAN_POINT('',(47.4642603977565,-24.7305877687319,-60.));
#6102=CARTESIAN_POINT('Origin',(47.472483247598,-25.050482102443,-60.));
#6103=CARTESIAN_POINT('',(46.4172880606889,-25.1048734513621,-60.));
#6104=CARTESIAN_POINT('Origin',(47.51,-26.51,-60.));
#6105=CARTESIAN_POINT('',(46.296794179442,-25.4016536475613,-60.));
#6106=CARTESIAN_POINT('Origin',(46.6137306565201,-25.357480471342,-60.));
#6107=CARTESIAN_POINT('',(45.6629212252857,-26.13,-60.));
#6108=CARTESIAN_POINT('Origin',(45.6629212252857,-25.49,-60.));
#6109=CARTESIAN_POINT('',(44.71,-26.13,-60.));
#6110=CARTESIAN_POINT('',(45.6629212252857,-26.13,-60.));
#6111=CARTESIAN_POINT('',(43.71,-25.13,-60.));
#6112=CARTESIAN_POINT('Origin',(44.71,-25.13,-60.));
#6113=CARTESIAN_POINT('',(43.71,-23.84,-60.));
#6114=CARTESIAN_POINT('',(43.71,-25.13,-60.));
#6115=CARTESIAN_POINT('',(43.96,-23.59,-60.));
#6116=CARTESIAN_POINT('Origin',(43.96,-23.84,-60.));
#6117=CARTESIAN_POINT('',(44.3604839969102,-23.59,-60.));
#6118=CARTESIAN_POINT('',(43.96,-23.59,-60.));
#6119=CARTESIAN_POINT('',(44.8252419984551,-23.39,-60.));
#6120=CARTESIAN_POINT('Origin',(44.3604839969102,-22.95,-60.));
#6121=CARTESIAN_POINT('',(45.29,-23.19,-60.));
#6122=CARTESIAN_POINT('Origin',(45.29,-23.83,-60.));
#6123=CARTESIAN_POINT('',(49.75,-23.19,-60.));
#6124=CARTESIAN_POINT('',(45.29,-23.19,-60.));
#6125=CARTESIAN_POINT('',(50.,-22.94,-60.));
#6126=CARTESIAN_POINT('Origin',(49.75,-22.94,-60.));
#6127=CARTESIAN_POINT('',(50.,-21.44,-60.));
#6128=CARTESIAN_POINT('',(50.,-23.19,-60.));
#6129=CARTESIAN_POINT('',(49.75,-21.19,-60.));
#6130=CARTESIAN_POINT('Origin',(49.75,-21.44,-60.));
#6131=CARTESIAN_POINT('',(47.75,-21.19,-60.));
#6132=CARTESIAN_POINT('',(50.,-21.19,-60.));
#6133=CARTESIAN_POINT('',(47.5,-20.94,-60.));
#6134=CARTESIAN_POINT('Origin',(47.75,-20.94,-60.));
#6135=CARTESIAN_POINT('',(47.5,-19.94,-60.));
#6136=CARTESIAN_POINT('',(47.5,-21.19,-60.));
#6137=CARTESIAN_POINT('',(47.75,-19.69,-60.));
#6138=CARTESIAN_POINT('Origin',(47.75,-19.94,-60.));
#6139=CARTESIAN_POINT('',(49.75,-19.69,-60.));
#6140=CARTESIAN_POINT('',(47.5,-19.69,-60.));
#6141=CARTESIAN_POINT('',(50.,-19.44,-60.));
#6142=CARTESIAN_POINT('Origin',(49.75,-19.44,-60.));
#6143=CARTESIAN_POINT('',(50.,-17.94,-60.));
#6144=CARTESIAN_POINT('',(50.,-19.69,-60.));
#6145=CARTESIAN_POINT('',(49.75,-17.69,-60.));
#6146=CARTESIAN_POINT('Origin',(49.75,-17.94,-60.));
#6147=CARTESIAN_POINT('',(47.5,-17.69,-60.));
#6148=CARTESIAN_POINT('',(50.,-17.69,-60.));
#6149=CARTESIAN_POINT('',(47.5,-16.19,-60.));
#6150=CARTESIAN_POINT('',(47.5,-17.69,-60.));
#6151=CARTESIAN_POINT('',(50.,-16.19,-60.));
#6152=CARTESIAN_POINT('',(47.5,-16.19,-60.));
#6153=CARTESIAN_POINT('',(50.,-14.19,-60.));
#6154=CARTESIAN_POINT('',(50.,-16.19,-60.));
#6155=CARTESIAN_POINT('',(47.5,-14.19,-60.));
#6156=CARTESIAN_POINT('',(50.,-14.19,-60.));
#6157=CARTESIAN_POINT('',(47.5,-12.69,-60.));
#6158=CARTESIAN_POINT('',(47.5,-14.19,-60.));
#6159=CARTESIAN_POINT('',(49.75,-12.69,-60.));
#6160=CARTESIAN_POINT('',(47.5,-12.69,-60.));
#6161=CARTESIAN_POINT('',(50.,-12.44,-60.));
#6162=CARTESIAN_POINT('Origin',(49.75,-12.44,-60.));
#6163=CARTESIAN_POINT('',(50.,-10.94,-60.));
#6164=CARTESIAN_POINT('',(50.,-12.69,-60.));
#6165=CARTESIAN_POINT('',(49.75,-10.69,-60.));
#6166=CARTESIAN_POINT('Origin',(49.75,-10.94,-60.));
#6167=CARTESIAN_POINT('',(47.75,-10.69,-60.));
#6168=CARTESIAN_POINT('',(50.,-10.69,-60.));
#6169=CARTESIAN_POINT('',(47.5,-10.44,-60.));
#6170=CARTESIAN_POINT('Origin',(47.75,-10.44,-60.));
#6171=CARTESIAN_POINT('',(47.5,-9.44,-60.));
#6172=CARTESIAN_POINT('',(47.5,-10.69,-60.));
#6173=CARTESIAN_POINT('',(47.75,-9.19,-60.));
#6174=CARTESIAN_POINT('Origin',(47.75,-9.44,-60.));
#6175=CARTESIAN_POINT('',(49.75,-9.19,-60.));
#6176=CARTESIAN_POINT('',(47.5,-9.19,-60.));
#6177=CARTESIAN_POINT('',(50.,-8.94,-60.));
#6178=CARTESIAN_POINT('Origin',(49.75,-8.94,-60.));
#6179=CARTESIAN_POINT('',(50.,-7.44,-60.));
#6180=CARTESIAN_POINT('',(50.,-9.19,-60.));
#6181=CARTESIAN_POINT('',(49.75,-7.19,-60.));
#6182=CARTESIAN_POINT('Origin',(49.75,-7.44,-60.));
#6183=CARTESIAN_POINT('',(47.7013511425651,-7.19,-60.));
#6184=CARTESIAN_POINT('',(50.,-7.19,-60.));
#6185=CARTESIAN_POINT('',(47.1863130676551,-7.04716730070211,-60.));
#6186=CARTESIAN_POINT('Origin',(47.7013511425651,-6.19,-60.));
#6187=CARTESIAN_POINT('',(47.011369520433,-6.94205061262338,-60.));
#6188=CARTESIAN_POINT('',(47.1863130676551,-7.04716730070211,-60.));
#6189=CARTESIAN_POINT('',(46.8884455484161,-5.94091520021464,-60.));
#6190=CARTESIAN_POINT('Origin',(47.3409938883755,-6.39346354017403,-60.));
#6191=CARTESIAN_POINT('',(47.1858173908844,-5.64354335774633,-60.));
#6192=CARTESIAN_POINT('',(46.8884455484161,-5.94091520021464,-60.));
#6193=CARTESIAN_POINT('',(47.9902552400029,-5.56151357119493,-60.));
#6194=CARTESIAN_POINT('Origin',(47.6383657308438,-6.09609169770572,-60.));
#6195=CARTESIAN_POINT('',(48.3100246509292,-5.58008193433723,-60.));
#6196=CARTESIAN_POINT('Origin',(48.1661999945824,-5.29422450793954,-60.));
#6197=CARTESIAN_POINT('',(49.1458076348763,-4.6918072254404,-60.));
#6198=CARTESIAN_POINT('Origin',(47.51,-3.99,-60.));
#6199=CARTESIAN_POINT('',(49.1078199052133,-4.37375975623333,-60.));
#6200=CARTESIAN_POINT('Origin',(48.8517298578199,-4.56563963434999,-60.));
#6201=CARTESIAN_POINT('',(49.1078199052133,-3.60624024376667,-60.));
#6202=CARTESIAN_POINT('Origin',(49.62,-3.99,-60.));
#6203=CARTESIAN_POINT('',(49.1458076348763,-3.2881927745596,-60.));
#6204=CARTESIAN_POINT('Origin',(48.8517298578199,-3.41436036565001,-60.));
#6205=CARTESIAN_POINT('',(48.2118072254404,-2.35419236512366,-60.));
#6206=CARTESIAN_POINT('Origin',(47.51,-3.99,-60.));
#6207=CARTESIAN_POINT('',(47.8937597562333,-2.39218009478672,-60.));
#6208=CARTESIAN_POINT('Origin',(48.08563963435,-2.64827014218008,-60.));
#6209=CARTESIAN_POINT('',(47.1262402437667,-2.39218009478673,-60.));
#6210=CARTESIAN_POINT('Origin',(47.51,-1.88,-60.));
#6211=CARTESIAN_POINT('',(46.8081927745596,-2.35419236512368,-60.));
#6212=CARTESIAN_POINT('Origin',(46.93436036565,-2.6482701421801,-60.));
#6213=CARTESIAN_POINT('',(45.9199180656628,-3.18997534907081,-60.));
#6214=CARTESIAN_POINT('Origin',(47.51,-3.99,-60.));
#6215=CARTESIAN_POINT('',(45.9384864288051,-3.50974475999716,-60.));
#6216=CARTESIAN_POINT('Origin',(46.2057754920605,-3.33380000541763,-60.));
#6217=CARTESIAN_POINT('',(45.8564566422537,-4.31418260911561,-60.));
#6218=CARTESIAN_POINT('Origin',(45.4039083022943,-3.86163426915623,-60.));
#6219=CARTESIAN_POINT('',(45.5725274195489,-4.59811183182043,-60.));
#6220=CARTESIAN_POINT('',(45.8564566422537,-4.31418260911561,-60.));
#6221=CARTESIAN_POINT('',(44.6674307396301,-4.59811183182043,-60.));
#6222=CARTESIAN_POINT('Origin',(45.1199790795895,-4.14556349186104,-60.));
#6223=CARTESIAN_POINT('',(44.4714762983625,-4.40215739055289,-60.));
#6224=CARTESIAN_POINT('',(44.6674307396301,-4.59811183182043,-60.));
#6225=CARTESIAN_POINT('',(44.1864907729742,-3.5695402303733,-60.));
#6226=CARTESIAN_POINT('Origin',(45.1785830795491,-3.69505060936635,-60.));
#6227=CARTESIAN_POINT('',(44.3626503693663,-2.84252873563218,-60.));
#6228=CARTESIAN_POINT('Origin',(47.51,-3.99,-60.));
#6229=CARTESIAN_POINT('',(43.4231430169383,-1.5,-60.));
#6230=CARTESIAN_POINT('Origin',(43.4231430169383,-2.5,-60.));
#6231=CARTESIAN_POINT('',(-43.4231430169383,-1.5,-60.));
#6232=CARTESIAN_POINT('',(43.4231430169383,-1.5,-60.));
#6233=CARTESIAN_POINT('',(-44.3626503693663,-2.84252873563218,-60.));
#6234=CARTESIAN_POINT('Origin',(-43.4231430169383,-2.5,-60.));
#6235=CARTESIAN_POINT('',(-44.1864907729742,-3.5695402303733,-60.));
#6236=CARTESIAN_POINT('Origin',(-47.51,-3.99,-60.));
#6237=CARTESIAN_POINT('',(-44.4714762983625,-4.40215739055289,-60.));
#6238=CARTESIAN_POINT('Origin',(-45.1785830795491,-3.69505060936635,-60.));
#6239=CARTESIAN_POINT('',(-44.6674307396301,-4.59811183182043,-60.));
#6240=CARTESIAN_POINT('',(-44.6674307396301,-4.59811183182043,-60.));
#6241=CARTESIAN_POINT('',(-45.5725274195489,-4.59811183182043,-60.));
#6242=CARTESIAN_POINT('Origin',(-45.1199790795895,-4.14556349186104,-60.));
#6243=CARTESIAN_POINT('',(-45.8564566422537,-4.31418260911561,-60.));
#6244=CARTESIAN_POINT('',(-45.8564566422537,-4.31418260911561,-60.));
#6245=CARTESIAN_POINT('',(-45.9384864288051,-3.50974475999716,-60.));
#6246=CARTESIAN_POINT('Origin',(-45.4039083022943,-3.86163426915623,-60.));
#6247=CARTESIAN_POINT('',(-45.9199180656628,-3.18997534907081,-60.));
#6248=CARTESIAN_POINT('Origin',(-46.2057754920605,-3.33380000541763,-60.));
#6249=CARTESIAN_POINT('',(-46.8081927745596,-2.35419236512368,-60.));
#6250=CARTESIAN_POINT('Origin',(-47.51,-3.99,-60.));
#6251=CARTESIAN_POINT('',(-47.1262402437667,-2.39218009478673,-60.));
#6252=CARTESIAN_POINT('Origin',(-46.93436036565,-2.6482701421801,-60.));
#6253=CARTESIAN_POINT('',(-47.8937597562333,-2.39218009478672,-60.));
#6254=CARTESIAN_POINT('Origin',(-47.51,-1.88,-60.));
#6255=CARTESIAN_POINT('',(-48.2118072254404,-2.35419236512366,-60.));
#6256=CARTESIAN_POINT('Origin',(-48.08563963435,-2.64827014218008,-60.));
#6257=CARTESIAN_POINT('',(-49.1458076348763,-3.2881927745596,-60.));
#6258=CARTESIAN_POINT('Origin',(-47.51,-3.99,-60.));
#6259=CARTESIAN_POINT('',(-49.1078199052133,-3.60624024376667,-60.));
#6260=CARTESIAN_POINT('Origin',(-48.8517298578199,-3.41436036565001,-60.));
#6261=CARTESIAN_POINT('',(-49.1078199052133,-4.37375975623333,-60.));
#6262=CARTESIAN_POINT('Origin',(-49.62,-3.99,-60.));
#6263=CARTESIAN_POINT('',(-49.1458076348763,-4.6918072254404,-60.));
#6264=CARTESIAN_POINT('Origin',(-48.8517298578199,-4.56563963434999,-60.));
#6265=CARTESIAN_POINT('',(-48.3100246509292,-5.58008193433723,-60.));
#6266=CARTESIAN_POINT('Origin',(-47.51,-3.99,-60.));
#6267=CARTESIAN_POINT('',(-47.9902552400029,-5.56151357119493,-60.));
#6268=CARTESIAN_POINT('Origin',(-48.1661999945824,-5.29422450793954,-60.));
#6269=CARTESIAN_POINT('',(-47.1858173908844,-5.64354335774633,-60.));
#6270=CARTESIAN_POINT('Origin',(-47.6383657308438,-6.09609169770572,-60.));
#6271=CARTESIAN_POINT('',(-46.8884455484161,-5.94091520021464,-60.));
#6272=CARTESIAN_POINT('',(-46.8884455484161,-5.94091520021464,-60.));
#6273=CARTESIAN_POINT('',(-47.011369520433,-6.94205061262338,-60.));
#6274=CARTESIAN_POINT('Origin',(-47.3409938883755,-6.39346354017403,-60.));
#6275=CARTESIAN_POINT('',(-47.1863130676551,-7.04716730070211,-60.));
#6276=CARTESIAN_POINT('',(-47.1863130676551,-7.04716730070211,-60.));
#6277=CARTESIAN_POINT('',(-47.7013511425651,-7.19,-60.));
#6278=CARTESIAN_POINT('Origin',(-47.7013511425651,-6.19,-60.));
#6279=CARTESIAN_POINT('',(-49.75,-7.19,-60.));
#6280=CARTESIAN_POINT('',(-50.,-7.19,-60.));
#6281=CARTESIAN_POINT('',(-50.,-7.44,-60.));
#6282=CARTESIAN_POINT('Origin',(-49.75,-7.44,-60.));
#6283=CARTESIAN_POINT('',(-50.,-8.94,-60.));
#6284=CARTESIAN_POINT('',(-50.,-9.19,-60.));
#6285=CARTESIAN_POINT('',(-49.75,-9.19,-60.));
#6286=CARTESIAN_POINT('Origin',(-49.75,-8.94,-60.));
#6287=CARTESIAN_POINT('',(-47.75,-9.19,-60.));
#6288=CARTESIAN_POINT('',(-47.5,-9.19,-60.));
#6289=CARTESIAN_POINT('',(-47.5,-9.44,-60.));
#6290=CARTESIAN_POINT('Origin',(-47.75,-9.44,-60.));
#6291=CARTESIAN_POINT('',(-47.5,-10.44,-60.));
#6292=CARTESIAN_POINT('',(-47.5,-10.69,-60.));
#6293=CARTESIAN_POINT('',(-47.75,-10.69,-60.));
#6294=CARTESIAN_POINT('Origin',(-47.75,-10.44,-60.));
#6295=CARTESIAN_POINT('',(-49.75,-10.69,-60.));
#6296=CARTESIAN_POINT('',(-50.,-10.69,-60.));
#6297=CARTESIAN_POINT('',(-50.,-10.94,-60.));
#6298=CARTESIAN_POINT('Origin',(-49.75,-10.94,-60.));
#6299=CARTESIAN_POINT('',(-50.,-12.44,-60.));
#6300=CARTESIAN_POINT('',(-50.,-12.69,-60.));
#6301=CARTESIAN_POINT('',(-49.75,-12.69,-60.));
#6302=CARTESIAN_POINT('Origin',(-49.75,-12.44,-60.));
#6303=CARTESIAN_POINT('',(-47.5,-12.69,-60.));
#6304=CARTESIAN_POINT('',(-47.5,-12.69,-60.));
#6305=CARTESIAN_POINT('',(-47.5,-14.19,-60.));
#6306=CARTESIAN_POINT('',(-47.5,-14.19,-60.));
#6307=CARTESIAN_POINT('',(-50.,-14.19,-60.));
#6308=CARTESIAN_POINT('',(-50.,-14.19,-60.));
#6309=CARTESIAN_POINT('',(-50.,-16.19,-60.));
#6310=CARTESIAN_POINT('',(-50.,-16.19,-60.));
#6311=CARTESIAN_POINT('',(-47.5,-16.19,-60.));
#6312=CARTESIAN_POINT('',(-47.5,-16.19,-60.));
#6313=CARTESIAN_POINT('',(-47.5,-17.69,-60.));
#6314=CARTESIAN_POINT('',(-47.5,-17.69,-60.));
#6315=CARTESIAN_POINT('',(-49.75,-17.69,-60.));
#6316=CARTESIAN_POINT('',(-50.,-17.69,-60.));
#6317=CARTESIAN_POINT('',(-50.,-17.94,-60.));
#6318=CARTESIAN_POINT('Origin',(-49.75,-17.94,-60.));
#6319=CARTESIAN_POINT('',(-50.,-19.44,-60.));
#6320=CARTESIAN_POINT('',(-50.,-19.69,-60.));
#6321=CARTESIAN_POINT('',(-49.75,-19.69,-60.));
#6322=CARTESIAN_POINT('Origin',(-49.75,-19.44,-60.));
#6323=CARTESIAN_POINT('',(-47.75,-19.69,-60.));
#6324=CARTESIAN_POINT('',(-47.5,-19.69,-60.));
#6325=CARTESIAN_POINT('',(-47.5,-19.94,-60.));
#6326=CARTESIAN_POINT('Origin',(-47.75,-19.94,-60.));
#6327=CARTESIAN_POINT('',(-47.5,-20.94,-60.));
#6328=CARTESIAN_POINT('',(-47.5,-21.19,-60.));
#6329=CARTESIAN_POINT('',(-47.75,-21.19,-60.));
#6330=CARTESIAN_POINT('Origin',(-47.75,-20.94,-60.));
#6331=CARTESIAN_POINT('',(-49.75,-21.19,-60.));
#6332=CARTESIAN_POINT('',(-50.,-21.19,-60.));
#6333=CARTESIAN_POINT('',(-50.,-21.44,-60.));
#6334=CARTESIAN_POINT('Origin',(-49.75,-21.44,-60.));
#6335=CARTESIAN_POINT('',(-50.,-22.94,-60.));
#6336=CARTESIAN_POINT('',(-50.,-23.19,-60.));
#6337=CARTESIAN_POINT('',(-49.75,-23.19,-60.));
#6338=CARTESIAN_POINT('Origin',(-49.75,-22.94,-60.));
#6339=CARTESIAN_POINT('',(-45.29,-23.19,-60.));
#6340=CARTESIAN_POINT('',(-45.29,-23.19,-60.));
#6341=CARTESIAN_POINT('',(-44.8252419984551,-23.39,-60.));
#6342=CARTESIAN_POINT('Origin',(-45.29,-23.83,-60.));
#6343=CARTESIAN_POINT('',(-44.3604839969102,-23.59,-60.));
#6344=CARTESIAN_POINT('Origin',(-44.3604839969102,-22.95,-60.));
#6345=CARTESIAN_POINT('',(-43.96,-23.59,-60.));
#6346=CARTESIAN_POINT('',(-43.96,-23.59,-60.));
#6347=CARTESIAN_POINT('',(-43.71,-23.84,-60.));
#6348=CARTESIAN_POINT('Origin',(-43.96,-23.84,-60.));
#6349=CARTESIAN_POINT('',(-43.71,-25.13,-60.));
#6350=CARTESIAN_POINT('',(-43.71,-25.13,-60.));
#6351=CARTESIAN_POINT('',(-44.71,-26.13,-60.));
#6352=CARTESIAN_POINT('Origin',(-44.71,-25.13,-60.));
#6353=CARTESIAN_POINT('',(-45.6629212252857,-26.13,-60.));
#6354=CARTESIAN_POINT('',(-45.6629212252857,-26.13,-60.));
#6355=CARTESIAN_POINT('',(-46.296794179442,-25.4016536475613,-60.));
#6356=CARTESIAN_POINT('Origin',(-45.6629212252857,-25.49,-60.));
#6357=CARTESIAN_POINT('',(-46.4172880606889,-25.1048734513621,-60.));
#6358=CARTESIAN_POINT('Origin',(-46.6137306565201,-25.357480471342,-60.));
#6359=CARTESIAN_POINT('',(-47.4642603977565,-24.7305877687319,-60.));
#6360=CARTESIAN_POINT('Origin',(-47.51,-26.51,-60.));
#6361=CARTESIAN_POINT('',(-47.7455940256775,-24.8837172893174,-60.));
#6362=CARTESIAN_POINT('Origin',(-47.472483247598,-25.050482102443,-60.));
#6363=CARTESIAN_POINT('',(-48.4584822765635,-25.1681053055307,-60.));
#6364=CARTESIAN_POINT('Origin',(-48.2918155818365,-24.5501876630663,-60.));
#6365=CARTESIAN_POINT('',(-48.7679669935549,-25.2506672230397,-60.));
#6366=CARTESIAN_POINT('Origin',(-48.541815623927,-25.4770641267629,-60.));
#6367=CARTESIAN_POINT('',(-49.2895960421913,-26.4720799971381,-60.));
#6368=CARTESIAN_POINT('Origin',(-47.51,-26.51,-60.));
#6369=CARTESIAN_POINT('',(-49.1352317535919,-26.752738021572,-60.));
#6370=CARTESIAN_POINT('Origin',(-48.9696686638199,-26.4788970763043,-60.));
#6371=CARTESIAN_POINT('',(-48.8477138836465,-27.4643697215961,-60.));
#6372=CARTESIAN_POINT('Origin',(-49.4663579331359,-27.3004199121076,-60.));
#6373=CARTESIAN_POINT('',(-48.7637928142775,-27.7734886540314,-60.));
#6374=CARTESIAN_POINT('Origin',(-48.5383918589018,-27.5463446263404,-60.));
#6375=CARTESIAN_POINT('',(-47.5479200028619,-28.2895960421913,-60.));
#6376=CARTESIAN_POINT('Origin',(-47.51,-26.51,-60.));
#6377=CARTESIAN_POINT('',(-47.267261978428,-28.1352317535919,-60.));
#6378=CARTESIAN_POINT('Origin',(-47.5411029236957,-27.9696686638199,-60.));
#6379=CARTESIAN_POINT('',(-46.393844976461,-27.9154526443786,-60.));
#6380=CARTESIAN_POINT('Origin',(-46.7195800878924,-28.4663579331359,-60.));
#6381=CARTESIAN_POINT('',(-46.2309774207453,-27.96,-60.));
#6382=CARTESIAN_POINT('Origin',(-46.2309774207453,-27.64,-60.));
#6383=CARTESIAN_POINT('',(-44.71,-27.96,-60.));
#6384=CARTESIAN_POINT('',(-44.71,-27.96,-60.));
#6385=CARTESIAN_POINT('',(-43.71,-28.96,-60.));
#6386=CARTESIAN_POINT('Origin',(-44.71,-28.96,-60.));
#6387=CARTESIAN_POINT('',(-43.71,-29.931726708208,-60.));
#6388=CARTESIAN_POINT('',(-43.71,-30.13,-60.));
#6389=CARTESIAN_POINT('',(-43.8607936507937,-30.1612002366969,-60.));
#6390=CARTESIAN_POINT('Origin',(-43.96,-29.931726708208,-60.));
#6391=CARTESIAN_POINT('',(-44.0587997633032,-30.3592063492064,-60.));
#6392=CARTESIAN_POINT('Origin',(-43.71,-30.51,-60.));
#6393=CARTESIAN_POINT('',(-44.2882732917921,-30.51,-60.));
#6394=CARTESIAN_POINT('Origin',(-44.2882732917921,-30.26,-60.));
#6395=CARTESIAN_POINT('',(-47.5,-30.51,-60.));
#6396=CARTESIAN_POINT('',(-47.5,-30.51,-60.));
#6397=CARTESIAN_POINT('',(-51.5,-26.51,-60.));
#6398=CARTESIAN_POINT('Origin',(-47.5,-26.51,-60.));
#6399=CARTESIAN_POINT('',(-51.5,-25.248273291792,-60.));
#6400=CARTESIAN_POINT('',(-51.5,-25.05,-60.));
#6401=CARTESIAN_POINT('',(-51.3492063492064,-25.0187997633031,-60.));
#6402=CARTESIAN_POINT('Origin',(-51.25,-25.248273291792,-60.));
#6403=CARTESIAN_POINT('',(-51.3492063492064,-24.3212002366969,-60.));
#6404=CARTESIAN_POINT('Origin',(-51.5,-24.67,-60.));
#6405=CARTESIAN_POINT('',(-51.5,-24.091726708208,-60.));
#6406=CARTESIAN_POINT('Origin',(-51.25,-24.091726708208,-60.));
#6407=CARTESIAN_POINT('',(-51.5,-19.138273291792,-60.));
#6408=CARTESIAN_POINT('',(-51.5,-18.94,-60.));
#6409=CARTESIAN_POINT('',(-51.3492063492064,-18.9087997633031,-60.));
#6410=CARTESIAN_POINT('Origin',(-51.25,-19.138273291792,-60.));
#6411=CARTESIAN_POINT('',(-51.3492063492064,-18.2112002366969,-60.));
#6412=CARTESIAN_POINT('Origin',(-51.5,-18.56,-60.));
#6413=CARTESIAN_POINT('',(-51.5,-17.981726708208,-60.));
#6414=CARTESIAN_POINT('Origin',(-51.25,-17.981726708208,-60.));
#6415=CARTESIAN_POINT('',(-51.5,-12.528273291792,-60.));
#6416=CARTESIAN_POINT('',(-51.5,-12.33,-60.));
#6417=CARTESIAN_POINT('',(-51.3492063492064,-12.2987997633031,-60.));
#6418=CARTESIAN_POINT('Origin',(-51.25,-12.528273291792,-60.));
#6419=CARTESIAN_POINT('',(-51.3492063492064,-11.6012002366969,-60.));
#6420=CARTESIAN_POINT('Origin',(-51.5,-11.95,-60.));
#6421=CARTESIAN_POINT('',(-51.5,-11.371726708208,-60.));
#6422=CARTESIAN_POINT('Origin',(-51.25,-11.371726708208,-60.));
#6423=CARTESIAN_POINT('',(-51.5,-6.41827329179204,-60.));
#6424=CARTESIAN_POINT('',(-51.5,-6.22,-60.));
#6425=CARTESIAN_POINT('',(-51.3492063492064,-6.18879976330314,-60.));
#6426=CARTESIAN_POINT('Origin',(-51.25,-6.41827329179204,-60.));
#6427=CARTESIAN_POINT('',(-51.3492063492064,-5.49120023669687,-60.));
#6428=CARTESIAN_POINT('Origin',(-51.5,-5.84,-60.));
#6429=CARTESIAN_POINT('',(-51.5,-5.26172670820796,-60.));
#6430=CARTESIAN_POINT('Origin',(-51.25,-5.26172670820796,-60.));
#6431=CARTESIAN_POINT('',(-51.5,-4.,-60.));
#6432=CARTESIAN_POINT('',(-51.5,-4.,-60.));
#6433=CARTESIAN_POINT('',(-47.5,-3.33066907387547E-15,-60.));
#6434=CARTESIAN_POINT('Origin',(-47.5,-4.,-60.));
#6435=CARTESIAN_POINT('',(-45.7282732917921,-3.0634044140927E-15,-60.));
#6436=CARTESIAN_POINT('',(-45.53,-3.03349492318233E-15,-60.));
#6437=CARTESIAN_POINT('',(-45.4987997633032,-0.150793650793654,-60.));
#6438=CARTESIAN_POINT('Origin',(-45.7282732917921,-0.250000000000003,-60.));
#6439=CARTESIAN_POINT('',(-44.8012002366969,-0.150793650793654,-60.));
#6440=CARTESIAN_POINT('Origin',(-45.15,-3.03349492318233E-15,-60.));
#6441=CARTESIAN_POINT('',(-44.571726708208,-3.0200604576015E-15,-60.));
#6442=CARTESIAN_POINT('Origin',(-44.571726708208,-0.250000000000003,-60.));
#6443=CARTESIAN_POINT('',(44.571726708208,3.0200604576015E-15,-60.));
#6444=CARTESIAN_POINT('',(0.,0.,-60.));
#6445=CARTESIAN_POINT('',(44.8012002366969,-0.15079365079365,-60.));
#6446=CARTESIAN_POINT('Origin',(44.571726708208,-0.249999999999997,-60.));
#6447=CARTESIAN_POINT('',(45.4987997633032,-0.150793650793654,-60.));
#6448=CARTESIAN_POINT('Origin',(45.15,-3.03349492318233E-15,-60.));
#6449=CARTESIAN_POINT('',(45.7282732917921,-3.0634044140927E-15,-60.));
#6450=CARTESIAN_POINT('Origin',(45.7282732917921,-0.250000000000003,-60.));
#6451=CARTESIAN_POINT('',(47.5,-3.33066907387547E-15,-60.));
#6452=CARTESIAN_POINT('',(45.53,-3.03349492318233E-15,-60.));
#6453=CARTESIAN_POINT('',(51.5,-4.,-60.));
#6454=CARTESIAN_POINT('Origin',(47.5,-4.,-60.));
#6455=CARTESIAN_POINT('',(51.5,-5.26172670820796,-60.));
#6456=CARTESIAN_POINT('',(51.5,-4.,-60.));
#6457=CARTESIAN_POINT('',(51.3492063492064,-5.49120023669687,-60.));
#6458=CARTESIAN_POINT('Origin',(51.25,-5.26172670820796,-60.));
#6459=CARTESIAN_POINT('',(51.3492063492064,-6.18879976330314,-60.));
#6460=CARTESIAN_POINT('Origin',(51.5,-5.84,-60.));
#6461=CARTESIAN_POINT('',(51.5,-6.41827329179204,-60.));
#6462=CARTESIAN_POINT('Origin',(51.25,-6.41827329179204,-60.));
#6463=CARTESIAN_POINT('',(51.5,-11.371726708208,-60.));
#6464=CARTESIAN_POINT('',(51.5,-6.22,-60.));
#6465=CARTESIAN_POINT('',(51.3492063492064,-11.6012002366969,-60.));
#6466=CARTESIAN_POINT('Origin',(51.25,-11.371726708208,-60.));
#6467=CARTESIAN_POINT('',(51.3492063492064,-12.2987997633031,-60.));
#6468=CARTESIAN_POINT('Origin',(51.5,-11.95,-60.));
#6469=CARTESIAN_POINT('',(51.5,-12.528273291792,-60.));
#6470=CARTESIAN_POINT('Origin',(51.25,-12.528273291792,-60.));
#6471=CARTESIAN_POINT('',(51.5,-17.981726708208,-60.));
#6472=CARTESIAN_POINT('',(51.5,-12.33,-60.));
#6473=CARTESIAN_POINT('',(51.3492063492064,-18.2112002366969,-60.));
#6474=CARTESIAN_POINT('Origin',(51.25,-17.981726708208,-60.));
#6475=CARTESIAN_POINT('',(51.3492063492064,-18.9087997633031,-60.));
#6476=CARTESIAN_POINT('Origin',(51.5,-18.56,-60.));
#6477=CARTESIAN_POINT('',(51.5,-19.138273291792,-60.));
#6478=CARTESIAN_POINT('Origin',(51.25,-19.138273291792,-60.));
#6479=CARTESIAN_POINT('',(51.5,-24.091726708208,-60.));
#6480=CARTESIAN_POINT('',(51.5,-18.94,-60.));
#6481=CARTESIAN_POINT('',(51.3492063492064,-24.3212002366969,-60.));
#6482=CARTESIAN_POINT('Origin',(51.25,-24.091726708208,-60.));
#6483=CARTESIAN_POINT('',(51.3492063492064,-25.0187997633031,-60.));
#6484=CARTESIAN_POINT('Origin',(51.5,-24.67,-60.));
#6485=CARTESIAN_POINT('',(51.5,-25.248273291792,-60.));
#6486=CARTESIAN_POINT('Origin',(51.25,-25.248273291792,-60.));
#6487=CARTESIAN_POINT('',(51.5,-26.51,-60.));
#6488=CARTESIAN_POINT('',(51.5,-25.05,-60.));
#6489=CARTESIAN_POINT('',(47.5,-30.51,-60.));
#6490=CARTESIAN_POINT('Origin',(47.5,-26.51,-60.));
#6491=CARTESIAN_POINT('',(47.5,-30.51,-60.));
#6492=CARTESIAN_POINT('Origin',(43.71,-30.51,0.));
#6493=CARTESIAN_POINT('',(43.8607936507937,-30.1612002366969,60.));
#6494=CARTESIAN_POINT('Origin',(43.71,-30.51,60.));
#6495=CARTESIAN_POINT('',(43.8607936507937,-30.1612002366969,0.));
#6496=CARTESIAN_POINT('Origin',(43.96,-29.931726708208,0.));
#6497=CARTESIAN_POINT('',(43.71,-29.931726708208,60.));
#6498=CARTESIAN_POINT('Origin',(43.96,-29.931726708208,60.));
#6499=CARTESIAN_POINT('',(43.71,-29.931726708208,0.));
#6500=CARTESIAN_POINT('Origin',(49.75,-22.94,0.));
#6501=CARTESIAN_POINT('',(49.75,-23.19,60.));
#6502=CARTESIAN_POINT('',(49.75,-23.19,0.));
#6503=CARTESIAN_POINT('',(50.,-22.94,60.));
#6504=CARTESIAN_POINT('Origin',(49.75,-22.94,60.));
#6505=CARTESIAN_POINT('',(50.,-22.94,0.));
#6506=CARTESIAN_POINT('Origin',(50.,-23.19,0.));
#6507=CARTESIAN_POINT('',(45.29,-23.19,60.));
#6508=CARTESIAN_POINT('',(45.29,-23.19,0.));
#6509=CARTESIAN_POINT('',(45.29,-23.19,60.));
#6510=CARTESIAN_POINT('Origin',(49.75,-21.44,0.));
#6511=CARTESIAN_POINT('',(50.,-21.44,60.));
#6512=CARTESIAN_POINT('',(50.,-21.44,0.));
#6513=CARTESIAN_POINT('',(49.75,-21.19,60.));
#6514=CARTESIAN_POINT('Origin',(49.75,-21.44,60.));
#6515=CARTESIAN_POINT('',(49.75,-21.19,0.));
#6516=CARTESIAN_POINT('Origin',(50.,-21.19,0.));
#6517=CARTESIAN_POINT('',(50.,-23.19,60.));
#6518=CARTESIAN_POINT('Origin',(47.75,-20.94,0.));
#6519=CARTESIAN_POINT('',(47.75,-21.19,60.));
#6520=CARTESIAN_POINT('',(47.5,-20.94,60.));
#6521=CARTESIAN_POINT('Origin',(47.75,-20.94,60.));
#6522=CARTESIAN_POINT('',(47.5,-20.94,0.));
#6523=CARTESIAN_POINT('',(47.75,-21.19,0.));
#6524=CARTESIAN_POINT('Origin',(47.5,-19.69,0.));
#6525=CARTESIAN_POINT('',(47.5,-19.94,60.));
#6526=CARTESIAN_POINT('',(47.5,-21.19,60.));
#6527=CARTESIAN_POINT('',(47.5,-19.94,0.));
#6528=CARTESIAN_POINT('Origin',(-37.2299091033442,-9.42687925931256,60.));
#6529=CARTESIAN_POINT('',(47.5,-30.51,60.));
#6530=CARTESIAN_POINT('',(47.5,-30.51,60.));
#6531=CARTESIAN_POINT('',(51.5,-26.51,60.));
#6532=CARTESIAN_POINT('Origin',(47.5,-26.51,60.));
#6533=CARTESIAN_POINT('',(51.5,-25.248273291792,60.));
#6534=CARTESIAN_POINT('',(51.5,-25.05,60.));
#6535=CARTESIAN_POINT('',(51.3492063492064,-25.0187997633031,60.));
#6536=CARTESIAN_POINT('Origin',(51.25,-25.248273291792,60.));
#6537=CARTESIAN_POINT('',(51.3492063492064,-24.3212002366969,60.));
#6538=CARTESIAN_POINT('Origin',(51.5,-24.67,60.));
#6539=CARTESIAN_POINT('',(51.5,-24.091726708208,60.));
#6540=CARTESIAN_POINT('Origin',(51.25,-24.091726708208,60.));
#6541=CARTESIAN_POINT('',(51.5,-19.138273291792,60.));
#6542=CARTESIAN_POINT('',(51.5,-18.94,60.));
#6543=CARTESIAN_POINT('',(51.3492063492064,-18.9087997633031,60.));
#6544=CARTESIAN_POINT('Origin',(51.25,-19.138273291792,60.));
#6545=CARTESIAN_POINT('',(51.3492063492064,-18.2112002366969,60.));
#6546=CARTESIAN_POINT('Origin',(51.5,-18.56,60.));
#6547=CARTESIAN_POINT('',(51.5,-17.981726708208,60.));
#6548=CARTESIAN_POINT('Origin',(51.25,-17.981726708208,60.));
#6549=CARTESIAN_POINT('',(51.5,-12.528273291792,60.));
#6550=CARTESIAN_POINT('',(51.5,-12.33,60.));
#6551=CARTESIAN_POINT('',(51.3492063492064,-12.2987997633031,60.));
#6552=CARTESIAN_POINT('Origin',(51.25,-12.528273291792,60.));
#6553=CARTESIAN_POINT('',(51.3492063492064,-11.6012002366969,60.));
#6554=CARTESIAN_POINT('Origin',(51.5,-11.95,60.));
#6555=CARTESIAN_POINT('',(51.5,-11.371726708208,60.));
#6556=CARTESIAN_POINT('Origin',(51.25,-11.371726708208,60.));
#6557=CARTESIAN_POINT('',(51.5,-6.41827329179204,60.));
#6558=CARTESIAN_POINT('',(51.5,-6.22,60.));
#6559=CARTESIAN_POINT('',(51.3492063492064,-6.18879976330314,60.));
#6560=CARTESIAN_POINT('Origin',(51.25,-6.41827329179204,60.));
#6561=CARTESIAN_POINT('',(51.3492063492064,-5.49120023669687,60.));
#6562=CARTESIAN_POINT('Origin',(51.5,-5.84,60.));
#6563=CARTESIAN_POINT('',(51.5,-5.26172670820796,60.));
#6564=CARTESIAN_POINT('Origin',(51.25,-5.26172670820796,60.));
#6565=CARTESIAN_POINT('',(51.5,-4.,60.));
#6566=CARTESIAN_POINT('',(51.5,-4.,60.));
#6567=CARTESIAN_POINT('',(47.5,-3.33066907387547E-15,60.));
#6568=CARTESIAN_POINT('Origin',(47.5,-4.,60.));
#6569=CARTESIAN_POINT('',(45.7282732917921,-3.0634044140927E-15,60.));
#6570=CARTESIAN_POINT('',(45.53,-3.03349492318233E-15,60.));
#6571=CARTESIAN_POINT('',(45.4987997633032,-0.150793650793654,60.));
#6572=CARTESIAN_POINT('Origin',(45.7282732917921,-0.250000000000003,60.));
#6573=CARTESIAN_POINT('',(44.8012002366969,-0.15079365079365,60.));
#6574=CARTESIAN_POINT('Origin',(45.15,-3.03349492318233E-15,60.));
#6575=CARTESIAN_POINT('',(44.571726708208,-3.0200604576015E-15,60.));
#6576=CARTESIAN_POINT('Origin',(44.571726708208,-0.249999999999997,60.));
#6577=CARTESIAN_POINT('',(-44.571726708208,-3.0200604576015E-15,60.));
#6578=CARTESIAN_POINT('',(0.,0.,60.));
#6579=CARTESIAN_POINT('',(-44.8012002366969,-0.150793650793654,60.));
#6580=CARTESIAN_POINT('Origin',(-44.571726708208,-0.250000000000003,60.));
#6581=CARTESIAN_POINT('',(-45.4987997633032,-0.150793650793654,60.));
#6582=CARTESIAN_POINT('Origin',(-45.15,-3.03349492318233E-15,60.));
#6583=CARTESIAN_POINT('',(-45.7282732917921,-3.0634044140927E-15,60.));
#6584=CARTESIAN_POINT('Origin',(-45.7282732917921,-0.250000000000003,60.));
#6585=CARTESIAN_POINT('',(-47.5,-3.33066907387547E-15,60.));
#6586=CARTESIAN_POINT('',(-45.53,-3.03349492318233E-15,60.));
#6587=CARTESIAN_POINT('',(-51.5,-4.,60.));
#6588=CARTESIAN_POINT('Origin',(-47.5,-4.,60.));
#6589=CARTESIAN_POINT('',(-51.5,-5.26172670820796,60.));
#6590=CARTESIAN_POINT('',(-51.5,-4.,60.));
#6591=CARTESIAN_POINT('',(-51.3492063492064,-5.49120023669687,60.));
#6592=CARTESIAN_POINT('Origin',(-51.25,-5.26172670820796,60.));
#6593=CARTESIAN_POINT('',(-51.3492063492064,-6.18879976330314,60.));
#6594=CARTESIAN_POINT('Origin',(-51.5,-5.84,60.));
#6595=CARTESIAN_POINT('',(-51.5,-6.41827329179204,60.));
#6596=CARTESIAN_POINT('Origin',(-51.25,-6.41827329179204,60.));
#6597=CARTESIAN_POINT('',(-51.5,-11.371726708208,60.));
#6598=CARTESIAN_POINT('',(-51.5,-6.22,60.));
#6599=CARTESIAN_POINT('',(-51.3492063492064,-11.6012002366969,60.));
#6600=CARTESIAN_POINT('Origin',(-51.25,-11.371726708208,60.));
#6601=CARTESIAN_POINT('',(-51.3492063492064,-12.2987997633031,60.));
#6602=CARTESIAN_POINT('Origin',(-51.5,-11.95,60.));
#6603=CARTESIAN_POINT('',(-51.5,-12.528273291792,60.));
#6604=CARTESIAN_POINT('Origin',(-51.25,-12.528273291792,60.));
#6605=CARTESIAN_POINT('',(-51.5,-17.981726708208,60.));
#6606=CARTESIAN_POINT('',(-51.5,-12.33,60.));
#6607=CARTESIAN_POINT('',(-51.3492063492064,-18.2112002366969,60.));
#6608=CARTESIAN_POINT('Origin',(-51.25,-17.981726708208,60.));
#6609=CARTESIAN_POINT('',(-51.3492063492064,-18.9087997633031,60.));
#6610=CARTESIAN_POINT('Origin',(-51.5,-18.56,60.));
#6611=CARTESIAN_POINT('',(-51.5,-19.138273291792,60.));
#6612=CARTESIAN_POINT('Origin',(-51.25,-19.138273291792,60.));
#6613=CARTESIAN_POINT('',(-51.5,-24.091726708208,60.));
#6614=CARTESIAN_POINT('',(-51.5,-18.94,60.));
#6615=CARTESIAN_POINT('',(-51.3492063492064,-24.3212002366969,60.));
#6616=CARTESIAN_POINT('Origin',(-51.25,-24.091726708208,60.));
#6617=CARTESIAN_POINT('',(-51.3492063492064,-25.0187997633031,60.));
#6618=CARTESIAN_POINT('Origin',(-51.5,-24.67,60.));
#6619=CARTESIAN_POINT('',(-51.5,-25.248273291792,60.));
#6620=CARTESIAN_POINT('Origin',(-51.25,-25.248273291792,60.));
#6621=CARTESIAN_POINT('',(-51.5,-26.51,60.));
#6622=CARTESIAN_POINT('',(-51.5,-25.05,60.));
#6623=CARTESIAN_POINT('',(-47.5,-30.51,60.));
#6624=CARTESIAN_POINT('Origin',(-47.5,-26.51,60.));
#6625=CARTESIAN_POINT('',(-44.2882732917921,-30.51,60.));
#6626=CARTESIAN_POINT('',(-47.5,-30.51,60.));
#6627=CARTESIAN_POINT('',(-44.0587997633032,-30.3592063492064,60.));
#6628=CARTESIAN_POINT('Origin',(-44.2882732917921,-30.26,60.));
#6629=CARTESIAN_POINT('',(-43.8607936507937,-30.1612002366969,60.));
#6630=CARTESIAN_POINT('Origin',(-43.71,-30.51,60.));
#6631=CARTESIAN_POINT('',(-43.71,-29.931726708208,60.));
#6632=CARTESIAN_POINT('Origin',(-43.96,-29.931726708208,60.));
#6633=CARTESIAN_POINT('',(-43.71,-28.96,60.));
#6634=CARTESIAN_POINT('',(-43.71,-30.13,60.));
#6635=CARTESIAN_POINT('',(-44.71,-27.96,60.));
#6636=CARTESIAN_POINT('Origin',(-44.71,-28.96,60.));
#6637=CARTESIAN_POINT('',(-46.2309774207453,-27.96,60.));
#6638=CARTESIAN_POINT('',(-44.71,-27.96,60.));
#6639=CARTESIAN_POINT('',(-46.393844976461,-27.9154526443786,60.));
#6640=CARTESIAN_POINT('Origin',(-46.2309774207453,-27.64,60.));
#6641=CARTESIAN_POINT('',(-47.267261978428,-28.1352317535919,60.));
#6642=CARTESIAN_POINT('Origin',(-46.7195800878924,-28.4663579331359,60.));
#6643=CARTESIAN_POINT('',(-47.5479200028619,-28.2895960421913,60.));
#6644=CARTESIAN_POINT('Origin',(-47.5411029236957,-27.9696686638199,60.));
#6645=CARTESIAN_POINT('',(-48.7637928142775,-27.7734886540314,60.));
#6646=CARTESIAN_POINT('Origin',(-47.51,-26.51,60.));
#6647=CARTESIAN_POINT('',(-48.8477138836465,-27.4643697215961,60.));
#6648=CARTESIAN_POINT('Origin',(-48.5383918589018,-27.5463446263404,60.));
#6649=CARTESIAN_POINT('',(-49.1352317535919,-26.752738021572,60.));
#6650=CARTESIAN_POINT('Origin',(-49.4663579331359,-27.3004199121076,60.));
#6651=CARTESIAN_POINT('',(-49.2895960421913,-26.4720799971381,60.));
#6652=CARTESIAN_POINT('Origin',(-48.9696686638199,-26.4788970763043,60.));
#6653=CARTESIAN_POINT('',(-48.7679669935549,-25.2506672230397,60.));
#6654=CARTESIAN_POINT('Origin',(-47.51,-26.51,60.));
#6655=CARTESIAN_POINT('',(-48.4584822765635,-25.1681053055307,60.));
#6656=CARTESIAN_POINT('Origin',(-48.541815623927,-25.4770641267629,60.));
#6657=CARTESIAN_POINT('',(-47.7455940256775,-24.8837172893174,60.));
#6658=CARTESIAN_POINT('Origin',(-48.2918155818365,-24.5501876630663,60.));
#6659=CARTESIAN_POINT('',(-47.4642603977565,-24.7305877687319,60.));
#6660=CARTESIAN_POINT('Origin',(-47.472483247598,-25.050482102443,60.));
#6661=CARTESIAN_POINT('',(-46.4172880606889,-25.1048734513621,60.));
#6662=CARTESIAN_POINT('Origin',(-47.51,-26.51,60.));
#6663=CARTESIAN_POINT('',(-46.296794179442,-25.4016536475613,60.));
#6664=CARTESIAN_POINT('Origin',(-46.6137306565201,-25.357480471342,60.));
#6665=CARTESIAN_POINT('',(-45.6629212252857,-26.13,60.));
#6666=CARTESIAN_POINT('Origin',(-45.6629212252857,-25.49,60.));
#6667=CARTESIAN_POINT('',(-44.71,-26.13,60.));
#6668=CARTESIAN_POINT('',(-45.6629212252857,-26.13,60.));
#6669=CARTESIAN_POINT('',(-43.71,-25.13,60.));
#6670=CARTESIAN_POINT('Origin',(-44.71,-25.13,60.));
#6671=CARTESIAN_POINT('',(-43.71,-23.84,60.));
#6672=CARTESIAN_POINT('',(-43.71,-25.13,60.));
#6673=CARTESIAN_POINT('',(-43.96,-23.59,60.));
#6674=CARTESIAN_POINT('Origin',(-43.96,-23.84,60.));
#6675=CARTESIAN_POINT('',(-44.3604839969102,-23.59,60.));
#6676=CARTESIAN_POINT('',(-43.96,-23.59,60.));
#6677=CARTESIAN_POINT('',(-44.8252419984551,-23.39,60.));
#6678=CARTESIAN_POINT('Origin',(-44.3604839969102,-22.95,60.));
#6679=CARTESIAN_POINT('',(-45.29,-23.19,60.));
#6680=CARTESIAN_POINT('Origin',(-45.29,-23.83,60.));
#6681=CARTESIAN_POINT('',(-49.75,-23.19,60.));
#6682=CARTESIAN_POINT('',(-45.29,-23.19,60.));
#6683=CARTESIAN_POINT('',(-50.,-22.94,60.));
#6684=CARTESIAN_POINT('Origin',(-49.75,-22.94,60.));
#6685=CARTESIAN_POINT('',(-50.,-21.44,60.));
#6686=CARTESIAN_POINT('',(-50.,-23.19,60.));
#6687=CARTESIAN_POINT('',(-49.75,-21.19,60.));
#6688=CARTESIAN_POINT('Origin',(-49.75,-21.44,60.));
#6689=CARTESIAN_POINT('',(-47.75,-21.19,60.));
#6690=CARTESIAN_POINT('',(-50.,-21.19,60.));
#6691=CARTESIAN_POINT('',(-47.5,-20.94,60.));
#6692=CARTESIAN_POINT('Origin',(-47.75,-20.94,60.));
#6693=CARTESIAN_POINT('',(-47.5,-19.94,60.));
#6694=CARTESIAN_POINT('',(-47.5,-21.19,60.));
#6695=CARTESIAN_POINT('',(-47.75,-19.69,60.));
#6696=CARTESIAN_POINT('Origin',(-47.75,-19.94,60.));
#6697=CARTESIAN_POINT('',(-49.75,-19.69,60.));
#6698=CARTESIAN_POINT('',(-47.5,-19.69,60.));
#6699=CARTESIAN_POINT('',(-50.,-19.44,60.));
#6700=CARTESIAN_POINT('Origin',(-49.75,-19.44,60.));
#6701=CARTESIAN_POINT('',(-50.,-17.94,60.));
#6702=CARTESIAN_POINT('',(-50.,-19.69,60.));
#6703=CARTESIAN_POINT('',(-49.75,-17.69,60.));
#6704=CARTESIAN_POINT('Origin',(-49.75,-17.94,60.));
#6705=CARTESIAN_POINT('',(-47.5,-17.69,60.));
#6706=CARTESIAN_POINT('',(-50.,-17.69,60.));
#6707=CARTESIAN_POINT('',(-47.5,-16.19,60.));
#6708=CARTESIAN_POINT('',(-47.5,-17.69,60.));
#6709=CARTESIAN_POINT('',(-50.,-16.19,60.));
#6710=CARTESIAN_POINT('',(-47.5,-16.19,60.));
#6711=CARTESIAN_POINT('',(-50.,-14.19,60.));
#6712=CARTESIAN_POINT('',(-50.,-16.19,60.));
#6713=CARTESIAN_POINT('',(-47.5,-14.19,60.));
#6714=CARTESIAN_POINT('',(-50.,-14.19,60.));
#6715=CARTESIAN_POINT('',(-47.5,-12.69,60.));
#6716=CARTESIAN_POINT('',(-47.5,-14.19,60.));
#6717=CARTESIAN_POINT('',(-49.75,-12.69,60.));
#6718=CARTESIAN_POINT('',(-47.5,-12.69,60.));
#6719=CARTESIAN_POINT('',(-50.,-12.44,60.));
#6720=CARTESIAN_POINT('Origin',(-49.75,-12.44,60.));
#6721=CARTESIAN_POINT('',(-50.,-10.94,60.));
#6722=CARTESIAN_POINT('',(-50.,-12.69,60.));
#6723=CARTESIAN_POINT('',(-49.75,-10.69,60.));
#6724=CARTESIAN_POINT('Origin',(-49.75,-10.94,60.));
#6725=CARTESIAN_POINT('',(-47.75,-10.69,60.));
#6726=CARTESIAN_POINT('',(-50.,-10.69,60.));
#6727=CARTESIAN_POINT('',(-47.5,-10.44,60.));
#6728=CARTESIAN_POINT('Origin',(-47.75,-10.44,60.));
#6729=CARTESIAN_POINT('',(-47.5,-9.44,60.));
#6730=CARTESIAN_POINT('',(-47.5,-10.69,60.));
#6731=CARTESIAN_POINT('',(-47.75,-9.19,60.));
#6732=CARTESIAN_POINT('Origin',(-47.75,-9.44,60.));
#6733=CARTESIAN_POINT('',(-49.75,-9.19,60.));
#6734=CARTESIAN_POINT('',(-47.5,-9.19,60.));
#6735=CARTESIAN_POINT('',(-50.,-8.94,60.));
#6736=CARTESIAN_POINT('Origin',(-49.75,-8.94,60.));
#6737=CARTESIAN_POINT('',(-50.,-7.44,60.));
#6738=CARTESIAN_POINT('',(-50.,-9.19,60.));
#6739=CARTESIAN_POINT('',(-49.75,-7.19,60.));
#6740=CARTESIAN_POINT('Origin',(-49.75,-7.44,60.));
#6741=CARTESIAN_POINT('',(-47.7013511425651,-7.19,60.));
#6742=CARTESIAN_POINT('',(-50.,-7.19,60.));
#6743=CARTESIAN_POINT('',(-47.1863130676551,-7.04716730070211,60.));
#6744=CARTESIAN_POINT('Origin',(-47.7013511425651,-6.19,60.));
#6745=CARTESIAN_POINT('',(-47.011369520433,-6.94205061262338,60.));
#6746=CARTESIAN_POINT('',(-47.1863130676551,-7.04716730070211,60.));
#6747=CARTESIAN_POINT('',(-46.8884455484161,-5.94091520021464,60.));
#6748=CARTESIAN_POINT('Origin',(-47.3409938883755,-6.39346354017403,60.));
#6749=CARTESIAN_POINT('',(-47.1858173908844,-5.64354335774633,60.));
#6750=CARTESIAN_POINT('',(-46.8884455484161,-5.94091520021464,60.));
#6751=CARTESIAN_POINT('',(-47.9902552400029,-5.56151357119493,60.));
#6752=CARTESIAN_POINT('Origin',(-47.6383657308438,-6.09609169770572,60.));
#6753=CARTESIAN_POINT('',(-48.3100246509292,-5.58008193433723,60.));
#6754=CARTESIAN_POINT('Origin',(-48.1661999945824,-5.29422450793954,60.));
#6755=CARTESIAN_POINT('',(-49.1458076348763,-4.6918072254404,60.));
#6756=CARTESIAN_POINT('Origin',(-47.51,-3.99,60.));
#6757=CARTESIAN_POINT('',(-49.1078199052133,-4.37375975623333,60.));
#6758=CARTESIAN_POINT('Origin',(-48.8517298578199,-4.56563963434999,60.));
#6759=CARTESIAN_POINT('',(-49.1078199052133,-3.60624024376667,60.));
#6760=CARTESIAN_POINT('Origin',(-49.62,-3.99,60.));
#6761=CARTESIAN_POINT('',(-49.1458076348763,-3.2881927745596,60.));
#6762=CARTESIAN_POINT('Origin',(-48.8517298578199,-3.41436036565001,60.));
#6763=CARTESIAN_POINT('',(-48.2118072254404,-2.35419236512366,60.));
#6764=CARTESIAN_POINT('Origin',(-47.51,-3.99,60.));
#6765=CARTESIAN_POINT('',(-47.8937597562333,-2.39218009478672,60.));
#6766=CARTESIAN_POINT('Origin',(-48.08563963435,-2.64827014218008,60.));
#6767=CARTESIAN_POINT('',(-47.1262402437667,-2.39218009478673,60.));
#6768=CARTESIAN_POINT('Origin',(-47.51,-1.88,60.));
#6769=CARTESIAN_POINT('',(-46.8081927745596,-2.35419236512368,60.));
#6770=CARTESIAN_POINT('Origin',(-46.93436036565,-2.6482701421801,60.));
#6771=CARTESIAN_POINT('',(-45.9199180656628,-3.18997534907081,60.));
#6772=CARTESIAN_POINT('Origin',(-47.51,-3.99,60.));
#6773=CARTESIAN_POINT('',(-45.9384864288051,-3.50974475999716,60.));
#6774=CARTESIAN_POINT('Origin',(-46.2057754920605,-3.33380000541763,60.));
#6775=CARTESIAN_POINT('',(-45.8564566422537,-4.31418260911561,60.));
#6776=CARTESIAN_POINT('Origin',(-45.4039083022943,-3.86163426915623,60.));
#6777=CARTESIAN_POINT('',(-45.5725274195489,-4.59811183182043,60.));
#6778=CARTESIAN_POINT('',(-45.8564566422537,-4.31418260911561,60.));
#6779=CARTESIAN_POINT('',(-44.6674307396301,-4.59811183182043,60.));
#6780=CARTESIAN_POINT('Origin',(-45.1199790795895,-4.14556349186104,60.));
#6781=CARTESIAN_POINT('',(-44.4714762983625,-4.40215739055289,60.));
#6782=CARTESIAN_POINT('',(-44.6674307396301,-4.59811183182043,60.));
#6783=CARTESIAN_POINT('',(-44.1864907729742,-3.5695402303733,60.));
#6784=CARTESIAN_POINT('Origin',(-45.1785830795491,-3.69505060936635,60.));
#6785=CARTESIAN_POINT('',(-44.3626503693663,-2.84252873563218,60.));
#6786=CARTESIAN_POINT('Origin',(-47.51,-3.99,60.));
#6787=CARTESIAN_POINT('',(-43.4231430169383,-1.5,60.));
#6788=CARTESIAN_POINT('Origin',(-43.4231430169383,-2.5,60.));
#6789=CARTESIAN_POINT('',(43.4231430169383,-1.5,60.));
#6790=CARTESIAN_POINT('',(-43.4231430169383,-1.5,60.));
#6791=CARTESIAN_POINT('',(44.3626503693663,-2.84252873563218,60.));
#6792=CARTESIAN_POINT('Origin',(43.4231430169383,-2.5,60.));
#6793=CARTESIAN_POINT('',(44.1864907729742,-3.5695402303733,60.));
#6794=CARTESIAN_POINT('Origin',(47.51,-3.99,60.));
#6795=CARTESIAN_POINT('',(44.4714762983625,-4.40215739055289,60.));
#6796=CARTESIAN_POINT('Origin',(45.1785830795491,-3.69505060936635,60.));
#6797=CARTESIAN_POINT('',(44.6674307396301,-4.59811183182043,60.));
#6798=CARTESIAN_POINT('',(44.6674307396301,-4.59811183182043,60.));
#6799=CARTESIAN_POINT('',(45.5725274195489,-4.59811183182043,60.));
#6800=CARTESIAN_POINT('Origin',(45.1199790795895,-4.14556349186104,60.));
#6801=CARTESIAN_POINT('',(45.8564566422537,-4.31418260911561,60.));
#6802=CARTESIAN_POINT('',(45.8564566422537,-4.31418260911561,60.));
#6803=CARTESIAN_POINT('',(45.9384864288051,-3.50974475999716,60.));
#6804=CARTESIAN_POINT('Origin',(45.4039083022943,-3.86163426915623,60.));
#6805=CARTESIAN_POINT('',(45.9199180656628,-3.18997534907081,60.));
#6806=CARTESIAN_POINT('Origin',(46.2057754920605,-3.33380000541763,60.));
#6807=CARTESIAN_POINT('',(46.8081927745596,-2.35419236512368,60.));
#6808=CARTESIAN_POINT('Origin',(47.51,-3.99,60.));
#6809=CARTESIAN_POINT('',(47.1262402437667,-2.39218009478673,60.));
#6810=CARTESIAN_POINT('Origin',(46.93436036565,-2.6482701421801,60.));
#6811=CARTESIAN_POINT('',(47.8937597562333,-2.39218009478672,60.));
#6812=CARTESIAN_POINT('Origin',(47.51,-1.88,60.));
#6813=CARTESIAN_POINT('',(48.2118072254404,-2.35419236512366,60.));
#6814=CARTESIAN_POINT('Origin',(48.08563963435,-2.64827014218008,60.));
#6815=CARTESIAN_POINT('',(49.1458076348763,-3.2881927745596,60.));
#6816=CARTESIAN_POINT('Origin',(47.51,-3.99,60.));
#6817=CARTESIAN_POINT('',(49.1078199052133,-3.60624024376667,60.));
#6818=CARTESIAN_POINT('Origin',(48.8517298578199,-3.41436036565001,60.));
#6819=CARTESIAN_POINT('',(49.1078199052133,-4.37375975623333,60.));
#6820=CARTESIAN_POINT('Origin',(49.62,-3.99,60.));
#6821=CARTESIAN_POINT('',(49.1458076348763,-4.6918072254404,60.));
#6822=CARTESIAN_POINT('Origin',(48.8517298578199,-4.56563963434999,60.));
#6823=CARTESIAN_POINT('',(48.3100246509292,-5.58008193433723,60.));
#6824=CARTESIAN_POINT('Origin',(47.51,-3.99,60.));
#6825=CARTESIAN_POINT('',(47.9902552400029,-5.56151357119493,60.));
#6826=CARTESIAN_POINT('Origin',(48.1661999945824,-5.29422450793954,60.));
#6827=CARTESIAN_POINT('',(47.1858173908844,-5.64354335774633,60.));
#6828=CARTESIAN_POINT('Origin',(47.6383657308438,-6.09609169770572,60.));
#6829=CARTESIAN_POINT('',(46.8884455484161,-5.94091520021464,60.));
#6830=CARTESIAN_POINT('',(46.8884455484161,-5.94091520021464,60.));
#6831=CARTESIAN_POINT('',(47.011369520433,-6.94205061262338,60.));
#6832=CARTESIAN_POINT('Origin',(47.3409938883755,-6.39346354017403,60.));
#6833=CARTESIAN_POINT('',(47.1863130676551,-7.04716730070211,60.));
#6834=CARTESIAN_POINT('',(47.1863130676551,-7.04716730070211,60.));
#6835=CARTESIAN_POINT('',(47.7013511425651,-7.19,60.));
#6836=CARTESIAN_POINT('Origin',(47.7013511425651,-6.19,60.));
#6837=CARTESIAN_POINT('',(49.75,-7.19,60.));
#6838=CARTESIAN_POINT('',(50.,-7.19,60.));
#6839=CARTESIAN_POINT('',(50.,-7.44,60.));
#6840=CARTESIAN_POINT('Origin',(49.75,-7.44,60.));
#6841=CARTESIAN_POINT('',(50.,-8.94,60.));
#6842=CARTESIAN_POINT('',(50.,-9.19,60.));
#6843=CARTESIAN_POINT('',(49.75,-9.19,60.));
#6844=CARTESIAN_POINT('Origin',(49.75,-8.94,60.));
#6845=CARTESIAN_POINT('',(47.75,-9.19,60.));
#6846=CARTESIAN_POINT('',(47.5,-9.19,60.));
#6847=CARTESIAN_POINT('',(47.5,-9.44,60.));
#6848=CARTESIAN_POINT('Origin',(47.75,-9.44,60.));
#6849=CARTESIAN_POINT('',(47.5,-10.44,60.));
#6850=CARTESIAN_POINT('',(47.5,-10.69,60.));
#6851=CARTESIAN_POINT('',(47.75,-10.69,60.));
#6852=CARTESIAN_POINT('Origin',(47.75,-10.44,60.));
#6853=CARTESIAN_POINT('',(49.75,-10.69,60.));
#6854=CARTESIAN_POINT('',(50.,-10.69,60.));
#6855=CARTESIAN_POINT('',(50.,-10.94,60.));
#6856=CARTESIAN_POINT('Origin',(49.75,-10.94,60.));
#6857=CARTESIAN_POINT('',(50.,-12.44,60.));
#6858=CARTESIAN_POINT('',(50.,-12.69,60.));
#6859=CARTESIAN_POINT('',(49.75,-12.69,60.));
#6860=CARTESIAN_POINT('Origin',(49.75,-12.44,60.));
#6861=CARTESIAN_POINT('',(47.5,-12.69,60.));
#6862=CARTESIAN_POINT('',(47.5,-12.69,60.));
#6863=CARTESIAN_POINT('',(47.5,-14.19,60.));
#6864=CARTESIAN_POINT('',(47.5,-14.19,60.));
#6865=CARTESIAN_POINT('',(50.,-14.19,60.));
#6866=CARTESIAN_POINT('',(50.,-14.19,60.));
#6867=CARTESIAN_POINT('',(50.,-16.19,60.));
#6868=CARTESIAN_POINT('',(50.,-16.19,60.));
#6869=CARTESIAN_POINT('',(47.5,-16.19,60.));
#6870=CARTESIAN_POINT('',(47.5,-16.19,60.));
#6871=CARTESIAN_POINT('',(47.5,-17.69,60.));
#6872=CARTESIAN_POINT('',(47.5,-17.69,60.));
#6873=CARTESIAN_POINT('',(49.75,-17.69,60.));
#6874=CARTESIAN_POINT('',(50.,-17.69,60.));
#6875=CARTESIAN_POINT('',(50.,-17.94,60.));
#6876=CARTESIAN_POINT('Origin',(49.75,-17.94,60.));
#6877=CARTESIAN_POINT('',(50.,-19.44,60.));
#6878=CARTESIAN_POINT('',(50.,-19.69,60.));
#6879=CARTESIAN_POINT('',(49.75,-19.69,60.));
#6880=CARTESIAN_POINT('Origin',(49.75,-19.44,60.));
#6881=CARTESIAN_POINT('',(47.75,-19.69,60.));
#6882=CARTESIAN_POINT('',(47.5,-19.69,60.));
#6883=CARTESIAN_POINT('Origin',(47.75,-19.94,60.));
#6884=CARTESIAN_POINT('',(50.,-21.19,60.));
#6885=CARTESIAN_POINT('',(44.8252419984551,-23.39,60.));
#6886=CARTESIAN_POINT('Origin',(45.29,-23.83,60.));
#6887=CARTESIAN_POINT('',(44.3604839969102,-23.59,60.));
#6888=CARTESIAN_POINT('Origin',(44.3604839969102,-22.95,60.));
#6889=CARTESIAN_POINT('',(43.96,-23.59,60.));
#6890=CARTESIAN_POINT('',(43.96,-23.59,60.));
#6891=CARTESIAN_POINT('',(43.71,-23.84,60.));
#6892=CARTESIAN_POINT('Origin',(43.96,-23.84,60.));
#6893=CARTESIAN_POINT('',(43.71,-25.13,60.));
#6894=CARTESIAN_POINT('',(43.71,-25.13,60.));
#6895=CARTESIAN_POINT('',(44.71,-26.13,60.));
#6896=CARTESIAN_POINT('Origin',(44.71,-25.13,60.));
#6897=CARTESIAN_POINT('',(45.6629212252857,-26.13,60.));
#6898=CARTESIAN_POINT('',(45.6629212252857,-26.13,60.));
#6899=CARTESIAN_POINT('',(46.296794179442,-25.4016536475613,60.));
#6900=CARTESIAN_POINT('Origin',(45.6629212252857,-25.49,60.));
#6901=CARTESIAN_POINT('',(46.4172880606889,-25.1048734513621,60.));
#6902=CARTESIAN_POINT('Origin',(46.6137306565201,-25.357480471342,60.));
#6903=CARTESIAN_POINT('',(47.4642603977565,-24.7305877687319,60.));
#6904=CARTESIAN_POINT('Origin',(47.51,-26.51,60.));
#6905=CARTESIAN_POINT('',(47.7455940256775,-24.8837172893174,60.));
#6906=CARTESIAN_POINT('Origin',(47.472483247598,-25.050482102443,60.));
#6907=CARTESIAN_POINT('',(48.4584822765635,-25.1681053055307,60.));
#6908=CARTESIAN_POINT('Origin',(48.2918155818365,-24.5501876630663,60.));
#6909=CARTESIAN_POINT('',(48.7679669935549,-25.2506672230397,60.));
#6910=CARTESIAN_POINT('Origin',(48.541815623927,-25.4770641267629,60.));
#6911=CARTESIAN_POINT('',(49.2895960421913,-26.4720799971381,60.));
#6912=CARTESIAN_POINT('Origin',(47.51,-26.51,60.));
#6913=CARTESIAN_POINT('',(49.1352317535919,-26.752738021572,60.));
#6914=CARTESIAN_POINT('Origin',(48.9696686638199,-26.4788970763043,60.));
#6915=CARTESIAN_POINT('',(48.8477138836465,-27.4643697215961,60.));
#6916=CARTESIAN_POINT('Origin',(49.4663579331359,-27.3004199121076,60.));
#6917=CARTESIAN_POINT('',(48.7637928142775,-27.7734886540314,60.));
#6918=CARTESIAN_POINT('Origin',(48.5383918589018,-27.5463446263404,60.));
#6919=CARTESIAN_POINT('',(47.5479200028619,-28.2895960421913,60.));
#6920=CARTESIAN_POINT('Origin',(47.51,-26.51,60.));
#6921=CARTESIAN_POINT('',(47.267261978428,-28.1352317535919,60.));
#6922=CARTESIAN_POINT('Origin',(47.5411029236957,-27.9696686638199,60.));
#6923=CARTESIAN_POINT('',(46.393844976461,-27.9154526443786,60.));
#6924=CARTESIAN_POINT('Origin',(46.7195800878924,-28.4663579331359,60.));
#6925=CARTESIAN_POINT('',(46.2309774207453,-27.96,60.));
#6926=CARTESIAN_POINT('Origin',(46.2309774207453,-27.64,60.));
#6927=CARTESIAN_POINT('',(44.71,-27.96,60.));
#6928=CARTESIAN_POINT('',(44.71,-27.96,60.));
#6929=CARTESIAN_POINT('',(43.71,-28.96,60.));
#6930=CARTESIAN_POINT('Origin',(44.71,-28.96,60.));
#6931=CARTESIAN_POINT('',(43.71,-30.13,60.));
#6932=CARTESIAN_POINT('Origin',(47.75,-19.94,0.));
#6933=CARTESIAN_POINT('',(47.75,-19.69,0.));
#6934=CARTESIAN_POINT('Origin',(50.,-19.69,0.));
#6935=CARTESIAN_POINT('',(49.75,-19.69,0.));
#6936=CARTESIAN_POINT('Origin',(49.75,-19.44,0.));
#6937=CARTESIAN_POINT('',(50.,-19.44,0.));
#6938=CARTESIAN_POINT('Origin',(49.75,-17.94,0.));
#6939=CARTESIAN_POINT('',(50.,-17.94,0.));
#6940=CARTESIAN_POINT('',(49.75,-17.69,0.));
#6941=CARTESIAN_POINT('Origin',(50.,-17.69,0.));
#6942=CARTESIAN_POINT('Origin',(49.75,-12.44,0.));
#6943=CARTESIAN_POINT('',(49.75,-12.69,0.));
#6944=CARTESIAN_POINT('',(50.,-12.44,0.));
#6945=CARTESIAN_POINT('Origin',(50.,-12.69,0.));
#6946=CARTESIAN_POINT('',(47.5,-12.69,0.));
#6947=CARTESIAN_POINT('Origin',(49.75,-10.94,0.));
#6948=CARTESIAN_POINT('',(50.,-10.94,0.));
#6949=CARTESIAN_POINT('',(49.75,-10.69,0.));
#6950=CARTESIAN_POINT('Origin',(50.,-10.69,0.));
#6951=CARTESIAN_POINT('Origin',(47.75,-10.44,0.));
#6952=CARTESIAN_POINT('',(47.5,-10.44,0.));
#6953=CARTESIAN_POINT('',(47.75,-10.69,0.));
#6954=CARTESIAN_POINT('Origin',(47.5,-9.19,0.));
#6955=CARTESIAN_POINT('',(47.5,-9.44,0.));
#6956=CARTESIAN_POINT('Origin',(47.75,-9.44,0.));
#6957=CARTESIAN_POINT('',(47.75,-9.19,0.));
#6958=CARTESIAN_POINT('Origin',(50.,-9.19,0.));
#6959=CARTESIAN_POINT('',(49.75,-9.19,0.));
#6960=CARTESIAN_POINT('Origin',(49.75,-8.94,0.));
#6961=CARTESIAN_POINT('',(50.,-8.94,0.));
#6962=CARTESIAN_POINT('Origin',(49.75,-7.44,0.));
#6963=CARTESIAN_POINT('',(50.,-7.44,0.));
#6964=CARTESIAN_POINT('',(49.75,-7.19,0.));
#6965=CARTESIAN_POINT('Origin',(50.,-7.19,0.));
#6966=CARTESIAN_POINT('Origin',(44.571726708208,-0.249999999999997,0.));
#6967=CARTESIAN_POINT('',(44.8012002366969,-0.150793650793649,0.));
#6968=CARTESIAN_POINT('',(44.571726708208,3.01841884819964E-15,0.));
#6969=CARTESIAN_POINT('Origin',(45.15,-3.03349492318233E-15,0.));
#6970=CARTESIAN_POINT('',(45.4987997633032,-0.150793650793655,0.));
#6971=CARTESIAN_POINT('Origin',(45.7282732917921,-0.250000000000003,0.));
#6972=CARTESIAN_POINT('',(45.7282732917921,-3.05311331771918E-15,0.));
#6973=CARTESIAN_POINT('Origin',(47.5,-3.33066907387547E-15,0.));
#6974=CARTESIAN_POINT('',(47.5,-3.33066907387547E-15,0.));
#6975=CARTESIAN_POINT('Origin',(51.25,-5.26172670820796,0.));
#6976=CARTESIAN_POINT('',(51.3492063492064,-5.49120023669687,0.));
#6977=CARTESIAN_POINT('',(51.5,-5.26172670820796,0.));
#6978=CARTESIAN_POINT('Origin',(51.5,-5.84,0.));
#6979=CARTESIAN_POINT('',(51.3492063492064,-6.18879976330314,0.));
#6980=CARTESIAN_POINT('Origin',(51.25,-6.41827329179204,0.));
#6981=CARTESIAN_POINT('',(51.5,-6.41827329179204,0.));
#6982=CARTESIAN_POINT('Origin',(51.5,-11.57,0.));
#6983=CARTESIAN_POINT('',(51.5,-11.371726708208,0.));
#6984=CARTESIAN_POINT('Origin',(51.25,-11.371726708208,0.));
#6985=CARTESIAN_POINT('',(51.3492063492064,-11.6012002366969,0.));
#6986=CARTESIAN_POINT('Origin',(51.5,-11.95,0.));
#6987=CARTESIAN_POINT('',(51.3492063492064,-12.2987997633031,0.));
#6988=CARTESIAN_POINT('Origin',(51.25,-12.528273291792,0.));
#6989=CARTESIAN_POINT('',(51.5,-12.528273291792,0.));
#6990=CARTESIAN_POINT('Origin',(51.5,-18.18,0.));
#6991=CARTESIAN_POINT('',(51.5,-17.981726708208,0.));
#6992=CARTESIAN_POINT('Origin',(51.25,-17.981726708208,0.));
#6993=CARTESIAN_POINT('',(51.3492063492064,-18.2112002366969,0.));
#6994=CARTESIAN_POINT('Origin',(51.5,-18.56,0.));
#6995=CARTESIAN_POINT('',(51.3492063492064,-18.9087997633031,0.));
#6996=CARTESIAN_POINT('Origin',(51.25,-19.138273291792,0.));
#6997=CARTESIAN_POINT('',(51.5,-19.138273291792,0.));
#6998=CARTESIAN_POINT('Origin',(51.5,-24.29,0.));
#6999=CARTESIAN_POINT('',(51.5,-24.091726708208,0.));
#7000=CARTESIAN_POINT('Origin',(51.25,-24.091726708208,0.));
#7001=CARTESIAN_POINT('',(51.3492063492064,-24.3212002366969,0.));
#7002=CARTESIAN_POINT('Origin',(51.5,-24.67,0.));
#7003=CARTESIAN_POINT('',(51.3492063492064,-25.0187997633031,0.));
#7004=CARTESIAN_POINT('Origin',(51.25,-25.248273291792,0.));
#7005=CARTESIAN_POINT('',(51.5,-25.248273291792,0.));
#7006=CARTESIAN_POINT('Origin',(43.4231430169383,-2.5,0.));
#7007=CARTESIAN_POINT('',(43.4231430169383,-1.5,0.));
#7008=CARTESIAN_POINT('',(44.3626503693663,-2.84252873563218,0.));
#7009=CARTESIAN_POINT('Origin',(47.51,-3.99,0.));
#7010=CARTESIAN_POINT('',(44.1864907729742,-3.5695402303733,0.));
#7011=CARTESIAN_POINT('Origin',(45.1785830795491,-3.69505060936635,0.));
#7012=CARTESIAN_POINT('',(44.4714762983625,-4.40215739055289,0.));
#7013=CARTESIAN_POINT('Origin',(44.4714762983625,-4.40215739055289,0.));
#7014=CARTESIAN_POINT('',(44.6674307396301,-4.59811183182043,0.));
#7015=CARTESIAN_POINT('Origin',(45.1199790795895,-4.14556349186104,0.));
#7016=CARTESIAN_POINT('',(45.5725274195489,-4.59811183182043,0.));
#7017=CARTESIAN_POINT('Origin',(45.5725274195489,-4.59811183182043,0.));
#7018=CARTESIAN_POINT('',(45.8564566422537,-4.31418260911561,0.));
#7019=CARTESIAN_POINT('Origin',(45.4039083022943,-3.86163426915623,0.));
#7020=CARTESIAN_POINT('',(45.9384864288051,-3.50974475999716,0.));
#7021=CARTESIAN_POINT('Origin',(46.2057754920605,-3.33380000541763,0.));
#7022=CARTESIAN_POINT('',(45.9199180656628,-3.18997534907081,0.));
#7023=CARTESIAN_POINT('Origin',(47.51,-3.99,0.));
#7024=CARTESIAN_POINT('',(46.8081927745596,-2.35419236512368,0.));
#7025=CARTESIAN_POINT('Origin',(46.93436036565,-2.6482701421801,0.));
#7026=CARTESIAN_POINT('',(47.1262402437667,-2.39218009478673,0.));
#7027=CARTESIAN_POINT('Origin',(47.51,-1.88,0.));
#7028=CARTESIAN_POINT('',(47.8937597562333,-2.39218009478672,0.));
#7029=CARTESIAN_POINT('Origin',(48.08563963435,-2.64827014218008,0.));
#7030=CARTESIAN_POINT('',(48.2118072254404,-2.35419236512366,0.));
#7031=CARTESIAN_POINT('Origin',(47.51,-3.99,0.));
#7032=CARTESIAN_POINT('',(49.1458076348763,-3.2881927745596,0.));
#7033=CARTESIAN_POINT('Origin',(48.8517298578199,-3.41436036565001,0.));
#7034=CARTESIAN_POINT('',(49.1078199052133,-3.60624024376667,0.));
#7035=CARTESIAN_POINT('Origin',(49.62,-3.99,0.));
#7036=CARTESIAN_POINT('',(49.1078199052133,-4.37375975623333,0.));
#7037=CARTESIAN_POINT('Origin',(48.8517298578199,-4.56563963434999,0.));
#7038=CARTESIAN_POINT('',(49.1458076348763,-4.6918072254404,0.));
#7039=CARTESIAN_POINT('Origin',(47.51,-3.99,0.));
#7040=CARTESIAN_POINT('',(48.3100246509292,-5.58008193433723,0.));
#7041=CARTESIAN_POINT('Origin',(48.1661999945824,-5.29422450793954,0.));
#7042=CARTESIAN_POINT('',(47.9902552400029,-5.56151357119493,0.));
#7043=CARTESIAN_POINT('Origin',(47.6383657308438,-6.09609169770572,0.));
#7044=CARTESIAN_POINT('',(47.1858173908844,-5.64354335774633,0.));
#7045=CARTESIAN_POINT('Origin',(47.1858173908844,-5.64354335774633,0.));
#7046=CARTESIAN_POINT('',(46.8884455484161,-5.94091520021464,0.));
#7047=CARTESIAN_POINT('Origin',(47.3409938883755,-6.39346354017403,0.));
#7048=CARTESIAN_POINT('',(47.011369520433,-6.94205061262338,0.));
#7049=CARTESIAN_POINT('Origin',(47.011369520433,-6.94205061262338,0.));
#7050=CARTESIAN_POINT('',(47.1863130676551,-7.04716730070211,0.));
#7051=CARTESIAN_POINT('Origin',(47.7013511425651,-6.19,0.));
#7052=CARTESIAN_POINT('',(47.7013511425651,-7.19,0.));
#7053=CARTESIAN_POINT('Origin',(47.7013511425651,-7.19,0.));
#7054=CARTESIAN_POINT('Origin',(47.5,-10.69,0.));
#7055=CARTESIAN_POINT('Origin',(47.5,-12.69,0.));
#7056=CARTESIAN_POINT('',(47.5,-14.19,0.));
#7057=CARTESIAN_POINT('Origin',(47.5,-14.19,0.));
#7058=CARTESIAN_POINT('',(50.,-14.19,0.));
#7059=CARTESIAN_POINT('Origin',(50.,-14.19,0.));
#7060=CARTESIAN_POINT('',(50.,-16.19,0.));
#7061=CARTESIAN_POINT('Origin',(50.,-16.19,0.));
#7062=CARTESIAN_POINT('',(47.5,-16.19,0.));
#7063=CARTESIAN_POINT('Origin',(47.5,-16.19,0.));
#7064=CARTESIAN_POINT('',(47.5,-17.69,0.));
#7065=CARTESIAN_POINT('Origin',(47.5,-17.69,0.));
#7066=CARTESIAN_POINT('Origin',(47.5,-21.19,0.));
#7067=CARTESIAN_POINT('Origin',(45.29,-23.83,0.));
#7068=CARTESIAN_POINT('',(44.8252419984551,-23.39,0.));
#7069=CARTESIAN_POINT('Origin',(44.3604839969102,-22.95,0.));
#7070=CARTESIAN_POINT('',(44.3604839969102,-23.59,0.));
#7071=CARTESIAN_POINT('Origin',(44.3604839969102,-23.59,0.));
#7072=CARTESIAN_POINT('',(43.96,-23.59,0.));
#7073=CARTESIAN_POINT('Origin',(43.96,-23.84,0.));
#7074=CARTESIAN_POINT('',(43.71,-23.84,0.));
#7075=CARTESIAN_POINT('Origin',(43.71,-23.84,0.));
#7076=CARTESIAN_POINT('',(43.71,-25.13,0.));
#7077=CARTESIAN_POINT('Origin',(44.71,-25.13,0.));
#7078=CARTESIAN_POINT('',(44.71,-26.13,0.));
#7079=CARTESIAN_POINT('Origin',(44.71,-26.13,0.));
#7080=CARTESIAN_POINT('',(45.6629212252857,-26.13,0.));
#7081=CARTESIAN_POINT('Origin',(45.6629212252857,-25.49,0.));
#7082=CARTESIAN_POINT('',(46.296794179442,-25.4016536475613,0.));
#7083=CARTESIAN_POINT('Origin',(46.6137306565201,-25.357480471342,0.));
#7084=CARTESIAN_POINT('',(46.4172880606889,-25.1048734513621,0.));
#7085=CARTESIAN_POINT('Origin',(47.51,-26.51,0.));
#7086=CARTESIAN_POINT('',(47.4642603977565,-24.7305877687319,0.));
#7087=CARTESIAN_POINT('Origin',(47.472483247598,-25.050482102443,0.));
#7088=CARTESIAN_POINT('',(47.7455940256775,-24.8837172893174,0.));
#7089=CARTESIAN_POINT('Origin',(48.2918155818365,-24.5501876630663,0.));
#7090=CARTESIAN_POINT('',(48.4584822765635,-25.1681053055307,0.));
#7091=CARTESIAN_POINT('Origin',(48.541815623927,-25.4770641267629,0.));
#7092=CARTESIAN_POINT('',(48.7679669935549,-25.2506672230397,0.));
#7093=CARTESIAN_POINT('Origin',(47.51,-26.51,0.));
#7094=CARTESIAN_POINT('',(49.2895960421913,-26.4720799971381,0.));
#7095=CARTESIAN_POINT('Origin',(48.9696686638199,-26.4788970763043,0.));
#7096=CARTESIAN_POINT('',(49.1352317535919,-26.752738021572,0.));
#7097=CARTESIAN_POINT('Origin',(49.4663579331359,-27.3004199121076,0.));
#7098=CARTESIAN_POINT('',(48.8477138836465,-27.4643697215961,0.));
#7099=CARTESIAN_POINT('Origin',(48.5383918589018,-27.5463446263404,0.));
#7100=CARTESIAN_POINT('',(48.7637928142775,-27.7734886540314,0.));
#7101=CARTESIAN_POINT('Origin',(47.51,-26.51,0.));
#7102=CARTESIAN_POINT('',(47.5479200028619,-28.2895960421913,0.));
#7103=CARTESIAN_POINT('Origin',(47.5411029236957,-27.9696686638199,0.));
#7104=CARTESIAN_POINT('',(47.267261978428,-28.1352317535919,0.));
#7105=CARTESIAN_POINT('Origin',(46.7195800878924,-28.4663579331359,0.));
#7106=CARTESIAN_POINT('',(46.393844976461,-27.9154526443786,0.));
#7107=CARTESIAN_POINT('Origin',(46.2309774207453,-27.64,0.));
#7108=CARTESIAN_POINT('',(46.2309774207453,-27.96,0.));
#7109=CARTESIAN_POINT('Origin',(46.2309774207453,-27.96,0.));
#7110=CARTESIAN_POINT('',(44.71,-27.96,0.));
#7111=CARTESIAN_POINT('Origin',(44.71,-28.96,0.));
#7112=CARTESIAN_POINT('',(43.71,-28.96,0.));
#7113=CARTESIAN_POINT('Origin',(43.71,-28.96,0.));
#7114=CARTESIAN_POINT('Origin',(44.09,-30.51,0.));
#7115=CARTESIAN_POINT('',(47.5,-30.51,0.));
#7116=CARTESIAN_POINT('Origin',(47.5,-26.51,0.));
#7117=CARTESIAN_POINT('',(51.5,-26.51,0.));
#7118=CARTESIAN_POINT('Origin',(51.5,-26.51,0.));
#7119=CARTESIAN_POINT('Origin',(51.5,-5.46,0.));
#7120=CARTESIAN_POINT('',(51.5,-4.,0.));
#7121=CARTESIAN_POINT('Origin',(47.5,-4.,0.));
#7122=CARTESIAN_POINT('Origin',(-44.2882732917921,-30.26,0.));
#7123=CARTESIAN_POINT('',(-44.2882732917921,-30.51,0.));
#7124=CARTESIAN_POINT('',(-44.0587997633032,-30.3592063492064,0.));
#7125=CARTESIAN_POINT('Origin',(-43.71,-30.51,0.));
#7126=CARTESIAN_POINT('',(-43.8607936507937,-30.1612002366969,0.));
#7127=CARTESIAN_POINT('Origin',(-43.96,-29.931726708208,0.));
#7128=CARTESIAN_POINT('',(-43.71,-29.931726708208,0.));
#7129=CARTESIAN_POINT('Origin',(-43.71,-28.96,0.));
#7130=CARTESIAN_POINT('',(-43.71,-28.96,0.));
#7131=CARTESIAN_POINT('Origin',(-49.75,-22.94,0.));
#7132=CARTESIAN_POINT('',(-50.,-22.94,0.));
#7133=CARTESIAN_POINT('',(-49.75,-23.19,0.));
#7134=CARTESIAN_POINT('Origin',(-50.,-21.19,0.));
#7135=CARTESIAN_POINT('',(-50.,-21.44,0.));
#7136=CARTESIAN_POINT('Origin',(-49.75,-21.44,0.));
#7137=CARTESIAN_POINT('',(-49.75,-21.19,0.));
#7138=CARTESIAN_POINT('Origin',(-47.5,-21.19,0.));
#7139=CARTESIAN_POINT('',(-47.75,-21.19,0.));
#7140=CARTESIAN_POINT('Origin',(-47.75,-20.94,0.));
#7141=CARTESIAN_POINT('',(-47.5,-20.94,0.));
#7142=CARTESIAN_POINT('Origin',(-47.5,-19.69,0.));
#7143=CARTESIAN_POINT('',(-47.5,-19.94,0.));
#7144=CARTESIAN_POINT('Origin',(-47.75,-19.94,0.));
#7145=CARTESIAN_POINT('',(-47.75,-19.69,0.));
#7146=CARTESIAN_POINT('Origin',(-50.,-19.69,0.));
#7147=CARTESIAN_POINT('',(-49.75,-19.69,0.));
#7148=CARTESIAN_POINT('Origin',(-49.75,-19.44,0.));
#7149=CARTESIAN_POINT('',(-50.,-19.44,0.));
#7150=CARTESIAN_POINT('Origin',(-50.,-17.69,0.));
#7151=CARTESIAN_POINT('',(-50.,-17.94,0.));
#7152=CARTESIAN_POINT('Origin',(-49.75,-17.94,0.));
#7153=CARTESIAN_POINT('',(-49.75,-17.69,0.));
#7154=CARTESIAN_POINT('Origin',(-47.5,-17.69,0.));
#7155=CARTESIAN_POINT('',(-47.5,-17.69,0.));
#7156=CARTESIAN_POINT('Origin',(-49.75,-12.44,0.));
#7157=CARTESIAN_POINT('',(-50.,-12.44,0.));
#7158=CARTESIAN_POINT('',(-49.75,-12.69,0.));
#7159=CARTESIAN_POINT('Origin',(-50.,-10.69,0.));
#7160=CARTESIAN_POINT('',(-50.,-10.94,0.));
#7161=CARTESIAN_POINT('Origin',(-49.75,-10.94,0.));
#7162=CARTESIAN_POINT('',(-49.75,-10.69,0.));
#7163=CARTESIAN_POINT('Origin',(-47.5,-10.69,0.));
#7164=CARTESIAN_POINT('',(-47.75,-10.69,0.));
#7165=CARTESIAN_POINT('Origin',(-47.75,-10.44,0.));
#7166=CARTESIAN_POINT('',(-47.5,-10.44,0.));
#7167=CARTESIAN_POINT('Origin',(-47.5,-9.19,0.));
#7168=CARTESIAN_POINT('',(-47.5,-9.44,0.));
#7169=CARTESIAN_POINT('Origin',(-47.75,-9.44,0.));
#7170=CARTESIAN_POINT('',(-47.75,-9.19,0.));
#7171=CARTESIAN_POINT('Origin',(-50.,-9.19,0.));
#7172=CARTESIAN_POINT('',(-49.75,-9.19,0.));
#7173=CARTESIAN_POINT('Origin',(-49.75,-8.94,0.));
#7174=CARTESIAN_POINT('',(-50.,-8.94,0.));
#7175=CARTESIAN_POINT('Origin',(-50.,-7.19,0.));
#7176=CARTESIAN_POINT('',(-50.,-7.44,0.));
#7177=CARTESIAN_POINT('Origin',(-49.75,-7.44,0.));
#7178=CARTESIAN_POINT('',(-49.75,-7.19,0.));
#7179=CARTESIAN_POINT('Origin',(-47.7013511425651,-7.19,0.));
#7180=CARTESIAN_POINT('',(-47.7013511425651,-7.19,0.));
#7181=CARTESIAN_POINT('Origin',(-44.571726708208,-0.250000000000003,0.));
#7182=CARTESIAN_POINT('',(-44.571726708208,-3.01841884819964E-15,0.));
#7183=CARTESIAN_POINT('',(-44.8012002366969,-0.150793650793655,0.));
#7184=CARTESIAN_POINT('Origin',(-45.15,-3.03349492318233E-15,0.));
#7185=CARTESIAN_POINT('',(-45.4987997633032,-0.150793650793655,0.));
#7186=CARTESIAN_POINT('Origin',(-45.7282732917921,-0.250000000000003,0.));
#7187=CARTESIAN_POINT('',(-45.7282732917921,-3.05311331771918E-15,0.));
#7188=CARTESIAN_POINT('Origin',(-47.5,-3.33066907387547E-15,0.));
#7189=CARTESIAN_POINT('',(-47.5,-3.33066907387547E-15,0.));
#7190=CARTESIAN_POINT('Origin',(-51.25,-5.26172670820796,0.));
#7191=CARTESIAN_POINT('',(-51.5,-5.26172670820796,0.));
#7192=CARTESIAN_POINT('',(-51.3492063492064,-5.49120023669687,0.));
#7193=CARTESIAN_POINT('Origin',(-51.5,-5.84,0.));
#7194=CARTESIAN_POINT('',(-51.3492063492064,-6.18879976330314,0.));
#7195=CARTESIAN_POINT('Origin',(-51.25,-6.41827329179204,0.));
#7196=CARTESIAN_POINT('',(-51.5,-6.41827329179204,0.));
#7197=CARTESIAN_POINT('Origin',(-51.5,-11.57,0.));
#7198=CARTESIAN_POINT('',(-51.5,-11.371726708208,0.));
#7199=CARTESIAN_POINT('Origin',(-51.25,-11.371726708208,0.));
#7200=CARTESIAN_POINT('',(-51.3492063492064,-11.6012002366969,0.));
#7201=CARTESIAN_POINT('Origin',(-51.5,-11.95,0.));
#7202=CARTESIAN_POINT('',(-51.3492063492064,-12.2987997633031,0.));
#7203=CARTESIAN_POINT('Origin',(-51.25,-12.528273291792,0.));
#7204=CARTESIAN_POINT('',(-51.5,-12.528273291792,0.));
#7205=CARTESIAN_POINT('Origin',(-51.5,-18.18,0.));
#7206=CARTESIAN_POINT('',(-51.5,-17.981726708208,0.));
#7207=CARTESIAN_POINT('Origin',(-51.25,-17.981726708208,0.));
#7208=CARTESIAN_POINT('',(-51.3492063492064,-18.2112002366969,0.));
#7209=CARTESIAN_POINT('Origin',(-51.5,-18.56,0.));
#7210=CARTESIAN_POINT('',(-51.3492063492064,-18.9087997633031,0.));
#7211=CARTESIAN_POINT('Origin',(-51.25,-19.138273291792,0.));
#7212=CARTESIAN_POINT('',(-51.5,-19.138273291792,0.));
#7213=CARTESIAN_POINT('Origin',(-51.5,-24.29,0.));
#7214=CARTESIAN_POINT('',(-51.5,-24.091726708208,0.));
#7215=CARTESIAN_POINT('Origin',(-51.25,-24.091726708208,0.));
#7216=CARTESIAN_POINT('',(-51.3492063492064,-24.3212002366969,0.));
#7217=CARTESIAN_POINT('Origin',(-51.5,-24.67,0.));
#7218=CARTESIAN_POINT('',(-51.3492063492064,-25.0187997633031,0.));
#7219=CARTESIAN_POINT('Origin',(-51.25,-25.248273291792,0.));
#7220=CARTESIAN_POINT('',(-51.5,-25.248273291792,0.));
#7221=CARTESIAN_POINT('Origin',(-51.5,-26.51,0.));
#7222=CARTESIAN_POINT('',(-51.5,-26.51,0.));
#7223=CARTESIAN_POINT('Origin',(0.,-1.49999999999999,0.));
#7224=CARTESIAN_POINT('',(-43.4231430169383,-1.5,0.));
#7225=CARTESIAN_POINT('Origin',(-43.4231430169383,-2.5,0.));
#7226=CARTESIAN_POINT('',(-44.3626503693663,-2.84252873563218,0.));
#7227=CARTESIAN_POINT('Origin',(-47.51,-3.99,0.));
#7228=CARTESIAN_POINT('',(-44.1864907729742,-3.5695402303733,0.));
#7229=CARTESIAN_POINT('Origin',(-45.1785830795491,-3.69505060936635,0.));
#7230=CARTESIAN_POINT('',(-44.4714762983625,-4.40215739055289,0.));
#7231=CARTESIAN_POINT('Origin',(-44.4714762983625,-4.40215739055289,0.));
#7232=CARTESIAN_POINT('',(-44.6674307396301,-4.59811183182043,0.));
#7233=CARTESIAN_POINT('Origin',(-45.1199790795895,-4.14556349186104,0.));
#7234=CARTESIAN_POINT('',(-45.5725274195489,-4.59811183182043,0.));
#7235=CARTESIAN_POINT('Origin',(-45.5725274195489,-4.59811183182043,0.));
#7236=CARTESIAN_POINT('',(-45.8564566422537,-4.31418260911561,0.));
#7237=CARTESIAN_POINT('Origin',(-45.4039083022943,-3.86163426915623,0.));
#7238=CARTESIAN_POINT('',(-45.9384864288051,-3.50974475999716,0.));
#7239=CARTESIAN_POINT('Origin',(-46.2057754920605,-3.33380000541763,0.));
#7240=CARTESIAN_POINT('',(-45.9199180656628,-3.18997534907081,0.));
#7241=CARTESIAN_POINT('Origin',(-47.51,-3.99,0.));
#7242=CARTESIAN_POINT('',(-46.8081927745596,-2.35419236512368,0.));
#7243=CARTESIAN_POINT('Origin',(-46.93436036565,-2.6482701421801,0.));
#7244=CARTESIAN_POINT('',(-47.1262402437667,-2.39218009478673,0.));
#7245=CARTESIAN_POINT('Origin',(-47.51,-1.88,0.));
#7246=CARTESIAN_POINT('',(-47.8937597562333,-2.39218009478672,0.));
#7247=CARTESIAN_POINT('Origin',(-48.08563963435,-2.64827014218008,0.));
#7248=CARTESIAN_POINT('',(-48.2118072254404,-2.35419236512366,0.));
#7249=CARTESIAN_POINT('Origin',(-47.51,-3.99,0.));
#7250=CARTESIAN_POINT('',(-49.1458076348763,-3.2881927745596,0.));
#7251=CARTESIAN_POINT('Origin',(-48.8517298578199,-3.41436036565001,0.));
#7252=CARTESIAN_POINT('',(-49.1078199052133,-3.60624024376667,0.));
#7253=CARTESIAN_POINT('Origin',(-49.62,-3.99,0.));
#7254=CARTESIAN_POINT('',(-49.1078199052133,-4.37375975623333,0.));
#7255=CARTESIAN_POINT('Origin',(-48.8517298578199,-4.56563963434999,0.));
#7256=CARTESIAN_POINT('',(-49.1458076348763,-4.6918072254404,0.));
#7257=CARTESIAN_POINT('Origin',(-47.51,-3.99,0.));
#7258=CARTESIAN_POINT('',(-48.3100246509292,-5.58008193433723,0.));
#7259=CARTESIAN_POINT('Origin',(-48.1661999945824,-5.29422450793954,0.));
#7260=CARTESIAN_POINT('',(-47.9902552400029,-5.56151357119493,0.));
#7261=CARTESIAN_POINT('Origin',(-47.6383657308438,-6.09609169770572,0.));
#7262=CARTESIAN_POINT('',(-47.1858173908844,-5.64354335774633,0.));
#7263=CARTESIAN_POINT('Origin',(-47.1858173908844,-5.64354335774633,0.));
#7264=CARTESIAN_POINT('',(-46.8884455484161,-5.94091520021464,0.));
#7265=CARTESIAN_POINT('Origin',(-47.3409938883755,-6.39346354017403,0.));
#7266=CARTESIAN_POINT('',(-47.011369520433,-6.94205061262338,0.));
#7267=CARTESIAN_POINT('Origin',(-47.011369520433,-6.94205061262338,0.));
#7268=CARTESIAN_POINT('',(-47.1863130676551,-7.04716730070211,0.));
#7269=CARTESIAN_POINT('Origin',(-47.7013511425651,-6.19,0.));
#7270=CARTESIAN_POINT('Origin',(-50.,-12.69,0.));
#7271=CARTESIAN_POINT('',(-47.5,-12.69,0.));
#7272=CARTESIAN_POINT('Origin',(-47.5,-12.69,0.));
#7273=CARTESIAN_POINT('',(-47.5,-14.19,0.));
#7274=CARTESIAN_POINT('Origin',(-47.5,-14.19,0.));
#7275=CARTESIAN_POINT('',(-50.,-14.19,0.));
#7276=CARTESIAN_POINT('Origin',(-50.,-14.19,0.));
#7277=CARTESIAN_POINT('',(-50.,-16.19,0.));
#7278=CARTESIAN_POINT('Origin',(-50.,-16.19,0.));
#7279=CARTESIAN_POINT('',(-47.5,-16.19,0.));
#7280=CARTESIAN_POINT('Origin',(-47.5,-16.19,0.));
#7281=CARTESIAN_POINT('Origin',(-50.,-23.19,0.));
#7282=CARTESIAN_POINT('',(-45.29,-23.19,0.));
#7283=CARTESIAN_POINT('Origin',(-45.29,-23.83,0.));
#7284=CARTESIAN_POINT('',(-44.8252419984551,-23.39,0.));
#7285=CARTESIAN_POINT('Origin',(-44.3604839969102,-22.95,0.));
#7286=CARTESIAN_POINT('',(-44.3604839969102,-23.59,0.));
#7287=CARTESIAN_POINT('Origin',(-44.3604839969102,-23.59,0.));
#7288=CARTESIAN_POINT('',(-43.96,-23.59,0.));
#7289=CARTESIAN_POINT('Origin',(-43.96,-23.84,0.));
#7290=CARTESIAN_POINT('',(-43.71,-23.84,0.));
#7291=CARTESIAN_POINT('Origin',(-43.71,-23.84,0.));
#7292=CARTESIAN_POINT('',(-43.71,-25.13,0.));
#7293=CARTESIAN_POINT('Origin',(-44.71,-25.13,0.));
#7294=CARTESIAN_POINT('',(-44.71,-26.13,0.));
#7295=CARTESIAN_POINT('Origin',(-44.71,-26.13,0.));
#7296=CARTESIAN_POINT('',(-45.6629212252857,-26.13,0.));
#7297=CARTESIAN_POINT('Origin',(-45.6629212252857,-25.49,0.));
#7298=CARTESIAN_POINT('',(-46.296794179442,-25.4016536475613,0.));
#7299=CARTESIAN_POINT('Origin',(-46.6137306565201,-25.357480471342,0.));
#7300=CARTESIAN_POINT('',(-46.4172880606889,-25.1048734513621,0.));
#7301=CARTESIAN_POINT('Origin',(-47.51,-26.51,0.));
#7302=CARTESIAN_POINT('',(-47.4642603977565,-24.7305877687319,0.));
#7303=CARTESIAN_POINT('Origin',(-47.472483247598,-25.050482102443,0.));
#7304=CARTESIAN_POINT('',(-47.7455940256775,-24.8837172893174,0.));
#7305=CARTESIAN_POINT('Origin',(-48.2918155818365,-24.5501876630663,0.));
#7306=CARTESIAN_POINT('',(-48.4584822765635,-25.1681053055307,0.));
#7307=CARTESIAN_POINT('Origin',(-48.541815623927,-25.4770641267629,0.));
#7308=CARTESIAN_POINT('',(-48.7679669935549,-25.2506672230397,0.));
#7309=CARTESIAN_POINT('Origin',(-47.51,-26.51,0.));
#7310=CARTESIAN_POINT('',(-49.2895960421913,-26.4720799971381,0.));
#7311=CARTESIAN_POINT('Origin',(-48.9696686638199,-26.4788970763043,0.));
#7312=CARTESIAN_POINT('',(-49.1352317535919,-26.752738021572,0.));
#7313=CARTESIAN_POINT('Origin',(-49.4663579331359,-27.3004199121076,0.));
#7314=CARTESIAN_POINT('',(-48.8477138836465,-27.4643697215961,0.));
#7315=CARTESIAN_POINT('Origin',(-48.5383918589018,-27.5463446263404,0.));
#7316=CARTESIAN_POINT('',(-48.7637928142775,-27.7734886540314,0.));
#7317=CARTESIAN_POINT('Origin',(-47.51,-26.51,0.));
#7318=CARTESIAN_POINT('',(-47.5479200028619,-28.2895960421913,0.));
#7319=CARTESIAN_POINT('Origin',(-47.5411029236957,-27.9696686638199,0.));
#7320=CARTESIAN_POINT('',(-47.267261978428,-28.1352317535919,0.));
#7321=CARTESIAN_POINT('Origin',(-46.7195800878924,-28.4663579331359,0.));
#7322=CARTESIAN_POINT('',(-46.393844976461,-27.9154526443786,0.));
#7323=CARTESIAN_POINT('Origin',(-46.2309774207453,-27.64,0.));
#7324=CARTESIAN_POINT('',(-46.2309774207453,-27.96,0.));
#7325=CARTESIAN_POINT('Origin',(-46.2309774207453,-27.96,0.));
#7326=CARTESIAN_POINT('',(-44.71,-27.96,0.));
#7327=CARTESIAN_POINT('Origin',(-44.71,-28.96,0.));
#7328=CARTESIAN_POINT('Origin',(-44.09,-30.51,0.));
#7329=CARTESIAN_POINT('',(-47.5,-30.51,0.));
#7330=CARTESIAN_POINT('Origin',(-47.5,-26.51,0.));
#7331=CARTESIAN_POINT('Origin',(-51.5,-5.46,0.));
#7332=CARTESIAN_POINT('',(-51.5,-4.,0.));
#7333=CARTESIAN_POINT('Origin',(-47.5,-4.,0.));
#7334=CARTESIAN_POINT('Origin',(-44.77,-3.03349492318233E-15,0.));
#7335=CARTESIAN_POINT('',(0.,0.,0.));
#7336=UNCERTAINTY_MEASURE_WITH_UNIT(LENGTH_MEASURE(0.01),#7342,
'DISTANCE_ACCURACY_VALUE',
'Maximum model space distance between geometric entities at asserted c
onnectivities');
#7337=UNCERTAINTY_MEASURE_WITH_UNIT(LENGTH_MEASURE(0.01),#7342,
'DISTANCE_ACCURACY_VALUE',
'Maximum model space distance between geometric entities at asserted c
onnectivities');
#7338=UNCERTAINTY_MEASURE_WITH_UNIT(LENGTH_MEASURE(0.01),#7342,
'DISTANCE_ACCURACY_VALUE',
'Maximum model space distance between geometric entities at asserted c
onnectivities');
#7339=(
GEOMETRIC_REPRESENTATION_CONTEXT(3)
GLOBAL_UNCERTAINTY_ASSIGNED_CONTEXT((#7336))
GLOBAL_UNIT_ASSIGNED_CONTEXT((#7342,#7344,#7345))
REPRESENTATION_CONTEXT('','3D')
);
#7340=(
GEOMETRIC_REPRESENTATION_CONTEXT(3)
GLOBAL_UNCERTAINTY_ASSIGNED_CONTEXT((#7337))
GLOBAL_UNIT_ASSIGNED_CONTEXT((#7342,#7344,#7345))
REPRESENTATION_CONTEXT('','3D')
);
#7341=(
GEOMETRIC_REPRESENTATION_CONTEXT(3)
GLOBAL_UNCERTAINTY_ASSIGNED_CONTEXT((#7338))
GLOBAL_UNIT_ASSIGNED_CONTEXT((#7342,#7344,#7345))
REPRESENTATION_CONTEXT('','3D')
);
#7342=(
LENGTH_UNIT()
NAMED_UNIT(*)
SI_UNIT(.MILLI.,.METRE.)
);
#7343=(
LENGTH_UNIT()
NAMED_UNIT(*)
SI_UNIT($,.METRE.)
);
#7344=(
NAMED_UNIT(*)
PLANE_ANGLE_UNIT()
SI_UNIT($,.RADIAN.)
);
#7345=(
NAMED_UNIT(*)
SI_UNIT($,.STERADIAN.)
SOLID_ANGLE_UNIT()
);
#7346=SHAPE_DEFINITION_REPRESENTATION(#7348,#7351);
#7347=SHAPE_DEFINITION_REPRESENTATION(#7349,#7352);
#7348=PRODUCT_DEFINITION_SHAPE('',$,#7354);
#7349=PRODUCT_DEFINITION_SHAPE('',$,#7355);
#7350=PRODUCT_DEFINITION_SHAPE($,$,#14);
#7351=SHAPE_REPRESENTATION('',(#4212,#4708),#7339);
#7352=SHAPE_REPRESENTATION('',(#4213),#7340);
#7353=PRODUCT_DEFINITION_CONTEXT('part definition',#7361,'design');
#7354=PRODUCT_DEFINITION('1455L1202','(Unsaved)',#7356,#7353);
#7355=PRODUCT_DEFINITION('L Extrusion 120mm','L Extrusion 120mm',#7357,
#7353);
#7356=PRODUCT_DEFINITION_FORMATION('',$,#7363);
#7357=PRODUCT_DEFINITION_FORMATION('',$,#7364);
#7358=PRODUCT_RELATED_PRODUCT_CATEGORY('(Unsaved)','(Unsaved)',(#7363));
#7359=PRODUCT_RELATED_PRODUCT_CATEGORY('L Extrusion 120mm',
'L Extrusion 120mm',(#7364));
#7360=APPLICATION_PROTOCOL_DEFINITION('international standard',
'automotive_design',2009,#7361);
#7361=APPLICATION_CONTEXT(
'Core Data for Automotive Mechanical Design Process');
#7362=PRODUCT_CONTEXT('part definition',#7361,'mechanical');
#7363=PRODUCT('1455L1202','(Unsaved)',$,(#7362));
#7364=PRODUCT('L Extrusion 120mm','L Extrusion 120mm',$,(#7362));
#7365=PRESENTATION_STYLE_ASSIGNMENT((#7367));
#7366=PRESENTATION_STYLE_ASSIGNMENT((#7368));
#7367=SURFACE_STYLE_USAGE(.BOTH.,#7369);
#7368=SURFACE_STYLE_USAGE(.BOTH.,#7370);
#7369=SURFACE_SIDE_STYLE('',(#7371));
#7370=SURFACE_SIDE_STYLE('',(#7372));
#7371=SURFACE_STYLE_FILL_AREA(#7373);
#7372=SURFACE_STYLE_FILL_AREA(#7374);
#7373=FILL_AREA_STYLE('Steel - Satin',(#7375));
#7374=FILL_AREA_STYLE('Opaque(207,204,209)',(#7376));
#7375=FILL_AREA_STYLE_COLOUR('Steel - Satin',#7377);
#7376=FILL_AREA_STYLE_COLOUR('Opaque(207,204,209)',#7378);
#7377=COLOUR_RGB('Steel - Satin',0.627450980392157,0.627450980392157,0.627450980392157);
#7378=COLOUR_RGB('Opaque(207,204,209)',0.811764705882353,0.8,0.819607843137255);
ENDSEC;
END-ISO-10303-21;
